solid OpenSCAD_Model
  facet normal 0 0 -1
    outer loop
      vertex 0 -6 0
      vertex 15 11 0
      vertex 15 -11 0
    endloop
  endfacet
  facet normal 0 0 -1
    outer loop
      vertex 0 -6 0
      vertex 0 6 0
      vertex 15 11 0
    endloop
  endfacet
  facet normal 0 0 -1
    outer loop
      vertex -15 -11 0
      vertex 0 6 0
      vertex 0 -6 0
    endloop
  endfacet
  facet normal -0 0 -1
    outer loop
      vertex 0 6 0
      vertex -15 -11 0
      vertex -15 11 0
    endloop
  endfacet
  facet normal -0 0 1
    outer loop
      vertex 0 6 8
      vertex 15 -11 8
      vertex 15 11 8
    endloop
  endfacet
  facet normal 0 0 1
    outer loop
      vertex 0 6 8
      vertex 0 -6 8
      vertex 15 -11 8
    endloop
  endfacet
  facet normal 0 0 1
    outer loop
      vertex -15 11 8
      vertex 0 -6 8
      vertex 0 6 8
    endloop
  endfacet
  facet normal 0 0 1
    outer loop
      vertex 0 -6 8
      vertex -15 11 8
      vertex -15 -11 8
    endloop
  endfacet
  facet normal -0.316228 0.948683 0
    outer loop
      vertex 15 11 0
      vertex 0 6 8
      vertex 15 11 8
    endloop
  endfacet
  facet normal -0.316228 0.948683 0
    outer loop
      vertex 0 6 8
      vertex 15 11 0
      vertex 0 6 0
    endloop
  endfacet
  facet normal 0.316228 0.948683 -0
    outer loop
      vertex 0 6 0
      vertex -15 11 8
      vertex 0 6 8
    endloop
  endfacet
  facet normal 0.316228 0.948683 0
    outer loop
      vertex -15 11 8
      vertex 0 6 0
      vertex -15 11 0
    endloop
  endfacet
  facet normal -1 0 0
    outer loop
      vertex -15 -11 0
      vertex -15 11 8
      vertex -15 11 0
    endloop
  endfacet
  facet normal -1 -0 0
    outer loop
      vertex -15 11 8
      vertex -15 -11 0
      vertex -15 -11 8
    endloop
  endfacet
  facet normal 0.316228 -0.948683 0
    outer loop
      vertex -15 -11 0
      vertex 0 -6 8
      vertex -15 -11 8
    endloop
  endfacet
  facet normal 0.316228 -0.948683 0
    outer loop
      vertex 0 -6 8
      vertex -15 -11 0
      vertex 0 -6 0
    endloop
  endfacet
  facet normal -0.316228 -0.948683 0
    outer loop
      vertex 0 -6 0
      vertex 15 -11 8
      vertex 0 -6 8
    endloop
  endfacet
  facet normal -0.316228 -0.948683 -0
    outer loop
      vertex 15 -11 8
      vertex 0 -6 0
      vertex 15 -11 0
    endloop
  endfacet
  facet normal 1 -0 0
    outer loop
      vertex 15 -11 8
      vertex 15 11 0
      vertex 15 11 8
    endloop
  endfacet
  facet normal 1 0 0
    outer loop
      vertex 15 11 0
      vertex 15 -11 8
      vertex 15 -11 0
    endloop
  endfacet
  facet normal 0 0 -1
    outer loop
      vertex 36 -6 0
      vertex 51 11 0
      vertex 51 -11 0
    endloop
  endfacet
  facet normal 0 0 -1
    outer loop
      vertex 36 -6 0
      vertex 36 6 0
      vertex 51 11 0
    endloop
  endfacet
  facet normal 0 0 -1
    outer loop
      vertex 21 -11 0
      vertex 36 6 0
      vertex 36 -6 0
    endloop
  endfacet
  facet normal -0 0 -1
    outer loop
      vertex 36 6 0
      vertex 21 -11 0
      vertex 21 11 0
    endloop
  endfacet
  facet normal -0 0 1
    outer loop
      vertex 36 6 8
      vertex 51 -11 8
      vertex 51 11 8
    endloop
  endfacet
  facet normal 0 0 1
    outer loop
      vertex 36 6 8
      vertex 36 -6 8
      vertex 51 -11 8
    endloop
  endfacet
  facet normal 0 0 1
    outer loop
      vertex 21 11 8
      vertex 36 -6 8
      vertex 36 6 8
    endloop
  endfacet
  facet normal 0 0 1
    outer loop
      vertex 36 -6 8
      vertex 21 11 8
      vertex 21 -11 8
    endloop
  endfacet
  facet normal -0.316228 0.948683 0
    outer loop
      vertex 51 11 0
      vertex 36 6 8
      vertex 51 11 8
    endloop
  endfacet
  facet normal -0.316228 0.948683 0
    outer loop
      vertex 36 6 8
      vertex 51 11 0
      vertex 36 6 0
    endloop
  endfacet
  facet normal 0.316228 0.948683 -0
    outer loop
      vertex 36 6 0
      vertex 21 11 8
      vertex 36 6 8
    endloop
  endfacet
  facet normal 0.316228 0.948683 0
    outer loop
      vertex 21 11 8
      vertex 36 6 0
      vertex 21 11 0
    endloop
  endfacet
  facet normal -1 0 0
    outer loop
      vertex 21 -11 0
      vertex 21 11 8
      vertex 21 11 0
    endloop
  endfacet
  facet normal -1 -0 0
    outer loop
      vertex 21 11 8
      vertex 21 -11 0
      vertex 21 -11 8
    endloop
  endfacet
  facet normal 0.316228 -0.948683 0
    outer loop
      vertex 21 -11 0
      vertex 36 -6 8
      vertex 21 -11 8
    endloop
  endfacet
  facet normal 0.316228 -0.948683 0
    outer loop
      vertex 36 -6 8
      vertex 21 -11 0
      vertex 36 -6 0
    endloop
  endfacet
  facet normal -0.316228 -0.948683 0
    outer loop
      vertex 36 -6 0
      vertex 51 -11 8
      vertex 36 -6 8
    endloop
  endfacet
  facet normal -0.316228 -0.948683 -0
    outer loop
      vertex 51 -11 8
      vertex 36 -6 0
      vertex 51 -11 0
    endloop
  endfacet
  facet normal 1 -0 0
    outer loop
      vertex 51 -11 8
      vertex 51 11 0
      vertex 51 11 8
    endloop
  endfacet
  facet normal 1 0 0
    outer loop
      vertex 51 11 0
      vertex 51 -11 8
      vertex 51 -11 0
    endloop
  endfacet
  facet normal 0 0 -1
    outer loop
      vertex 72 -6 0
      vertex 87 11 0
      vertex 87 -11 0
    endloop
  endfacet
  facet normal 0 0 -1
    outer loop
      vertex 72 -6 0
      vertex 72 6 0
      vertex 87 11 0
    endloop
  endfacet
  facet normal 0 0 -1
    outer loop
      vertex 57 -11 0
      vertex 72 6 0
      vertex 72 -6 0
    endloop
  endfacet
  facet normal -0 0 -1
    outer loop
      vertex 72 6 0
      vertex 57 -11 0
      vertex 57 11 0
    endloop
  endfacet
  facet normal -0 0 1
    outer loop
      vertex 72 6 8
      vertex 87 -11 8
      vertex 87 11 8
    endloop
  endfacet
  facet normal 0 0 1
    outer loop
      vertex 72 6 8
      vertex 72 -6 8
      vertex 87 -11 8
    endloop
  endfacet
  facet normal 0 0 1
    outer loop
      vertex 57 11 8
      vertex 72 -6 8
      vertex 72 6 8
    endloop
  endfacet
  facet normal 0 0 1
    outer loop
      vertex 72 -6 8
      vertex 57 11 8
      vertex 57 -11 8
    endloop
  endfacet
  facet normal -0.316228 0.948683 0
    outer loop
      vertex 87 11 0
      vertex 72 6 8
      vertex 87 11 8
    endloop
  endfacet
  facet normal -0.316228 0.948683 0
    outer loop
      vertex 72 6 8
      vertex 87 11 0
      vertex 72 6 0
    endloop
  endfacet
  facet normal 0.316228 0.948683 -0
    outer loop
      vertex 72 6 0
      vertex 57 11 8
      vertex 72 6 8
    endloop
  endfacet
  facet normal 0.316228 0.948683 0
    outer loop
      vertex 57 11 8
      vertex 72 6 0
      vertex 57 11 0
    endloop
  endfacet
  facet normal -1 0 0
    outer loop
      vertex 57 -11 0
      vertex 57 11 8
      vertex 57 11 0
    endloop
  endfacet
  facet normal -1 -0 0
    outer loop
      vertex 57 11 8
      vertex 57 -11 0
      vertex 57 -11 8
    endloop
  endfacet
  facet normal 0.316228 -0.948683 0
    outer loop
      vertex 57 -11 0
      vertex 72 -6 8
      vertex 57 -11 8
    endloop
  endfacet
  facet normal 0.316228 -0.948683 0
    outer loop
      vertex 72 -6 8
      vertex 57 -11 0
      vertex 72 -6 0
    endloop
  endfacet
  facet normal -0.316228 -0.948683 0
    outer loop
      vertex 72 -6 0
      vertex 87 -11 8
      vertex 72 -6 8
    endloop
  endfacet
  facet normal -0.316228 -0.948683 -0
    outer loop
      vertex 87 -11 8
      vertex 72 -6 0
      vertex 87 -11 0
    endloop
  endfacet
  facet normal 1 -0 0
    outer loop
      vertex 87 -11 8
      vertex 87 11 0
      vertex 87 11 8
    endloop
  endfacet
  facet normal 1 0 0
    outer loop
      vertex 87 11 0
      vertex 87 -11 8
      vertex 87 -11 0
    endloop
  endfacet
  facet normal 0 0 -1
    outer loop
      vertex 108 -6 0
      vertex 123 11 0
      vertex 123 -11 0
    endloop
  endfacet
  facet normal 0 0 -1
    outer loop
      vertex 108 -6 0
      vertex 108 6 0
      vertex 123 11 0
    endloop
  endfacet
  facet normal 0 0 -1
    outer loop
      vertex 93 -11 0
      vertex 108 6 0
      vertex 108 -6 0
    endloop
  endfacet
  facet normal -0 0 -1
    outer loop
      vertex 108 6 0
      vertex 93 -11 0
      vertex 93 11 0
    endloop
  endfacet
  facet normal -0 0 1
    outer loop
      vertex 108 6 8
      vertex 123 -11 8
      vertex 123 11 8
    endloop
  endfacet
  facet normal 0 0 1
    outer loop
      vertex 108 6 8
      vertex 108 -6 8
      vertex 123 -11 8
    endloop
  endfacet
  facet normal 0 0 1
    outer loop
      vertex 93 11 8
      vertex 108 -6 8
      vertex 108 6 8
    endloop
  endfacet
  facet normal 0 0 1
    outer loop
      vertex 108 -6 8
      vertex 93 11 8
      vertex 93 -11 8
    endloop
  endfacet
  facet normal -0.316228 0.948683 0
    outer loop
      vertex 123 11 0
      vertex 108 6 8
      vertex 123 11 8
    endloop
  endfacet
  facet normal -0.316228 0.948683 0
    outer loop
      vertex 108 6 8
      vertex 123 11 0
      vertex 108 6 0
    endloop
  endfacet
  facet normal 0.316228 0.948683 -0
    outer loop
      vertex 108 6 0
      vertex 93 11 8
      vertex 108 6 8
    endloop
  endfacet
  facet normal 0.316228 0.948683 0
    outer loop
      vertex 93 11 8
      vertex 108 6 0
      vertex 93 11 0
    endloop
  endfacet
  facet normal -1 0 0
    outer loop
      vertex 93 -11 0
      vertex 93 11 8
      vertex 93 11 0
    endloop
  endfacet
  facet normal -1 -0 0
    outer loop
      vertex 93 11 8
      vertex 93 -11 0
      vertex 93 -11 8
    endloop
  endfacet
  facet normal 0.316228 -0.948683 0
    outer loop
      vertex 93 -11 0
      vertex 108 -6 8
      vertex 93 -11 8
    endloop
  endfacet
  facet normal 0.316228 -0.948683 0
    outer loop
      vertex 108 -6 8
      vertex 93 -11 0
      vertex 108 -6 0
    endloop
  endfacet
  facet normal -0.316228 -0.948683 0
    outer loop
      vertex 108 -6 0
      vertex 123 -11 8
      vertex 108 -6 8
    endloop
  endfacet
  facet normal -0.316228 -0.948683 -0
    outer loop
      vertex 123 -11 8
      vertex 108 -6 0
      vertex 123 -11 0
    endloop
  endfacet
  facet normal 1 -0 0
    outer loop
      vertex 123 -11 8
      vertex 123 11 0
      vertex 123 11 8
    endloop
  endfacet
  facet normal 1 0 0
    outer loop
      vertex 123 11 0
      vertex 123 -11 8
      vertex 123 -11 0
    endloop
  endfacet
  facet normal 0 0 -1
    outer loop
      vertex 144 -6 0
      vertex 159 11 0
      vertex 159 -11 0
    endloop
  endfacet
  facet normal 0 0 -1
    outer loop
      vertex 144 -6 0
      vertex 144 6 0
      vertex 159 11 0
    endloop
  endfacet
  facet normal 0 0 -1
    outer loop
      vertex 129 -11 0
      vertex 144 6 0
      vertex 144 -6 0
    endloop
  endfacet
  facet normal -0 0 -1
    outer loop
      vertex 144 6 0
      vertex 129 -11 0
      vertex 129 11 0
    endloop
  endfacet
  facet normal -0 0 1
    outer loop
      vertex 144 6 8
      vertex 159 -11 8
      vertex 159 11 8
    endloop
  endfacet
  facet normal 0 0 1
    outer loop
      vertex 144 6 8
      vertex 144 -6 8
      vertex 159 -11 8
    endloop
  endfacet
  facet normal 0 0 1
    outer loop
      vertex 129 11 8
      vertex 144 -6 8
      vertex 144 6 8
    endloop
  endfacet
  facet normal 0 0 1
    outer loop
      vertex 144 -6 8
      vertex 129 11 8
      vertex 129 -11 8
    endloop
  endfacet
  facet normal -0.316228 0.948683 0
    outer loop
      vertex 159 11 0
      vertex 144 6 8
      vertex 159 11 8
    endloop
  endfacet
  facet normal -0.316228 0.948683 0
    outer loop
      vertex 144 6 8
      vertex 159 11 0
      vertex 144 6 0
    endloop
  endfacet
  facet normal 0.316228 0.948683 -0
    outer loop
      vertex 144 6 0
      vertex 129 11 8
      vertex 144 6 8
    endloop
  endfacet
  facet normal 0.316228 0.948683 0
    outer loop
      vertex 129 11 8
      vertex 144 6 0
      vertex 129 11 0
    endloop
  endfacet
  facet normal -1 0 0
    outer loop
      vertex 129 -11 0
      vertex 129 11 8
      vertex 129 11 0
    endloop
  endfacet
  facet normal -1 -0 0
    outer loop
      vertex 129 11 8
      vertex 129 -11 0
      vertex 129 -11 8
    endloop
  endfacet
  facet normal 0.316228 -0.948683 0
    outer loop
      vertex 129 -11 0
      vertex 144 -6 8
      vertex 129 -11 8
    endloop
  endfacet
  facet normal 0.316228 -0.948683 0
    outer loop
      vertex 144 -6 8
      vertex 129 -11 0
      vertex 144 -6 0
    endloop
  endfacet
  facet normal -0.316228 -0.948683 0
    outer loop
      vertex 144 -6 0
      vertex 159 -11 8
      vertex 144 -6 8
    endloop
  endfacet
  facet normal -0.316228 -0.948683 -0
    outer loop
      vertex 159 -11 8
      vertex 144 -6 0
      vertex 159 -11 0
    endloop
  endfacet
  facet normal 1 -0 0
    outer loop
      vertex 159 -11 8
      vertex 159 11 0
      vertex 159 11 8
    endloop
  endfacet
  facet normal 1 0 0
    outer loop
      vertex 159 11 0
      vertex 159 -11 8
      vertex 159 -11 0
    endloop
  endfacet
  facet normal 0 0 -1
    outer loop
      vertex 180 -6 0
      vertex 195 11 0
      vertex 195 -11 0
    endloop
  endfacet
  facet normal 0 0 -1
    outer loop
      vertex 180 -6 0
      vertex 180 6 0
      vertex 195 11 0
    endloop
  endfacet
  facet normal 0 0 -1
    outer loop
      vertex 165 -11 0
      vertex 180 6 0
      vertex 180 -6 0
    endloop
  endfacet
  facet normal -0 0 -1
    outer loop
      vertex 180 6 0
      vertex 165 -11 0
      vertex 165 11 0
    endloop
  endfacet
  facet normal -0 0 1
    outer loop
      vertex 180 6 8
      vertex 195 -11 8
      vertex 195 11 8
    endloop
  endfacet
  facet normal 0 0 1
    outer loop
      vertex 180 6 8
      vertex 180 -6 8
      vertex 195 -11 8
    endloop
  endfacet
  facet normal 0 0 1
    outer loop
      vertex 165 11 8
      vertex 180 -6 8
      vertex 180 6 8
    endloop
  endfacet
  facet normal 0 0 1
    outer loop
      vertex 180 -6 8
      vertex 165 11 8
      vertex 165 -11 8
    endloop
  endfacet
  facet normal -0.316228 0.948683 0
    outer loop
      vertex 195 11 0
      vertex 180 6 8
      vertex 195 11 8
    endloop
  endfacet
  facet normal -0.316228 0.948683 0
    outer loop
      vertex 180 6 8
      vertex 195 11 0
      vertex 180 6 0
    endloop
  endfacet
  facet normal 0.316228 0.948683 -0
    outer loop
      vertex 180 6 0
      vertex 165 11 8
      vertex 180 6 8
    endloop
  endfacet
  facet normal 0.316228 0.948683 0
    outer loop
      vertex 165 11 8
      vertex 180 6 0
      vertex 165 11 0
    endloop
  endfacet
  facet normal -1 0 0
    outer loop
      vertex 165 -11 0
      vertex 165 11 8
      vertex 165 11 0
    endloop
  endfacet
  facet normal -1 -0 0
    outer loop
      vertex 165 11 8
      vertex 165 -11 0
      vertex 165 -11 8
    endloop
  endfacet
  facet normal 0.316228 -0.948683 0
    outer loop
      vertex 165 -11 0
      vertex 180 -6 8
      vertex 165 -11 8
    endloop
  endfacet
  facet normal 0.316228 -0.948683 0
    outer loop
      vertex 180 -6 8
      vertex 165 -11 0
      vertex 180 -6 0
    endloop
  endfacet
  facet normal -0.316228 -0.948683 0
    outer loop
      vertex 180 -6 0
      vertex 195 -11 8
      vertex 180 -6 8
    endloop
  endfacet
  facet normal -0.316228 -0.948683 -0
    outer loop
      vertex 195 -11 8
      vertex 180 -6 0
      vertex 195 -11 0
    endloop
  endfacet
  facet normal 1 -0 0
    outer loop
      vertex 195 -11 8
      vertex 195 11 0
      vertex 195 11 8
    endloop
  endfacet
  facet normal 1 0 0
    outer loop
      vertex 195 11 0
      vertex 195 -11 8
      vertex 195 -11 0
    endloop
  endfacet
  facet normal -0.706024 0.165311 0.688624
    outer loop
      vertex -15 19.7416 4.35386
      vertex -15 19.3754 4.44177
      vertex -14.4 19.9271 4.92449
    endloop
  endfacet
  facet normal -0.706014 -0.0555746 0.706014
    outer loop
      vertex -15 19 4.47132
      vertex -15 18.6246 4.44177
      vertex -14.4 19 5.07132
    endloop
  endfacet
  facet normal -0.706032 0.27102 0.654268
    outer loop
      vertex -14.4 20.362 4.74434
      vertex -15 19.7416 4.35386
      vertex -14.4 19.9271 4.92449
    endloop
  endfacet
  facet normal -0.706048 -0.654232 -0.271067
    outer loop
      vertex -14.4 16.1468 1.14427
      vertex -15 16.7175 1.32968
      vertex -14.4 16.327 0.709349
    endloop
  endfacet
  facet normal -0.706058 0.688552 -0.165463
    outer loop
      vertex -14.4 21.8532 1.14427
      vertex -15 21.2825 1.32968
      vertex -15 21.3705 1.69588
    endloop
  endfacet
  facet normal -0.70599 0.46 0.538495
    outer loop
      vertex -14.4 21.1213 4.19264
      vertex -15 20.6971 3.76838
      vertex -14.4 20.7634 4.49837
    endloop
  endfacet
  facet normal -0.706011 0.654305 -0.270985
    outer loop
      vertex -14.4 21.673 0.709349
      vertex -15 21.1384 0.981744
      vertex -15 21.2825 1.32968
    endloop
  endfacet
  facet normal -0.706011 0.538457 -0.460014
    outer loop
      vertex -14.4707 21.0713 0
      vertex -14.4 21.4271 0.307965
      vertex -14.4 21.164 0
    endloop
  endfacet
  facet normal -0.705979 0.538475 -0.460041
    outer loop
      vertex -14.4 21.4271 0.307965
      vertex -14.4707 21.0713 0
      vertex -15 20.6971 0.374265
    endloop
  endfacet
  facet normal -0.706018 0.706018 -0.055475
    outer loop
      vertex -14.4 22 2.07132
      vertex -15 21.3705 1.69588
      vertex -15 21.4 2.07132
    endloop
  endfacet
  facet normal -0.70601 -0.654308 0.270983
    outer loop
      vertex -15 16.8616 3.1609
      vertex -15 16.7175 2.81296
      vertex -14.4 16.327 3.43329
    endloop
  endfacet
  facet normal -0.70598 0.370074 -0.603853
    outer loop
      vertex -14.8397 20.5049 0
      vertex -15 20.1991 0
      vertex -15 20.4107 0.12968
    endloop
  endfacet
  facet normal -0.706007 -0.688636 -0.165333
    outer loop
      vertex -14.4 16.0369 1.60202
      vertex -15 16.6295 1.69588
      vertex -14.4 16.1468 1.14427
    endloop
  endfacet
  facet normal -0.706015 0.0555724 0.706013
    outer loop
      vertex -14.4 19.4693 5.03438
      vertex -15 19.3754 4.44177
      vertex -14.4 19 5.07132
    endloop
  endfacet
  facet normal -0.706011 -0.538457 -0.460014
    outer loop
      vertex -14.4 16.5729 0.307965
      vertex -14.4707 16.9287 0
      vertex -14.4 16.836 0
    endloop
  endfacet
  facet normal -0.705979 -0.538475 -0.460041
    outer loop
      vertex -14.4707 16.9287 0
      vertex -14.4 16.5729 0.307965
      vertex -15 17.3029 0.374265
    endloop
  endfacet
  facet normal -0.705978 0.459934 -0.538568
    outer loop
      vertex -14.6924 20.731 0
      vertex -15 20.6971 0.374265
      vertex -14.4707 21.0713 0
    endloop
  endfacet
  facet normal -0.706058 0.688552 0.165463
    outer loop
      vertex -15 21.3705 2.44676
      vertex -15 21.2825 2.81296
      vertex -14.4 21.8532 2.99837
    endloop
  endfacet
  facet normal -0.706011 -0.654305 -0.270985
    outer loop
      vertex -14.4 16.327 0.709349
      vertex -15 16.7175 1.32968
      vertex -15 16.8616 0.981744
    endloop
  endfacet
  facet normal -0.705987 0.538484 0.460019
    outer loop
      vertex -14.4 21.4271 3.83468
      vertex -15 20.6971 3.76838
      vertex -14.4 21.1213 4.19264
    endloop
  endfacet
  facet normal -0.706019 -0.165299 0.688632
    outer loop
      vertex -14.4 18.5307 5.03438
      vertex -15 18.6246 4.44177
      vertex -14.4 18.0729 4.92449
    endloop
  endfacet
  facet normal -0.706005 -0.706028 -0.0555134
    outer loop
      vertex -14.4 16 2.07132
      vertex -15 16.6295 1.69588
      vertex -14.4 16.0369 1.60202
    endloop
  endfacet
  facet normal -0.705978 -0.459934 -0.538568
    outer loop
      vertex -14.4707 16.9287 0
      vertex -15 17.3029 0.374265
      vertex -14.6924 17.269 0
    endloop
  endfacet
  facet normal -0.706016 0.603882 -0.369956
    outer loop
      vertex -14.4 21.4271 0.307965
      vertex -15 21.1384 0.981744
      vertex -14.4 21.673 0.709349
    endloop
  endfacet
  facet normal -0.706059 -0.538561 -0.459817
    outer loop
      vertex -14.4 16.5729 0.307965
      vertex -15 17.0584 0.660636
      vertex -15 17.3029 0.374265
    endloop
  endfacet
  facet normal -0.706027 -0.459898 0.538535
    outer loop
      vertex -15 17.5893 4.01296
      vertex -15 17.3029 3.76838
      vertex -14.4 17.2366 4.49837
    endloop
  endfacet
  facet normal -0.70599 -0.46 0.538495
    outer loop
      vertex -14.4 17.2366 4.49837
      vertex -15 17.3029 3.76838
      vertex -14.4 16.8787 4.19264
    endloop
  endfacet
  facet normal -0.706005 0.706028 -0.0555134
    outer loop
      vertex -14.4 21.9631 1.60202
      vertex -15 21.3705 1.69588
      vertex -14.4 22 2.07132
    endloop
  endfacet
  facet normal -0.706014 0.0555746 0.706014
    outer loop
      vertex -15 19.3754 4.44177
      vertex -15 19 4.47132
      vertex -14.4 19 5.07132
    endloop
  endfacet
  facet normal -0.706012 0.270974 0.654309
    outer loop
      vertex -15 20.0896 4.20974
      vertex -15 19.7416 4.35386
      vertex -14.4 20.362 4.74434
    endloop
  endfacet
  facet normal -0.706005 -0.706028 0.0555134
    outer loop
      vertex -14.4 16.0369 2.54062
      vertex -15 16.6295 2.44676
      vertex -14.4 16 2.07132
    endloop
  endfacet
  facet normal -0.706061 -0.603777 -0.370042
    outer loop
      vertex -14.4 16.5729 0.307965
      vertex -15 16.8616 0.981744
      vertex -15 17.0584 0.660636
    endloop
  endfacet
  facet normal -0.706063 -0.538566 0.459806
    outer loop
      vertex -15 17.3029 3.76838
      vertex -15 17.0584 3.482
      vertex -14.4 16.5729 3.83468
    endloop
  endfacet
  facet normal -0.706024 -0.37004 0.603822
    outer loop
      vertex -15 17.9104 4.20974
      vertex -15 17.5893 4.01296
      vertex -14.4 17.2366 4.49837
    endloop
  endfacet
  facet normal -0.706027 0.459898 0.538535
    outer loop
      vertex -15 20.6971 3.76838
      vertex -15 20.4107 4.01296
      vertex -14.4 20.7634 4.49837
    endloop
  endfacet
  facet normal -0.706007 0.688636 -0.165333
    outer loop
      vertex -14.4 21.8532 1.14427
      vertex -15 21.3705 1.69588
      vertex -14.4 21.9631 1.60202
    endloop
  endfacet
  facet normal -0.706061 0.603777 -0.370042
    outer loop
      vertex -14.4 21.4271 0.307965
      vertex -15 20.9416 0.660636
      vertex -15 21.1384 0.981744
    endloop
  endfacet
  facet normal -0.706016 -0.603882 -0.369956
    outer loop
      vertex -14.4 16.327 0.709349
      vertex -15 16.8616 0.981744
      vertex -14.4 16.5729 0.307965
    endloop
  endfacet
  facet normal -0.706048 0.654232 -0.271067
    outer loop
      vertex -14.4 21.673 0.709349
      vertex -15 21.2825 1.32968
      vertex -14.4 21.8532 1.14427
    endloop
  endfacet
  facet normal -0.706018 0.706018 0.055475
    outer loop
      vertex -15 21.4 2.07132
      vertex -15 21.3705 2.44676
      vertex -14.4 22 2.07132
    endloop
  endfacet
  facet normal -0.706048 -0.654232 0.271067
    outer loop
      vertex -14.4 16.327 3.43329
      vertex -15 16.7175 2.81296
      vertex -14.4 16.1468 2.99837
    endloop
  endfacet
  facet normal -0.706064 0.60377 0.370047
    outer loop
      vertex -15 21.1384 3.1609
      vertex -15 20.9416 3.482
      vertex -14.4 21.4271 3.83468
    endloop
  endfacet
  facet normal -0.706058 -0.688552 -0.165463
    outer loop
      vertex -14.4 16.1468 1.14427
      vertex -15 16.6295 1.69588
      vertex -15 16.7175 1.32968
    endloop
  endfacet
  facet normal -0.705987 -0.538484 0.460019
    outer loop
      vertex -14.4 16.8787 4.19264
      vertex -15 17.3029 3.76838
      vertex -14.4 16.5729 3.83468
    endloop
  endfacet
  facet normal -0.70598 -0.370074 -0.603853
    outer loop
      vertex -14.8397 17.4951 0
      vertex -15 17.5893 0.12968
      vertex -15 17.8009 0
    endloop
  endfacet
  facet normal -0.706063 0.538566 0.459806
    outer loop
      vertex -15 20.9416 3.482
      vertex -15 20.6971 3.76838
      vertex -14.4 21.4271 3.83468
    endloop
  endfacet
  facet normal -0.706015 0.603886 0.369953
    outer loop
      vertex -14.4 21.673 3.43329
      vertex -15 21.1384 3.1609
      vertex -14.4 21.4271 3.83468
    endloop
  endfacet
  facet normal -0.706015 0.370023 0.603843
    outer loop
      vertex -14.4 20.7634 4.49837
      vertex -15 20.0896 4.20974
      vertex -14.4 20.362 4.74434
    endloop
  endfacet
  facet normal -0.706024 -0.165311 0.688624
    outer loop
      vertex -15 18.6246 4.44177
      vertex -15 18.2584 4.35386
      vertex -14.4 18.0729 4.92449
    endloop
  endfacet
  facet normal -0.706015 -0.370023 0.603843
    outer loop
      vertex -14.4 17.638 4.74434
      vertex -15 17.9104 4.20974
      vertex -14.4 17.2366 4.49837
    endloop
  endfacet
  facet normal -0.706048 0.654232 0.271067
    outer loop
      vertex -14.4 21.8532 2.99837
      vertex -15 21.2825 2.81296
      vertex -14.4 21.673 3.43329
    endloop
  endfacet
  facet normal -0.706018 -0.706018 -0.055475
    outer loop
      vertex -14.4 16 2.07132
      vertex -15 16.6 2.07132
      vertex -15 16.6295 1.69588
    endloop
  endfacet
  facet normal -0.706064 -0.60377 0.370047
    outer loop
      vertex -15 17.0584 3.482
      vertex -15 16.8616 3.1609
      vertex -14.4 16.5729 3.83468
    endloop
  endfacet
  facet normal -0.705979 0.459932 -0.538569
    outer loop
      vertex -14.8397 20.5049 0
      vertex -15 20.6971 0.374265
      vertex -14.6924 20.731 0
    endloop
  endfacet
  facet normal -0.705975 0.459937 -0.53857
    outer loop
      vertex -15 20.6971 0.374265
      vertex -14.8397 20.5049 0
      vertex -15 20.4107 0.12968
    endloop
  endfacet
  facet normal -0.706058 -0.688552 0.165463
    outer loop
      vertex -15 16.7175 2.81296
      vertex -15 16.6295 2.44676
      vertex -14.4 16.1468 2.99837
    endloop
  endfacet
  facet normal -0.706032 -0.27102 0.654268
    outer loop
      vertex -14.4 18.0729 4.92449
      vertex -15 18.2584 4.35386
      vertex -14.4 17.638 4.74434
    endloop
  endfacet
  facet normal -0.706059 0.538561 -0.459817
    outer loop
      vertex -14.4 21.4271 0.307965
      vertex -15 20.6971 0.374265
      vertex -15 20.9416 0.660636
    endloop
  endfacet
  facet normal -0.705975 -0.459937 -0.53857
    outer loop
      vertex -14.8397 17.4951 0
      vertex -15 17.3029 0.374265
      vertex -15 17.5893 0.12968
    endloop
  endfacet
  facet normal -0.705979 -0.459932 -0.538569
    outer loop
      vertex -15 17.3029 0.374265
      vertex -14.8397 17.4951 0
      vertex -14.6924 17.269 0
    endloop
  endfacet
  facet normal -0.706007 -0.688636 0.165333
    outer loop
      vertex -14.4 16.1468 2.99837
      vertex -15 16.6295 2.44676
      vertex -14.4 16.0369 2.54062
    endloop
  endfacet
  facet normal -0.706012 -0.270974 0.654309
    outer loop
      vertex -15 18.2584 4.35386
      vertex -15 17.9104 4.20974
      vertex -14.4 17.638 4.74434
    endloop
  endfacet
  facet normal -0.706019 0.165299 0.688632
    outer loop
      vertex -14.4 19.9271 4.92449
      vertex -15 19.3754 4.44177
      vertex -14.4 19.4693 5.03438
    endloop
  endfacet
  facet normal -0.706015 -0.0555724 0.706013
    outer loop
      vertex -14.4 19 5.07132
      vertex -15 18.6246 4.44177
      vertex -14.4 18.5307 5.03438
    endloop
  endfacet
  facet normal -0.706024 0.37004 0.603822
    outer loop
      vertex -15 20.4107 4.01296
      vertex -15 20.0896 4.20974
      vertex -14.4 20.7634 4.49837
    endloop
  endfacet
  facet normal -1 0 0
    outer loop
      vertex -15 21.3705 1.69588
      vertex -15 21.3705 2.44676
      vertex -15 21.4 2.07132
    endloop
  endfacet
  facet normal -1 0 0
    outer loop
      vertex -15 21.2825 1.32968
      vertex -15 21.3705 2.44676
      vertex -15 21.3705 1.69588
    endloop
  endfacet
  facet normal -1 0 0
    outer loop
      vertex -15 21.2825 1.32968
      vertex -15 21.2825 2.81296
      vertex -15 21.3705 2.44676
    endloop
  endfacet
  facet normal -1 0 0
    outer loop
      vertex -15 21.1384 0.981744
      vertex -15 21.2825 2.81296
      vertex -15 21.2825 1.32968
    endloop
  endfacet
  facet normal -1 0 0
    outer loop
      vertex -15 21.1384 0.981744
      vertex -15 21.1384 3.1609
      vertex -15 21.2825 2.81296
    endloop
  endfacet
  facet normal -1 0 0
    outer loop
      vertex -15 20.9416 0.660636
      vertex -15 21.1384 3.1609
      vertex -15 21.1384 0.981744
    endloop
  endfacet
  facet normal -1 0 0
    outer loop
      vertex -15 20.9416 0.660636
      vertex -15 20.9416 3.482
      vertex -15 21.1384 3.1609
    endloop
  endfacet
  facet normal -1 0 0
    outer loop
      vertex -15 20.6971 0.374265
      vertex -15 20.9416 3.482
      vertex -15 20.9416 0.660636
    endloop
  endfacet
  facet normal -1 0 0
    outer loop
      vertex -15 20.6971 0.374265
      vertex -15 20.6971 3.76838
      vertex -15 20.9416 3.482
    endloop
  endfacet
  facet normal -1 0 0
    outer loop
      vertex -15 20.1991 0
      vertex -15 20.6971 0.374265
      vertex -15 20.4107 0.12968
    endloop
  endfacet
  facet normal -1 -0 0
    outer loop
      vertex -15 20.6971 0.374265
      vertex -15 20.1991 0
      vertex -15 20.6971 3.76838
    endloop
  endfacet
  facet normal -1 -0 0
    outer loop
      vertex -15 20.6971 3.76838
      vertex -15 20.1991 0
      vertex -15 20.4107 4.01296
    endloop
  endfacet
  facet normal -1 0 0
    outer loop
      vertex -15 20.1991 0
      vertex -15 20.0896 4.20974
      vertex -15 20.4107 4.01296
    endloop
  endfacet
  facet normal -1 0 0
    outer loop
      vertex -15 20.1991 0
      vertex -15 19.7416 4.35386
      vertex -15 20.0896 4.20974
    endloop
  endfacet
  facet normal -1 0 0
    outer loop
      vertex -15 20.1991 0
      vertex -15 19.3754 4.44177
      vertex -15 19.7416 4.35386
    endloop
  endfacet
  facet normal -1 0 0
    outer loop
      vertex -15 20.1991 0
      vertex -15 19 4.47132
      vertex -15 19.3754 4.44177
    endloop
  endfacet
  facet normal -1 0 0
    outer loop
      vertex -15 20.1991 0
      vertex -15 18.6246 4.44177
      vertex -15 19 4.47132
    endloop
  endfacet
  facet normal -1 0 0
    outer loop
      vertex -15 20.1991 0
      vertex -15 18.2584 4.35386
      vertex -15 18.6246 4.44177
    endloop
  endfacet
  facet normal -1 0 0
    outer loop
      vertex -15 20.1991 0
      vertex -15 17.9104 4.20974
      vertex -15 18.2584 4.35386
    endloop
  endfacet
  facet normal -1 0 0
    outer loop
      vertex -15 17.8009 0
      vertex -15 17.9104 4.20974
      vertex -15 20.1991 0
    endloop
  endfacet
  facet normal -1 0 0
    outer loop
      vertex -15 17.3029 0.374265
      vertex -15 17.8009 0
      vertex -15 17.5893 0.12968
    endloop
  endfacet
  facet normal -1 0 0
    outer loop
      vertex -15 17.8009 0
      vertex -15 17.5893 4.01296
      vertex -15 17.9104 4.20974
    endloop
  endfacet
  facet normal -1 0 0
    outer loop
      vertex -15 17.8009 0
      vertex -15 17.3029 0.374265
      vertex -15 17.5893 4.01296
    endloop
  endfacet
  facet normal -1 0 0
    outer loop
      vertex -15 17.3029 0.374265
      vertex -15 17.3029 3.76838
      vertex -15 17.5893 4.01296
    endloop
  endfacet
  facet normal -1 0 0
    outer loop
      vertex -15 17.0584 0.660636
      vertex -15 17.3029 3.76838
      vertex -15 17.3029 0.374265
    endloop
  endfacet
  facet normal -1 0 0
    outer loop
      vertex -15 17.0584 0.660636
      vertex -15 17.0584 3.482
      vertex -15 17.3029 3.76838
    endloop
  endfacet
  facet normal -1 0 0
    outer loop
      vertex -15 16.8616 0.981744
      vertex -15 17.0584 3.482
      vertex -15 17.0584 0.660636
    endloop
  endfacet
  facet normal -1 0 0
    outer loop
      vertex -15 16.8616 0.981744
      vertex -15 16.8616 3.1609
      vertex -15 17.0584 3.482
    endloop
  endfacet
  facet normal -1 0 0
    outer loop
      vertex -15 16.7175 1.32968
      vertex -15 16.8616 3.1609
      vertex -15 16.8616 0.981744
    endloop
  endfacet
  facet normal -1 0 0
    outer loop
      vertex -15 16.7175 1.32968
      vertex -15 16.7175 2.81296
      vertex -15 16.8616 3.1609
    endloop
  endfacet
  facet normal -1 0 0
    outer loop
      vertex -15 16.6295 1.69588
      vertex -15 16.7175 2.81296
      vertex -15 16.7175 1.32968
    endloop
  endfacet
  facet normal -1 0 0
    outer loop
      vertex -15 16.6295 1.69588
      vertex -15 16.6295 2.44676
      vertex -15 16.7175 2.81296
    endloop
  endfacet
  facet normal -1 0 -0
    outer loop
      vertex -15 16.6295 2.44676
      vertex -15 16.6295 1.69588
      vertex -15 16.6 2.07132
    endloop
  endfacet
  facet normal -0.706007 0.688636 0.165333
    outer loop
      vertex -14.4 21.9631 2.54062
      vertex -15 21.3705 2.44676
      vertex -14.4 21.8532 2.99837
    endloop
  endfacet
  facet normal -0.706005 0.706028 0.0555134
    outer loop
      vertex -14.4 22 2.07132
      vertex -15 21.3705 2.44676
      vertex -14.4 21.9631 2.54062
    endloop
  endfacet
  facet normal -0.706015 -0.603886 0.369953
    outer loop
      vertex -14.4 16.5729 3.83468
      vertex -15 16.8616 3.1609
      vertex -14.4 16.327 3.43329
    endloop
  endfacet
  facet normal -0.706018 -0.706018 0.055475
    outer loop
      vertex -15 16.6295 2.44676
      vertex -15 16.6 2.07132
      vertex -14.4 16 2.07132
    endloop
  endfacet
  facet normal -0.70601 0.654308 0.270983
    outer loop
      vertex -15 21.2825 2.81296
      vertex -15 21.1384 3.1609
      vertex -14.4 21.673 3.43329
    endloop
  endfacet
  facet normal -0 0.382699 0.923873
    outer loop
      vertex -14.4 20.362 4.74434
      vertex 13.4 19.9271 4.92449
      vertex 13.4 20.362 4.74434
    endloop
  endfacet
  facet normal 0 0.382699 0.923873
    outer loop
      vertex 13.4 19.9271 4.92449
      vertex -14.4 20.362 4.74434
      vertex -14.4 19.9271 4.92449
    endloop
  endfacet
  facet normal 0 -0.852705 -0.522393
    outer loop
      vertex -14.4 16.5729 0.307965
      vertex 13.4 16.327 0.709349
      vertex -14.4 16.327 0.709349
    endloop
  endfacet
  facet normal 0 -0.852705 -0.522393
    outer loop
      vertex 13.4 16.327 0.709349
      vertex -14.4 16.5729 0.307965
      vertex 13.4 16.5729 0.307965
    endloop
  endfacet
  facet normal 0 -0.923842 -0.382774
    outer loop
      vertex -14.4 16.327 0.709349
      vertex 13.4 16.1468 1.14427
      vertex -14.4 16.1468 1.14427
    endloop
  endfacet
  facet normal 0 -0.923842 -0.382774
    outer loop
      vertex 13.4 16.1468 1.14427
      vertex -14.4 16.327 0.709349
      vertex 13.4 16.327 0.709349
    endloop
  endfacet
  facet normal 0 0.923842 0.382775
    outer loop
      vertex 13.4 21.8532 2.99837
      vertex -14.4 21.673 3.43329
      vertex 13.4 21.673 3.43329
    endloop
  endfacet
  facet normal 0 0.923842 0.382775
    outer loop
      vertex -14.4 21.673 3.43329
      vertex 13.4 21.8532 2.99837
      vertex -14.4 21.8532 2.99837
    endloop
  endfacet
  facet normal 0 -0.923842 0.382775
    outer loop
      vertex -14.4 16.1468 2.99837
      vertex 13.4 16.327 3.43329
      vertex -14.4 16.327 3.43329
    endloop
  endfacet
  facet normal 0 -0.923842 0.382775
    outer loop
      vertex 13.4 16.327 3.43329
      vertex -14.4 16.1468 2.99837
      vertex 13.4 16.1468 2.99837
    endloop
  endfacet
  facet normal 0 0.852708 0.522387
    outer loop
      vertex 13.4 21.673 3.43329
      vertex -14.4 21.4271 3.83468
      vertex 13.4 21.4271 3.83468
    endloop
  endfacet
  facet normal 0 0.852708 0.522387
    outer loop
      vertex -14.4 21.4271 3.83468
      vertex 13.4 21.673 3.43329
      vertex -14.4 21.673 3.43329
    endloop
  endfacet
  facet normal 0 0.760317 -0.649552
    outer loop
      vertex 13.4 21.164 0
      vertex -14.4 21.4271 0.307965
      vertex 13.4 21.4271 0.307965
    endloop
  endfacet
  facet normal 0 0.760317 -0.649552
    outer loop
      vertex -14.4 21.4271 0.307965
      vertex 13.4 21.164 0
      vertex -14.4 21.164 0
    endloop
  endfacet
  facet normal 0 0.972368 0.233453
    outer loop
      vertex 13.4 21.9631 2.54062
      vertex -14.4 21.8532 2.99837
      vertex 13.4 21.8532 2.99837
    endloop
  endfacet
  facet normal 0 0.972368 0.233453
    outer loop
      vertex -14.4 21.8532 2.99837
      vertex 13.4 21.9631 2.54062
      vertex -14.4 21.9631 2.54062
    endloop
  endfacet
  facet normal 0 -0.382699 0.923873
    outer loop
      vertex -14.4 18.0729 4.92449
      vertex 13.4 17.638 4.74434
      vertex 13.4 18.0729 4.92449
    endloop
  endfacet
  facet normal 0 -0.382699 0.923873
    outer loop
      vertex 13.4 17.638 4.74434
      vertex -14.4 18.0729 4.92449
      vertex -14.4 17.638 4.74434
    endloop
  endfacet
  facet normal 0 0.996923 0.0783858
    outer loop
      vertex 13.4 22 2.07132
      vertex -14.4 21.9631 2.54062
      vertex 13.4 21.9631 2.54062
    endloop
  endfacet
  facet normal 0 0.996923 0.0783858
    outer loop
      vertex -14.4 21.9631 2.54062
      vertex 13.4 22 2.07132
      vertex -14.4 22 2.07132
    endloop
  endfacet
  facet normal 0 -0.972368 0.233453
    outer loop
      vertex -14.4 16.0369 2.54062
      vertex 13.4 16.1468 2.99837
      vertex -14.4 16.1468 2.99837
    endloop
  endfacet
  facet normal 0 -0.972368 0.233453
    outer loop
      vertex 13.4 16.1468 2.99837
      vertex -14.4 16.0369 2.54062
      vertex 13.4 16.0369 2.54062
    endloop
  endfacet
  facet normal 0 -0.649515 0.760349
    outer loop
      vertex -14.4 17.2366 4.49837
      vertex 13.4 16.8787 4.19264
      vertex 13.4 17.2366 4.49837
    endloop
  endfacet
  facet normal 0 -0.649515 0.760349
    outer loop
      vertex 13.4 16.8787 4.19264
      vertex -14.4 17.2366 4.49837
      vertex -14.4 16.8787 4.19264
    endloop
  endfacet
  facet normal 0 0.760329 0.649538
    outer loop
      vertex 13.4 21.4271 3.83468
      vertex -14.4 21.1213 4.19264
      vertex 13.4 21.1213 4.19264
    endloop
  endfacet
  facet normal 0 0.760329 0.649538
    outer loop
      vertex -14.4 21.1213 4.19264
      vertex 13.4 21.4271 3.83468
      vertex -14.4 21.4271 3.83468
    endloop
  endfacet
  facet normal 0 -0.996923 -0.0783858
    outer loop
      vertex -14.4 16.0369 1.60202
      vertex 13.4 16 2.07132
      vertex -14.4 16 2.07132
    endloop
  endfacet
  facet normal 0 -0.996923 -0.0783858
    outer loop
      vertex 13.4 16 2.07132
      vertex -14.4 16.0369 1.60202
      vertex 13.4 16.0369 1.60202
    endloop
  endfacet
  facet normal 0 -0.760329 0.649538
    outer loop
      vertex -14.4 16.5729 3.83468
      vertex 13.4 16.8787 4.19264
      vertex -14.4 16.8787 4.19264
    endloop
  endfacet
  facet normal 0 -0.760329 0.649538
    outer loop
      vertex 13.4 16.8787 4.19264
      vertex -14.4 16.5729 3.83468
      vertex 13.4 16.5729 3.83468
    endloop
  endfacet
  facet normal -0 0.649515 0.760349
    outer loop
      vertex -14.4 21.1213 4.19264
      vertex 13.4 20.7634 4.49837
      vertex 13.4 21.1213 4.19264
    endloop
  endfacet
  facet normal 0 0.649515 0.760349
    outer loop
      vertex 13.4 20.7634 4.49837
      vertex -14.4 21.1213 4.19264
      vertex -14.4 20.7634 4.49837
    endloop
  endfacet
  facet normal 0 0.996923 -0.0783858
    outer loop
      vertex 13.4 21.9631 1.60202
      vertex -14.4 22 2.07132
      vertex 13.4 22 2.07132
    endloop
  endfacet
  facet normal 0 0.996923 -0.0783858
    outer loop
      vertex -14.4 22 2.07132
      vertex 13.4 21.9631 1.60202
      vertex -14.4 21.9631 1.60202
    endloop
  endfacet
  facet normal 0 0.923842 -0.382774
    outer loop
      vertex 13.4 21.673 0.709349
      vertex -14.4 21.8532 1.14427
      vertex 13.4 21.8532 1.14427
    endloop
  endfacet
  facet normal 0 0.923842 -0.382774
    outer loop
      vertex -14.4 21.8532 1.14427
      vertex 13.4 21.673 0.709349
      vertex -14.4 21.673 0.709349
    endloop
  endfacet
  facet normal -0 0.233409 0.972379
    outer loop
      vertex -14.4 19.9271 4.92449
      vertex 13.4 19.4693 5.03438
      vertex 13.4 19.9271 4.92449
    endloop
  endfacet
  facet normal 0 0.233409 0.972379
    outer loop
      vertex 13.4 19.4693 5.03438
      vertex -14.4 19.9271 4.92449
      vertex -14.4 19.4693 5.03438
    endloop
  endfacet
  facet normal 0 -0.233409 0.972379
    outer loop
      vertex -14.4 18.5307 5.03438
      vertex 13.4 18.0729 4.92449
      vertex 13.4 18.5307 5.03438
    endloop
  endfacet
  facet normal 0 -0.233409 0.972379
    outer loop
      vertex 13.4 18.0729 4.92449
      vertex -14.4 18.5307 5.03438
      vertex -14.4 18.0729 4.92449
    endloop
  endfacet
  facet normal 0 0.852705 -0.522393
    outer loop
      vertex 13.4 21.4271 0.307965
      vertex -14.4 21.673 0.709349
      vertex 13.4 21.673 0.709349
    endloop
  endfacet
  facet normal 0 0.852705 -0.522393
    outer loop
      vertex -14.4 21.673 0.709349
      vertex 13.4 21.4271 0.307965
      vertex -14.4 21.4271 0.307965
    endloop
  endfacet
  facet normal 0 -0.972368 -0.233453
    outer loop
      vertex -14.4 16.1468 1.14427
      vertex 13.4 16.0369 1.60202
      vertex -14.4 16.0369 1.60202
    endloop
  endfacet
  facet normal 0 -0.972368 -0.233453
    outer loop
      vertex 13.4 16.0369 1.60202
      vertex -14.4 16.1468 1.14427
      vertex 13.4 16.1468 1.14427
    endloop
  endfacet
  facet normal 0 -0.522486 0.852648
    outer loop
      vertex -14.4 17.638 4.74434
      vertex 13.4 17.2366 4.49837
      vertex 13.4 17.638 4.74434
    endloop
  endfacet
  facet normal 0 -0.522486 0.852648
    outer loop
      vertex 13.4 17.2366 4.49837
      vertex -14.4 17.638 4.74434
      vertex -14.4 17.2366 4.49837
    endloop
  endfacet
  facet normal 0 -0.0784703 0.996916
    outer loop
      vertex -14.4 19 5.07132
      vertex 13.4 18.5307 5.03438
      vertex 13.4 19 5.07132
    endloop
  endfacet
  facet normal 0 -0.0784703 0.996916
    outer loop
      vertex 13.4 18.5307 5.03438
      vertex -14.4 19 5.07132
      vertex -14.4 18.5307 5.03438
    endloop
  endfacet
  facet normal 0 -0.996923 0.0783858
    outer loop
      vertex -14.4 16 2.07132
      vertex 13.4 16.0369 2.54062
      vertex -14.4 16.0369 2.54062
    endloop
  endfacet
  facet normal 0 -0.996923 0.0783858
    outer loop
      vertex 13.4 16.0369 2.54062
      vertex -14.4 16 2.07132
      vertex 13.4 16 2.07132
    endloop
  endfacet
  facet normal 0 0.972368 -0.233453
    outer loop
      vertex 13.4 21.8532 1.14427
      vertex -14.4 21.9631 1.60202
      vertex 13.4 21.9631 1.60202
    endloop
  endfacet
  facet normal 0 0.972368 -0.233453
    outer loop
      vertex -14.4 21.9631 1.60202
      vertex 13.4 21.8532 1.14427
      vertex -14.4 21.8532 1.14427
    endloop
  endfacet
  facet normal 0 -0.852708 0.522387
    outer loop
      vertex -14.4 16.327 3.43329
      vertex 13.4 16.5729 3.83468
      vertex -14.4 16.5729 3.83468
    endloop
  endfacet
  facet normal 0 -0.852708 0.522387
    outer loop
      vertex 13.4 16.5729 3.83468
      vertex -14.4 16.327 3.43329
      vertex 13.4 16.327 3.43329
    endloop
  endfacet
  facet normal -0 0.0784703 0.996916
    outer loop
      vertex -14.4 19.4693 5.03438
      vertex 13.4 19 5.07132
      vertex 13.4 19.4693 5.03438
    endloop
  endfacet
  facet normal 0 0.0784703 0.996916
    outer loop
      vertex 13.4 19 5.07132
      vertex -14.4 19.4693 5.03438
      vertex -14.4 19 5.07132
    endloop
  endfacet
  facet normal -0 0.522486 0.852648
    outer loop
      vertex -14.4 20.7634 4.49837
      vertex 13.4 20.362 4.74434
      vertex 13.4 20.7634 4.49837
    endloop
  endfacet
  facet normal 0 0.522486 0.852648
    outer loop
      vertex 13.4 20.362 4.74434
      vertex -14.4 20.7634 4.49837
      vertex -14.4 20.362 4.74434
    endloop
  endfacet
  facet normal 0 -0.760317 -0.649552
    outer loop
      vertex -14.4 16.836 0
      vertex 13.4 16.5729 0.307965
      vertex -14.4 16.5729 0.307965
    endloop
  endfacet
  facet normal 0 -0.760317 -0.649552
    outer loop
      vertex 13.4 16.5729 0.307965
      vertex -14.4 16.836 0
      vertex 13.4 16.836 0
    endloop
  endfacet
  facet normal 0.706063 -0.538566 0.459806
    outer loop
      vertex 14 17.3029 3.76838
      vertex 13.4 16.5729 3.83468
      vertex 14 17.0584 3.482
    endloop
  endfacet
  facet normal 0.706059 -0.538561 -0.459817
    outer loop
      vertex 14 17.0584 0.660636
      vertex 13.4 16.5729 0.307965
      vertex 14 17.3029 0.374265
    endloop
  endfacet
  facet normal 0.705978 0.459934 -0.538568
    outer loop
      vertex 13.6924 20.731 0
      vertex 13.4707 21.0713 0
      vertex 14 20.6971 0.374265
    endloop
  endfacet
  facet normal 0.706048 0.654232 -0.271067
    outer loop
      vertex 14 21.2825 1.32968
      vertex 13.4 21.673 0.709349
      vertex 13.4 21.8532 1.14427
    endloop
  endfacet
  facet normal 0.706016 0.603882 -0.369956
    outer loop
      vertex 14 21.1384 0.981744
      vertex 13.4 21.4271 0.307965
      vertex 13.4 21.673 0.709349
    endloop
  endfacet
  facet normal 0.705979 -0.538475 -0.460041
    outer loop
      vertex 13.4 16.5729 0.307965
      vertex 13.4707 16.9287 0
      vertex 14 17.3029 0.374265
    endloop
  endfacet
  facet normal 0.706011 -0.538457 -0.460014
    outer loop
      vertex 13.4707 16.9287 0
      vertex 13.4 16.5729 0.307965
      vertex 13.4 16.836 0
    endloop
  endfacet
  facet normal 1 0 0
    outer loop
      vertex 14 21.3705 2.44676
      vertex 14 21.3705 1.69588
      vertex 14 21.4 2.07132
    endloop
  endfacet
  facet normal 1 0 0
    outer loop
      vertex 14 21.2825 2.81296
      vertex 14 21.3705 1.69588
      vertex 14 21.3705 2.44676
    endloop
  endfacet
  facet normal 1 0 0
    outer loop
      vertex 14 21.2825 2.81296
      vertex 14 21.2825 1.32968
      vertex 14 21.3705 1.69588
    endloop
  endfacet
  facet normal 1 0 0
    outer loop
      vertex 14 21.1384 3.1609
      vertex 14 21.2825 1.32968
      vertex 14 21.2825 2.81296
    endloop
  endfacet
  facet normal 1 0 0
    outer loop
      vertex 14 21.1384 3.1609
      vertex 14 21.1384 0.981744
      vertex 14 21.2825 1.32968
    endloop
  endfacet
  facet normal 1 0 0
    outer loop
      vertex 14 20.9416 3.482
      vertex 14 21.1384 0.981744
      vertex 14 21.1384 3.1609
    endloop
  endfacet
  facet normal 1 0 0
    outer loop
      vertex 14 20.9416 3.482
      vertex 14 20.9416 0.660636
      vertex 14 21.1384 0.981744
    endloop
  endfacet
  facet normal 1 0 0
    outer loop
      vertex 14 20.6971 3.76838
      vertex 14 20.9416 0.660636
      vertex 14 20.9416 3.482
    endloop
  endfacet
  facet normal 1 0 0
    outer loop
      vertex 14 20.6971 3.76838
      vertex 14 20.6971 0.374265
      vertex 14 20.9416 0.660636
    endloop
  endfacet
  facet normal 1 0 0
    outer loop
      vertex 14 20.4107 4.01296
      vertex 14 20.6971 0.374265
      vertex 14 20.6971 3.76838
    endloop
  endfacet
  facet normal 1 0 0
    outer loop
      vertex 14 20.1991 0
      vertex 14 20.6971 0.374265
      vertex 14 20.4107 4.01296
    endloop
  endfacet
  facet normal 1 0 0
    outer loop
      vertex 14 20.6971 0.374265
      vertex 14 20.1991 0
      vertex 14 20.4107 0.12968
    endloop
  endfacet
  facet normal 1 0 0
    outer loop
      vertex 14 20.0896 4.20974
      vertex 14 20.1991 0
      vertex 14 20.4107 4.01296
    endloop
  endfacet
  facet normal 1 0 0
    outer loop
      vertex 14 19.7416 4.35386
      vertex 14 20.1991 0
      vertex 14 20.0896 4.20974
    endloop
  endfacet
  facet normal 1 0 0
    outer loop
      vertex 14 19.3754 4.44177
      vertex 14 20.1991 0
      vertex 14 19.7416 4.35386
    endloop
  endfacet
  facet normal 1 0 0
    outer loop
      vertex 14 19 4.47132
      vertex 14 20.1991 0
      vertex 14 19.3754 4.44177
    endloop
  endfacet
  facet normal 1 -0 0
    outer loop
      vertex 14 18.6246 4.44177
      vertex 14 20.1991 0
      vertex 14 19 4.47132
    endloop
  endfacet
  facet normal 1 -0 0
    outer loop
      vertex 14 18.2584 4.35386
      vertex 14 20.1991 0
      vertex 14 18.6246 4.44177
    endloop
  endfacet
  facet normal 1 -0 0
    outer loop
      vertex 14 17.9104 4.20974
      vertex 14 20.1991 0
      vertex 14 18.2584 4.35386
    endloop
  endfacet
  facet normal 1 0 0
    outer loop
      vertex 14 17.9104 4.20974
      vertex 14 17.8009 0
      vertex 14 20.1991 0
    endloop
  endfacet
  facet normal 1 -0 0
    outer loop
      vertex 14 17.5893 4.01296
      vertex 14 17.8009 0
      vertex 14 17.9104 4.20974
    endloop
  endfacet
  facet normal 1 -0 0
    outer loop
      vertex 14 17.3029 3.76838
      vertex 14 17.8009 0
      vertex 14 17.5893 4.01296
    endloop
  endfacet
  facet normal 1 -0 0
    outer loop
      vertex 14 17.3029 0.374265
      vertex 14 17.8009 0
      vertex 14 17.3029 3.76838
    endloop
  endfacet
  facet normal 1 0 0
    outer loop
      vertex 14 17.8009 0
      vertex 14 17.3029 0.374265
      vertex 14 17.5893 0.12968
    endloop
  endfacet
  facet normal 1 -0 0
    outer loop
      vertex 14 17.0584 3.482
      vertex 14 17.3029 0.374265
      vertex 14 17.3029 3.76838
    endloop
  endfacet
  facet normal 1 0 0
    outer loop
      vertex 14 17.0584 3.482
      vertex 14 17.0584 0.660636
      vertex 14 17.3029 0.374265
    endloop
  endfacet
  facet normal 1 -0 0
    outer loop
      vertex 14 16.8616 3.1609
      vertex 14 17.0584 0.660636
      vertex 14 17.0584 3.482
    endloop
  endfacet
  facet normal 1 0 0
    outer loop
      vertex 14 16.8616 3.1609
      vertex 14 16.8616 0.981744
      vertex 14 17.0584 0.660636
    endloop
  endfacet
  facet normal 1 -0 0
    outer loop
      vertex 14 16.7175 2.81296
      vertex 14 16.8616 0.981744
      vertex 14 16.8616 3.1609
    endloop
  endfacet
  facet normal 1 0 0
    outer loop
      vertex 14 16.7175 2.81296
      vertex 14 16.7175 1.32968
      vertex 14 16.8616 0.981744
    endloop
  endfacet
  facet normal 1 -0 0
    outer loop
      vertex 14 16.6295 2.44676
      vertex 14 16.7175 1.32968
      vertex 14 16.7175 2.81296
    endloop
  endfacet
  facet normal 1 0 0
    outer loop
      vertex 14 16.6295 2.44676
      vertex 14 16.6295 1.69588
      vertex 14 16.7175 1.32968
    endloop
  endfacet
  facet normal 1 0 -0
    outer loop
      vertex 14 16.6295 1.69588
      vertex 14 16.6295 2.44676
      vertex 14 16.6 2.07132
    endloop
  endfacet
  facet normal 0.706005 -0.706028 -0.0555134
    outer loop
      vertex 14 16.6295 1.69588
      vertex 13.4 16 2.07132
      vertex 13.4 16.0369 1.60202
    endloop
  endfacet
  facet normal 0.706015 -0.370023 0.603843
    outer loop
      vertex 13.4 17.638 4.74434
      vertex 13.4 17.2366 4.49837
      vertex 14 17.9104 4.20974
    endloop
  endfacet
  facet normal 0.706014 0.0555746 0.706014
    outer loop
      vertex 14 19.3754 4.44177
      vertex 13.4 19 5.07132
      vertex 14 19 4.47132
    endloop
  endfacet
  facet normal 0.706015 0.603886 0.369953
    outer loop
      vertex 13.4 21.673 3.43329
      vertex 13.4 21.4271 3.83468
      vertex 14 21.1384 3.1609
    endloop
  endfacet
  facet normal 0.706015 -0.0555724 0.706013
    outer loop
      vertex 13.4 19 5.07132
      vertex 13.4 18.5307 5.03438
      vertex 14 18.6246 4.44177
    endloop
  endfacet
  facet normal 0.706011 0.538457 -0.460014
    outer loop
      vertex 13.4 21.4271 0.307965
      vertex 13.4707 21.0713 0
      vertex 13.4 21.164 0
    endloop
  endfacet
  facet normal 0.705979 0.538475 -0.460041
    outer loop
      vertex 13.4707 21.0713 0
      vertex 13.4 21.4271 0.307965
      vertex 14 20.6971 0.374265
    endloop
  endfacet
  facet normal 0.706032 -0.27102 0.654268
    outer loop
      vertex 13.4 18.0729 4.92449
      vertex 13.4 17.638 4.74434
      vertex 14 18.2584 4.35386
    endloop
  endfacet
  facet normal 0.706012 -0.270974 0.654309
    outer loop
      vertex 14 18.2584 4.35386
      vertex 13.4 17.638 4.74434
      vertex 14 17.9104 4.20974
    endloop
  endfacet
  facet normal 0.706005 0.706028 -0.0555134
    outer loop
      vertex 14 21.3705 1.69588
      vertex 13.4 21.9631 1.60202
      vertex 13.4 22 2.07132
    endloop
  endfacet
  facet normal 0.706048 -0.654232 0.271067
    outer loop
      vertex 13.4 16.327 3.43329
      vertex 13.4 16.1468 2.99837
      vertex 14 16.7175 2.81296
    endloop
  endfacet
  facet normal 0.706005 0.706028 0.0555134
    outer loop
      vertex 13.4 22 2.07132
      vertex 13.4 21.9631 2.54062
      vertex 14 21.3705 2.44676
    endloop
  endfacet
  facet normal 0.706015 0.370023 0.603843
    outer loop
      vertex 13.4 20.7634 4.49837
      vertex 13.4 20.362 4.74434
      vertex 14 20.0896 4.20974
    endloop
  endfacet
  facet normal 0.70599 -0.46 0.538495
    outer loop
      vertex 13.4 17.2366 4.49837
      vertex 13.4 16.8787 4.19264
      vertex 14 17.3029 3.76838
    endloop
  endfacet
  facet normal 0.706024 -0.37004 0.603822
    outer loop
      vertex 14 17.9104 4.20974
      vertex 13.4 17.2366 4.49837
      vertex 14 17.5893 4.01296
    endloop
  endfacet
  facet normal 0.70599 0.46 0.538495
    outer loop
      vertex 13.4 21.1213 4.19264
      vertex 13.4 20.7634 4.49837
      vertex 14 20.6971 3.76838
    endloop
  endfacet
  facet normal 0.706014 -0.0555746 0.706014
    outer loop
      vertex 14 19 4.47132
      vertex 13.4 19 5.07132
      vertex 14 18.6246 4.44177
    endloop
  endfacet
  facet normal 0.70598 -0.370074 -0.603853
    outer loop
      vertex 14 17.5893 0.12968
      vertex 13.8397 17.4951 0
      vertex 14 17.8009 0
    endloop
  endfacet
  facet normal 0.706024 -0.165311 0.688624
    outer loop
      vertex 14 18.6246 4.44177
      vertex 13.4 18.0729 4.92449
      vertex 14 18.2584 4.35386
    endloop
  endfacet
  facet normal 0.706058 -0.688552 -0.165463
    outer loop
      vertex 14 16.6295 1.69588
      vertex 13.4 16.1468 1.14427
      vertex 14 16.7175 1.32968
    endloop
  endfacet
  facet normal 0.705987 -0.538484 0.460019
    outer loop
      vertex 13.4 16.8787 4.19264
      vertex 13.4 16.5729 3.83468
      vertex 14 17.3029 3.76838
    endloop
  endfacet
  facet normal 0.706007 0.688636 -0.165333
    outer loop
      vertex 14 21.3705 1.69588
      vertex 13.4 21.8532 1.14427
      vertex 13.4 21.9631 1.60202
    endloop
  endfacet
  facet normal 0.706024 0.37004 0.603822
    outer loop
      vertex 14 20.4107 4.01296
      vertex 13.4 20.7634 4.49837
      vertex 14 20.0896 4.20974
    endloop
  endfacet
  facet normal 0.706032 0.27102 0.654268
    outer loop
      vertex 13.4 20.362 4.74434
      vertex 13.4 19.9271 4.92449
      vertex 14 19.7416 4.35386
    endloop
  endfacet
  facet normal 0.706016 -0.603882 -0.369956
    outer loop
      vertex 14 16.8616 0.981744
      vertex 13.4 16.327 0.709349
      vertex 13.4 16.5729 0.307965
    endloop
  endfacet
  facet normal 0.70601 -0.654308 0.270983
    outer loop
      vertex 14 16.8616 3.1609
      vertex 13.4 16.327 3.43329
      vertex 14 16.7175 2.81296
    endloop
  endfacet
  facet normal 0.705979 0.459932 -0.538569
    outer loop
      vertex 14 20.6971 0.374265
      vertex 13.8397 20.5049 0
      vertex 13.6924 20.731 0
    endloop
  endfacet
  facet normal 0.705975 0.459937 -0.53857
    outer loop
      vertex 13.8397 20.5049 0
      vertex 14 20.6971 0.374265
      vertex 14 20.4107 0.12968
    endloop
  endfacet
  facet normal 0.706059 0.538561 -0.459817
    outer loop
      vertex 14 20.6971 0.374265
      vertex 13.4 21.4271 0.307965
      vertex 14 20.9416 0.660636
    endloop
  endfacet
  facet normal 0.706027 0.459898 0.538535
    outer loop
      vertex 14 20.6971 3.76838
      vertex 13.4 20.7634 4.49837
      vertex 14 20.4107 4.01296
    endloop
  endfacet
  facet normal 0.70598 0.370074 -0.603853
    outer loop
      vertex 14 20.1991 0
      vertex 13.8397 20.5049 0
      vertex 14 20.4107 0.12968
    endloop
  endfacet
  facet normal 0.705975 -0.459937 -0.53857
    outer loop
      vertex 14 17.3029 0.374265
      vertex 13.8397 17.4951 0
      vertex 14 17.5893 0.12968
    endloop
  endfacet
  facet normal 0.705979 -0.459932 -0.538569
    outer loop
      vertex 13.8397 17.4951 0
      vertex 14 17.3029 0.374265
      vertex 13.6924 17.269 0
    endloop
  endfacet
  facet normal 0.706019 0.165299 0.688632
    outer loop
      vertex 13.4 19.9271 4.92449
      vertex 13.4 19.4693 5.03438
      vertex 14 19.3754 4.44177
    endloop
  endfacet
  facet normal 0.706011 -0.654305 -0.270985
    outer loop
      vertex 14 16.7175 1.32968
      vertex 13.4 16.327 0.709349
      vertex 14 16.8616 0.981744
    endloop
  endfacet
  facet normal 0.706007 -0.688636 0.165333
    outer loop
      vertex 13.4 16.1468 2.99837
      vertex 13.4 16.0369 2.54062
      vertex 14 16.6295 2.44676
    endloop
  endfacet
  facet normal 0.706058 0.688552 -0.165463
    outer loop
      vertex 14 21.2825 1.32968
      vertex 13.4 21.8532 1.14427
      vertex 14 21.3705 1.69588
    endloop
  endfacet
  facet normal 0.706024 0.165311 0.688624
    outer loop
      vertex 14 19.7416 4.35386
      vertex 13.4 19.9271 4.92449
      vertex 14 19.3754 4.44177
    endloop
  endfacet
  facet normal 0.706015 0.0555724 0.706013
    outer loop
      vertex 13.4 19.4693 5.03438
      vertex 13.4 19 5.07132
      vertex 14 19.3754 4.44177
    endloop
  endfacet
  facet normal 0.706061 0.603777 -0.370042
    outer loop
      vertex 14 20.9416 0.660636
      vertex 13.4 21.4271 0.307965
      vertex 14 21.1384 0.981744
    endloop
  endfacet
  facet normal 0.70601 0.654308 0.270983
    outer loop
      vertex 14 21.2825 2.81296
      vertex 13.4 21.673 3.43329
      vertex 14 21.1384 3.1609
    endloop
  endfacet
  facet normal 0.706058 -0.688552 0.165463
    outer loop
      vertex 14 16.7175 2.81296
      vertex 13.4 16.1468 2.99837
      vertex 14 16.6295 2.44676
    endloop
  endfacet
  facet normal 0.706019 -0.165299 0.688632
    outer loop
      vertex 13.4 18.5307 5.03438
      vertex 13.4 18.0729 4.92449
      vertex 14 18.6246 4.44177
    endloop
  endfacet
  facet normal 0.706027 -0.459898 0.538535
    outer loop
      vertex 14 17.5893 4.01296
      vertex 13.4 17.2366 4.49837
      vertex 14 17.3029 3.76838
    endloop
  endfacet
  facet normal 0.706018 0.706018 -0.055475
    outer loop
      vertex 14 21.3705 1.69588
      vertex 13.4 22 2.07132
      vertex 14 21.4 2.07132
    endloop
  endfacet
  facet normal 0.706063 0.538566 0.459806
    outer loop
      vertex 14 20.9416 3.482
      vertex 13.4 21.4271 3.83468
      vertex 14 20.6971 3.76838
    endloop
  endfacet
  facet normal 0.706018 -0.706018 -0.055475
    outer loop
      vertex 14 16.6 2.07132
      vertex 13.4 16 2.07132
      vertex 14 16.6295 1.69588
    endloop
  endfacet
  facet normal 0.706007 -0.688636 -0.165333
    outer loop
      vertex 14 16.6295 1.69588
      vertex 13.4 16.0369 1.60202
      vertex 13.4 16.1468 1.14427
    endloop
  endfacet
  facet normal 0.705987 0.538484 0.460019
    outer loop
      vertex 13.4 21.4271 3.83468
      vertex 13.4 21.1213 4.19264
      vertex 14 20.6971 3.76838
    endloop
  endfacet
  facet normal 0.706064 -0.60377 0.370047
    outer loop
      vertex 14 17.0584 3.482
      vertex 13.4 16.5729 3.83468
      vertex 14 16.8616 3.1609
    endloop
  endfacet
  facet normal 0.706018 0.706018 0.055475
    outer loop
      vertex 14 21.4 2.07132
      vertex 13.4 22 2.07132
      vertex 14 21.3705 2.44676
    endloop
  endfacet
  facet normal 0.706007 0.688636 0.165333
    outer loop
      vertex 13.4 21.9631 2.54062
      vertex 13.4 21.8532 2.99837
      vertex 14 21.3705 2.44676
    endloop
  endfacet
  facet normal 0.706015 -0.603886 0.369953
    outer loop
      vertex 13.4 16.5729 3.83468
      vertex 13.4 16.327 3.43329
      vertex 14 16.8616 3.1609
    endloop
  endfacet
  facet normal 0.706061 -0.603777 -0.370042
    outer loop
      vertex 14 16.8616 0.981744
      vertex 13.4 16.5729 0.307965
      vertex 14 17.0584 0.660636
    endloop
  endfacet
  facet normal 0.706012 0.270974 0.654309
    outer loop
      vertex 14 20.0896 4.20974
      vertex 13.4 20.362 4.74434
      vertex 14 19.7416 4.35386
    endloop
  endfacet
  facet normal 0.705978 -0.459934 -0.538568
    outer loop
      vertex 14 17.3029 0.374265
      vertex 13.4707 16.9287 0
      vertex 13.6924 17.269 0
    endloop
  endfacet
  facet normal 0.706048 0.654232 0.271067
    outer loop
      vertex 13.4 21.8532 2.99837
      vertex 13.4 21.673 3.43329
      vertex 14 21.2825 2.81296
    endloop
  endfacet
  facet normal 0.706011 0.654305 -0.270985
    outer loop
      vertex 14 21.1384 0.981744
      vertex 13.4 21.673 0.709349
      vertex 14 21.2825 1.32968
    endloop
  endfacet
  facet normal 0.706048 -0.654232 -0.271067
    outer loop
      vertex 14 16.7175 1.32968
      vertex 13.4 16.1468 1.14427
      vertex 13.4 16.327 0.709349
    endloop
  endfacet
  facet normal 0.706058 0.688552 0.165463
    outer loop
      vertex 14 21.3705 2.44676
      vertex 13.4 21.8532 2.99837
      vertex 14 21.2825 2.81296
    endloop
  endfacet
  facet normal 0.706064 0.60377 0.370047
    outer loop
      vertex 14 21.1384 3.1609
      vertex 13.4 21.4271 3.83468
      vertex 14 20.9416 3.482
    endloop
  endfacet
  facet normal 0.706005 -0.706028 0.0555134
    outer loop
      vertex 13.4 16.0369 2.54062
      vertex 13.4 16 2.07132
      vertex 14 16.6295 2.44676
    endloop
  endfacet
  facet normal 0.706018 -0.706018 0.055475
    outer loop
      vertex 14 16.6295 2.44676
      vertex 13.4 16 2.07132
      vertex 14 16.6 2.07132
    endloop
  endfacet
  facet normal 0 0 -1
    outer loop
      vertex 13.8397 17.4951 0
      vertex 14 20.1991 0
      vertex 14 17.8009 0
    endloop
  endfacet
  facet normal 0 0 -1
    outer loop
      vertex 13.8397 17.4951 0
      vertex 13.8397 20.5049 0
      vertex 14 20.1991 0
    endloop
  endfacet
  facet normal 0 0 -1
    outer loop
      vertex 13.6924 17.269 0
      vertex 13.8397 20.5049 0
      vertex 13.8397 17.4951 0
    endloop
  endfacet
  facet normal 0 0 -1
    outer loop
      vertex 13.6924 17.269 0
      vertex 13.6924 20.731 0
      vertex 13.8397 20.5049 0
    endloop
  endfacet
  facet normal 0 0 -1
    outer loop
      vertex 13.4707 16.9287 0
      vertex 13.6924 20.731 0
      vertex 13.6924 17.269 0
    endloop
  endfacet
  facet normal 0 0 -1
    outer loop
      vertex 13.4707 16.9287 0
      vertex 13.4707 21.0713 0
      vertex 13.6924 20.731 0
    endloop
  endfacet
  facet normal 0 0 -1
    outer loop
      vertex 13.4 16.836 0
      vertex 13.4707 21.0713 0
      vertex 13.4707 16.9287 0
    endloop
  endfacet
  facet normal 0 0 -1
    outer loop
      vertex 13.4 16.836 0
      vertex 13.4 21.164 0
      vertex 13.4707 21.0713 0
    endloop
  endfacet
  facet normal 0 0 -1
    outer loop
      vertex -14.4 16.836 0
      vertex 13.4 21.164 0
      vertex 13.4 16.836 0
    endloop
  endfacet
  facet normal 0 0 -1
    outer loop
      vertex -14.4 16.836 0
      vertex -14.4 21.164 0
      vertex 13.4 21.164 0
    endloop
  endfacet
  facet normal 0 0 -1
    outer loop
      vertex -14.4707 16.9287 0
      vertex -14.4 21.164 0
      vertex -14.4 16.836 0
    endloop
  endfacet
  facet normal 0 0 -1
    outer loop
      vertex -14.4707 16.9287 0
      vertex -14.4707 21.0713 0
      vertex -14.4 21.164 0
    endloop
  endfacet
  facet normal 0 0 -1
    outer loop
      vertex -14.6924 17.269 0
      vertex -14.4707 21.0713 0
      vertex -14.4707 16.9287 0
    endloop
  endfacet
  facet normal 0 0 -1
    outer loop
      vertex -14.6924 17.269 0
      vertex -14.6924 20.731 0
      vertex -14.4707 21.0713 0
    endloop
  endfacet
  facet normal 0 0 -1
    outer loop
      vertex -14.8397 17.4951 0
      vertex -14.6924 20.731 0
      vertex -14.6924 17.269 0
    endloop
  endfacet
  facet normal 0 0 -1
    outer loop
      vertex -14.8397 17.4951 0
      vertex -14.8397 20.5049 0
      vertex -14.6924 20.731 0
    endloop
  endfacet
  facet normal 0 0 -1
    outer loop
      vertex -15 17.8009 0
      vertex -14.8397 20.5049 0
      vertex -14.8397 17.4951 0
    endloop
  endfacet
  facet normal 0 0 -1
    outer loop
      vertex -14.8397 20.5049 0
      vertex -15 17.8009 0
      vertex -15 20.1991 0
    endloop
  endfacet
  facet normal -0.706024 0.165311 0.688624
    outer loop
      vertex 20 19.7416 4.35386
      vertex 20 19.3754 4.44177
      vertex 20.6 19.9271 4.92449
    endloop
  endfacet
  facet normal -0.706014 -0.0555746 0.706014
    outer loop
      vertex 20 19 4.47132
      vertex 20 18.6246 4.44177
      vertex 20.6 19 5.07132
    endloop
  endfacet
  facet normal -0.706032 0.27102 0.654268
    outer loop
      vertex 20.6 20.362 4.74434
      vertex 20 19.7416 4.35386
      vertex 20.6 19.9271 4.92449
    endloop
  endfacet
  facet normal -0.706048 -0.654232 -0.271067
    outer loop
      vertex 20.6 16.1468 1.14427
      vertex 20 16.7175 1.32968
      vertex 20.6 16.327 0.709349
    endloop
  endfacet
  facet normal -0.706058 0.688552 -0.165463
    outer loop
      vertex 20.6 21.8532 1.14427
      vertex 20 21.2825 1.32968
      vertex 20 21.3705 1.69588
    endloop
  endfacet
  facet normal -0.70599 0.46 0.538495
    outer loop
      vertex 20.6 21.1213 4.19264
      vertex 20 20.6971 3.76838
      vertex 20.6 20.7634 4.49837
    endloop
  endfacet
  facet normal -0.706011 0.654305 -0.270985
    outer loop
      vertex 20.6 21.673 0.709349
      vertex 20 21.1384 0.981744
      vertex 20 21.2825 1.32968
    endloop
  endfacet
  facet normal -0.706011 0.538457 -0.460014
    outer loop
      vertex 20.5293 21.0713 0
      vertex 20.6 21.4271 0.307965
      vertex 20.6 21.164 0
    endloop
  endfacet
  facet normal -0.705979 0.538475 -0.460041
    outer loop
      vertex 20.6 21.4271 0.307965
      vertex 20.5293 21.0713 0
      vertex 20 20.6971 0.374265
    endloop
  endfacet
  facet normal -0.706018 0.706018 -0.055475
    outer loop
      vertex 20.6 22 2.07132
      vertex 20 21.3705 1.69588
      vertex 20 21.4 2.07132
    endloop
  endfacet
  facet normal -0.70601 -0.654308 0.270983
    outer loop
      vertex 20 16.8616 3.1609
      vertex 20 16.7175 2.81296
      vertex 20.6 16.327 3.43329
    endloop
  endfacet
  facet normal -0.70598 0.370074 -0.603853
    outer loop
      vertex 20.1603 20.5049 0
      vertex 20 20.1991 0
      vertex 20 20.4107 0.12968
    endloop
  endfacet
  facet normal -0.706007 -0.688636 -0.165333
    outer loop
      vertex 20.6 16.0369 1.60202
      vertex 20 16.6295 1.69588
      vertex 20.6 16.1468 1.14427
    endloop
  endfacet
  facet normal -0.706015 0.0555724 0.706013
    outer loop
      vertex 20.6 19.4693 5.03438
      vertex 20 19.3754 4.44177
      vertex 20.6 19 5.07132
    endloop
  endfacet
  facet normal -0.706011 -0.538457 -0.460014
    outer loop
      vertex 20.6 16.5729 0.307965
      vertex 20.5293 16.9287 0
      vertex 20.6 16.836 0
    endloop
  endfacet
  facet normal -0.705979 -0.538475 -0.460041
    outer loop
      vertex 20.5293 16.9287 0
      vertex 20.6 16.5729 0.307965
      vertex 20 17.3029 0.374265
    endloop
  endfacet
  facet normal -0.705978 0.459934 -0.538568
    outer loop
      vertex 20.3076 20.731 0
      vertex 20 20.6971 0.374265
      vertex 20.5293 21.0713 0
    endloop
  endfacet
  facet normal -0.706058 0.688552 0.165463
    outer loop
      vertex 20 21.3705 2.44676
      vertex 20 21.2825 2.81296
      vertex 20.6 21.8532 2.99837
    endloop
  endfacet
  facet normal -0.706011 -0.654305 -0.270985
    outer loop
      vertex 20.6 16.327 0.709349
      vertex 20 16.7175 1.32968
      vertex 20 16.8616 0.981744
    endloop
  endfacet
  facet normal -0.705987 0.538484 0.460019
    outer loop
      vertex 20.6 21.4271 3.83468
      vertex 20 20.6971 3.76838
      vertex 20.6 21.1213 4.19264
    endloop
  endfacet
  facet normal -0.706019 -0.165299 0.688632
    outer loop
      vertex 20.6 18.5307 5.03438
      vertex 20 18.6246 4.44177
      vertex 20.6 18.0729 4.92449
    endloop
  endfacet
  facet normal -0.706005 -0.706028 -0.0555134
    outer loop
      vertex 20.6 16 2.07132
      vertex 20 16.6295 1.69588
      vertex 20.6 16.0369 1.60202
    endloop
  endfacet
  facet normal -0.705978 -0.459934 -0.538568
    outer loop
      vertex 20.5293 16.9287 0
      vertex 20 17.3029 0.374265
      vertex 20.3076 17.269 0
    endloop
  endfacet
  facet normal -0.706016 0.603882 -0.369956
    outer loop
      vertex 20.6 21.4271 0.307965
      vertex 20 21.1384 0.981744
      vertex 20.6 21.673 0.709349
    endloop
  endfacet
  facet normal -0.706059 -0.538561 -0.459817
    outer loop
      vertex 20.6 16.5729 0.307965
      vertex 20 17.0584 0.660636
      vertex 20 17.3029 0.374265
    endloop
  endfacet
  facet normal -0.706027 -0.459898 0.538535
    outer loop
      vertex 20 17.5893 4.01296
      vertex 20 17.3029 3.76838
      vertex 20.6 17.2366 4.49837
    endloop
  endfacet
  facet normal -0.70599 -0.46 0.538495
    outer loop
      vertex 20.6 17.2366 4.49837
      vertex 20 17.3029 3.76838
      vertex 20.6 16.8787 4.19264
    endloop
  endfacet
  facet normal -0.706005 0.706028 -0.0555134
    outer loop
      vertex 20.6 21.9631 1.60202
      vertex 20 21.3705 1.69588
      vertex 20.6 22 2.07132
    endloop
  endfacet
  facet normal -0.706014 0.0555746 0.706014
    outer loop
      vertex 20 19.3754 4.44177
      vertex 20 19 4.47132
      vertex 20.6 19 5.07132
    endloop
  endfacet
  facet normal -0.706012 0.270974 0.654309
    outer loop
      vertex 20 20.0896 4.20974
      vertex 20 19.7416 4.35386
      vertex 20.6 20.362 4.74434
    endloop
  endfacet
  facet normal -0.706005 -0.706028 0.0555134
    outer loop
      vertex 20.6 16.0369 2.54062
      vertex 20 16.6295 2.44676
      vertex 20.6 16 2.07132
    endloop
  endfacet
  facet normal -0.706061 -0.603777 -0.370042
    outer loop
      vertex 20.6 16.5729 0.307965
      vertex 20 16.8616 0.981744
      vertex 20 17.0584 0.660636
    endloop
  endfacet
  facet normal -0.706063 -0.538566 0.459806
    outer loop
      vertex 20 17.3029 3.76838
      vertex 20 17.0584 3.482
      vertex 20.6 16.5729 3.83468
    endloop
  endfacet
  facet normal -0.706024 -0.37004 0.603822
    outer loop
      vertex 20 17.9104 4.20974
      vertex 20 17.5893 4.01296
      vertex 20.6 17.2366 4.49837
    endloop
  endfacet
  facet normal -0.706027 0.459898 0.538535
    outer loop
      vertex 20 20.6971 3.76838
      vertex 20 20.4107 4.01296
      vertex 20.6 20.7634 4.49837
    endloop
  endfacet
  facet normal -0.706007 0.688636 -0.165333
    outer loop
      vertex 20.6 21.8532 1.14427
      vertex 20 21.3705 1.69588
      vertex 20.6 21.9631 1.60202
    endloop
  endfacet
  facet normal -0.706061 0.603777 -0.370042
    outer loop
      vertex 20.6 21.4271 0.307965
      vertex 20 20.9416 0.660636
      vertex 20 21.1384 0.981744
    endloop
  endfacet
  facet normal -0.706016 -0.603882 -0.369956
    outer loop
      vertex 20.6 16.327 0.709349
      vertex 20 16.8616 0.981744
      vertex 20.6 16.5729 0.307965
    endloop
  endfacet
  facet normal -0.706048 0.654232 -0.271067
    outer loop
      vertex 20.6 21.673 0.709349
      vertex 20 21.2825 1.32968
      vertex 20.6 21.8532 1.14427
    endloop
  endfacet
  facet normal -0.706018 0.706018 0.055475
    outer loop
      vertex 20 21.4 2.07132
      vertex 20 21.3705 2.44676
      vertex 20.6 22 2.07132
    endloop
  endfacet
  facet normal -0.706048 -0.654232 0.271067
    outer loop
      vertex 20.6 16.327 3.43329
      vertex 20 16.7175 2.81296
      vertex 20.6 16.1468 2.99837
    endloop
  endfacet
  facet normal -0.706064 0.60377 0.370047
    outer loop
      vertex 20 21.1384 3.1609
      vertex 20 20.9416 3.482
      vertex 20.6 21.4271 3.83468
    endloop
  endfacet
  facet normal -0.706058 -0.688552 -0.165463
    outer loop
      vertex 20.6 16.1468 1.14427
      vertex 20 16.6295 1.69588
      vertex 20 16.7175 1.32968
    endloop
  endfacet
  facet normal -0.705987 -0.538484 0.460019
    outer loop
      vertex 20.6 16.8787 4.19264
      vertex 20 17.3029 3.76838
      vertex 20.6 16.5729 3.83468
    endloop
  endfacet
  facet normal -0.70598 -0.370074 -0.603853
    outer loop
      vertex 20.1603 17.4951 0
      vertex 20 17.5893 0.12968
      vertex 20 17.8009 0
    endloop
  endfacet
  facet normal -0.706063 0.538566 0.459806
    outer loop
      vertex 20 20.9416 3.482
      vertex 20 20.6971 3.76838
      vertex 20.6 21.4271 3.83468
    endloop
  endfacet
  facet normal -0.706015 0.603886 0.369953
    outer loop
      vertex 20.6 21.673 3.43329
      vertex 20 21.1384 3.1609
      vertex 20.6 21.4271 3.83468
    endloop
  endfacet
  facet normal -0.706015 0.370023 0.603843
    outer loop
      vertex 20.6 20.7634 4.49837
      vertex 20 20.0896 4.20974
      vertex 20.6 20.362 4.74434
    endloop
  endfacet
  facet normal -0.706024 -0.165311 0.688624
    outer loop
      vertex 20 18.6246 4.44177
      vertex 20 18.2584 4.35386
      vertex 20.6 18.0729 4.92449
    endloop
  endfacet
  facet normal -0.706015 -0.370023 0.603843
    outer loop
      vertex 20.6 17.638 4.74434
      vertex 20 17.9104 4.20974
      vertex 20.6 17.2366 4.49837
    endloop
  endfacet
  facet normal -0.706048 0.654232 0.271067
    outer loop
      vertex 20.6 21.8532 2.99837
      vertex 20 21.2825 2.81296
      vertex 20.6 21.673 3.43329
    endloop
  endfacet
  facet normal -0.706018 -0.706018 -0.055475
    outer loop
      vertex 20.6 16 2.07132
      vertex 20 16.6 2.07132
      vertex 20 16.6295 1.69588
    endloop
  endfacet
  facet normal -0.706064 -0.60377 0.370047
    outer loop
      vertex 20 17.0584 3.482
      vertex 20 16.8616 3.1609
      vertex 20.6 16.5729 3.83468
    endloop
  endfacet
  facet normal -0.705979 0.459932 -0.538569
    outer loop
      vertex 20.1603 20.5049 0
      vertex 20 20.6971 0.374265
      vertex 20.3076 20.731 0
    endloop
  endfacet
  facet normal -0.705975 0.459937 -0.53857
    outer loop
      vertex 20 20.6971 0.374265
      vertex 20.1603 20.5049 0
      vertex 20 20.4107 0.12968
    endloop
  endfacet
  facet normal -0.706058 -0.688552 0.165463
    outer loop
      vertex 20 16.7175 2.81296
      vertex 20 16.6295 2.44676
      vertex 20.6 16.1468 2.99837
    endloop
  endfacet
  facet normal -0.706032 -0.27102 0.654268
    outer loop
      vertex 20.6 18.0729 4.92449
      vertex 20 18.2584 4.35386
      vertex 20.6 17.638 4.74434
    endloop
  endfacet
  facet normal -0.706059 0.538561 -0.459817
    outer loop
      vertex 20.6 21.4271 0.307965
      vertex 20 20.6971 0.374265
      vertex 20 20.9416 0.660636
    endloop
  endfacet
  facet normal -0.705975 -0.459937 -0.53857
    outer loop
      vertex 20.1603 17.4951 0
      vertex 20 17.3029 0.374265
      vertex 20 17.5893 0.12968
    endloop
  endfacet
  facet normal -0.705979 -0.459932 -0.538569
    outer loop
      vertex 20 17.3029 0.374265
      vertex 20.1603 17.4951 0
      vertex 20.3076 17.269 0
    endloop
  endfacet
  facet normal -0.706007 -0.688636 0.165333
    outer loop
      vertex 20.6 16.1468 2.99837
      vertex 20 16.6295 2.44676
      vertex 20.6 16.0369 2.54062
    endloop
  endfacet
  facet normal -0.706012 -0.270974 0.654309
    outer loop
      vertex 20 18.2584 4.35386
      vertex 20 17.9104 4.20974
      vertex 20.6 17.638 4.74434
    endloop
  endfacet
  facet normal -0.706019 0.165299 0.688632
    outer loop
      vertex 20.6 19.9271 4.92449
      vertex 20 19.3754 4.44177
      vertex 20.6 19.4693 5.03438
    endloop
  endfacet
  facet normal -0.706015 -0.0555724 0.706013
    outer loop
      vertex 20.6 19 5.07132
      vertex 20 18.6246 4.44177
      vertex 20.6 18.5307 5.03438
    endloop
  endfacet
  facet normal -0.706024 0.37004 0.603822
    outer loop
      vertex 20 20.4107 4.01296
      vertex 20 20.0896 4.20974
      vertex 20.6 20.7634 4.49837
    endloop
  endfacet
  facet normal -1 0 0
    outer loop
      vertex 20 21.3705 1.69588
      vertex 20 21.3705 2.44676
      vertex 20 21.4 2.07132
    endloop
  endfacet
  facet normal -1 0 0
    outer loop
      vertex 20 21.2825 1.32968
      vertex 20 21.3705 2.44676
      vertex 20 21.3705 1.69588
    endloop
  endfacet
  facet normal -1 0 0
    outer loop
      vertex 20 21.2825 1.32968
      vertex 20 21.2825 2.81296
      vertex 20 21.3705 2.44676
    endloop
  endfacet
  facet normal -1 0 0
    outer loop
      vertex 20 21.1384 0.981744
      vertex 20 21.2825 2.81296
      vertex 20 21.2825 1.32968
    endloop
  endfacet
  facet normal -1 0 0
    outer loop
      vertex 20 21.1384 0.981744
      vertex 20 21.1384 3.1609
      vertex 20 21.2825 2.81296
    endloop
  endfacet
  facet normal -1 0 0
    outer loop
      vertex 20 20.9416 0.660636
      vertex 20 21.1384 3.1609
      vertex 20 21.1384 0.981744
    endloop
  endfacet
  facet normal -1 0 0
    outer loop
      vertex 20 20.9416 0.660636
      vertex 20 20.9416 3.482
      vertex 20 21.1384 3.1609
    endloop
  endfacet
  facet normal -1 0 0
    outer loop
      vertex 20 20.6971 0.374265
      vertex 20 20.9416 3.482
      vertex 20 20.9416 0.660636
    endloop
  endfacet
  facet normal -1 0 0
    outer loop
      vertex 20 20.6971 0.374265
      vertex 20 20.6971 3.76838
      vertex 20 20.9416 3.482
    endloop
  endfacet
  facet normal -1 0 0
    outer loop
      vertex 20 20.1991 0
      vertex 20 20.6971 0.374265
      vertex 20 20.4107 0.12968
    endloop
  endfacet
  facet normal -1 -0 0
    outer loop
      vertex 20 20.6971 0.374265
      vertex 20 20.1991 0
      vertex 20 20.6971 3.76838
    endloop
  endfacet
  facet normal -1 -0 0
    outer loop
      vertex 20 20.6971 3.76838
      vertex 20 20.1991 0
      vertex 20 20.4107 4.01296
    endloop
  endfacet
  facet normal -1 0 0
    outer loop
      vertex 20 20.1991 0
      vertex 20 20.0896 4.20974
      vertex 20 20.4107 4.01296
    endloop
  endfacet
  facet normal -1 0 0
    outer loop
      vertex 20 20.1991 0
      vertex 20 19.7416 4.35386
      vertex 20 20.0896 4.20974
    endloop
  endfacet
  facet normal -1 0 0
    outer loop
      vertex 20 20.1991 0
      vertex 20 19.3754 4.44177
      vertex 20 19.7416 4.35386
    endloop
  endfacet
  facet normal -1 0 0
    outer loop
      vertex 20 20.1991 0
      vertex 20 19 4.47132
      vertex 20 19.3754 4.44177
    endloop
  endfacet
  facet normal -1 0 0
    outer loop
      vertex 20 20.1991 0
      vertex 20 18.6246 4.44177
      vertex 20 19 4.47132
    endloop
  endfacet
  facet normal -1 0 0
    outer loop
      vertex 20 20.1991 0
      vertex 20 18.2584 4.35386
      vertex 20 18.6246 4.44177
    endloop
  endfacet
  facet normal -1 0 0
    outer loop
      vertex 20 20.1991 0
      vertex 20 17.9104 4.20974
      vertex 20 18.2584 4.35386
    endloop
  endfacet
  facet normal -1 0 0
    outer loop
      vertex 20 17.8009 0
      vertex 20 17.9104 4.20974
      vertex 20 20.1991 0
    endloop
  endfacet
  facet normal -1 0 0
    outer loop
      vertex 20 17.3029 0.374265
      vertex 20 17.8009 0
      vertex 20 17.5893 0.12968
    endloop
  endfacet
  facet normal -1 0 0
    outer loop
      vertex 20 17.8009 0
      vertex 20 17.5893 4.01296
      vertex 20 17.9104 4.20974
    endloop
  endfacet
  facet normal -1 0 0
    outer loop
      vertex 20 17.8009 0
      vertex 20 17.3029 0.374265
      vertex 20 17.5893 4.01296
    endloop
  endfacet
  facet normal -1 0 0
    outer loop
      vertex 20 17.3029 0.374265
      vertex 20 17.3029 3.76838
      vertex 20 17.5893 4.01296
    endloop
  endfacet
  facet normal -1 0 0
    outer loop
      vertex 20 17.0584 0.660636
      vertex 20 17.3029 3.76838
      vertex 20 17.3029 0.374265
    endloop
  endfacet
  facet normal -1 0 0
    outer loop
      vertex 20 17.0584 0.660636
      vertex 20 17.0584 3.482
      vertex 20 17.3029 3.76838
    endloop
  endfacet
  facet normal -1 0 0
    outer loop
      vertex 20 16.8616 0.981744
      vertex 20 17.0584 3.482
      vertex 20 17.0584 0.660636
    endloop
  endfacet
  facet normal -1 0 0
    outer loop
      vertex 20 16.8616 0.981744
      vertex 20 16.8616 3.1609
      vertex 20 17.0584 3.482
    endloop
  endfacet
  facet normal -1 0 0
    outer loop
      vertex 20 16.7175 1.32968
      vertex 20 16.8616 3.1609
      vertex 20 16.8616 0.981744
    endloop
  endfacet
  facet normal -1 0 0
    outer loop
      vertex 20 16.7175 1.32968
      vertex 20 16.7175 2.81296
      vertex 20 16.8616 3.1609
    endloop
  endfacet
  facet normal -1 0 0
    outer loop
      vertex 20 16.6295 1.69588
      vertex 20 16.7175 2.81296
      vertex 20 16.7175 1.32968
    endloop
  endfacet
  facet normal -1 0 0
    outer loop
      vertex 20 16.6295 1.69588
      vertex 20 16.6295 2.44676
      vertex 20 16.7175 2.81296
    endloop
  endfacet
  facet normal -1 0 -0
    outer loop
      vertex 20 16.6295 2.44676
      vertex 20 16.6295 1.69588
      vertex 20 16.6 2.07132
    endloop
  endfacet
  facet normal -0.706007 0.688636 0.165333
    outer loop
      vertex 20.6 21.9631 2.54062
      vertex 20 21.3705 2.44676
      vertex 20.6 21.8532 2.99837
    endloop
  endfacet
  facet normal -0.706005 0.706028 0.0555134
    outer loop
      vertex 20.6 22 2.07132
      vertex 20 21.3705 2.44676
      vertex 20.6 21.9631 2.54062
    endloop
  endfacet
  facet normal -0.706015 -0.603886 0.369953
    outer loop
      vertex 20.6 16.5729 3.83468
      vertex 20 16.8616 3.1609
      vertex 20.6 16.327 3.43329
    endloop
  endfacet
  facet normal -0.706018 -0.706018 0.055475
    outer loop
      vertex 20 16.6295 2.44676
      vertex 20 16.6 2.07132
      vertex 20.6 16 2.07132
    endloop
  endfacet
  facet normal -0.70601 0.654308 0.270983
    outer loop
      vertex 20 21.2825 2.81296
      vertex 20 21.1384 3.1609
      vertex 20.6 21.673 3.43329
    endloop
  endfacet
  facet normal -0 0.382699 0.923873
    outer loop
      vertex 20.6 20.362 4.74434
      vertex 48.4 19.9271 4.92449
      vertex 48.4 20.362 4.74434
    endloop
  endfacet
  facet normal 0 0.382699 0.923873
    outer loop
      vertex 48.4 19.9271 4.92449
      vertex 20.6 20.362 4.74434
      vertex 20.6 19.9271 4.92449
    endloop
  endfacet
  facet normal 0 -0.852705 -0.522393
    outer loop
      vertex 20.6 16.5729 0.307965
      vertex 48.4 16.327 0.709349
      vertex 20.6 16.327 0.709349
    endloop
  endfacet
  facet normal 0 -0.852705 -0.522393
    outer loop
      vertex 48.4 16.327 0.709349
      vertex 20.6 16.5729 0.307965
      vertex 48.4 16.5729 0.307965
    endloop
  endfacet
  facet normal 0 -0.923842 -0.382774
    outer loop
      vertex 20.6 16.327 0.709349
      vertex 48.4 16.1468 1.14427
      vertex 20.6 16.1468 1.14427
    endloop
  endfacet
  facet normal 0 -0.923842 -0.382774
    outer loop
      vertex 48.4 16.1468 1.14427
      vertex 20.6 16.327 0.709349
      vertex 48.4 16.327 0.709349
    endloop
  endfacet
  facet normal 0 0.923842 0.382775
    outer loop
      vertex 48.4 21.8532 2.99837
      vertex 20.6 21.673 3.43329
      vertex 48.4 21.673 3.43329
    endloop
  endfacet
  facet normal 0 0.923842 0.382775
    outer loop
      vertex 20.6 21.673 3.43329
      vertex 48.4 21.8532 2.99837
      vertex 20.6 21.8532 2.99837
    endloop
  endfacet
  facet normal 0 -0.923842 0.382775
    outer loop
      vertex 20.6 16.1468 2.99837
      vertex 48.4 16.327 3.43329
      vertex 20.6 16.327 3.43329
    endloop
  endfacet
  facet normal 0 -0.923842 0.382775
    outer loop
      vertex 48.4 16.327 3.43329
      vertex 20.6 16.1468 2.99837
      vertex 48.4 16.1468 2.99837
    endloop
  endfacet
  facet normal 0 0.852708 0.522387
    outer loop
      vertex 48.4 21.673 3.43329
      vertex 20.6 21.4271 3.83468
      vertex 48.4 21.4271 3.83468
    endloop
  endfacet
  facet normal 0 0.852708 0.522387
    outer loop
      vertex 20.6 21.4271 3.83468
      vertex 48.4 21.673 3.43329
      vertex 20.6 21.673 3.43329
    endloop
  endfacet
  facet normal 0 0.760317 -0.649552
    outer loop
      vertex 48.4 21.164 0
      vertex 20.6 21.4271 0.307965
      vertex 48.4 21.4271 0.307965
    endloop
  endfacet
  facet normal 0 0.760317 -0.649552
    outer loop
      vertex 20.6 21.4271 0.307965
      vertex 48.4 21.164 0
      vertex 20.6 21.164 0
    endloop
  endfacet
  facet normal 0 0.972368 0.233453
    outer loop
      vertex 48.4 21.9631 2.54062
      vertex 20.6 21.8532 2.99837
      vertex 48.4 21.8532 2.99837
    endloop
  endfacet
  facet normal 0 0.972368 0.233453
    outer loop
      vertex 20.6 21.8532 2.99837
      vertex 48.4 21.9631 2.54062
      vertex 20.6 21.9631 2.54062
    endloop
  endfacet
  facet normal 0 -0.382699 0.923873
    outer loop
      vertex 20.6 18.0729 4.92449
      vertex 48.4 17.638 4.74434
      vertex 48.4 18.0729 4.92449
    endloop
  endfacet
  facet normal 0 -0.382699 0.923873
    outer loop
      vertex 48.4 17.638 4.74434
      vertex 20.6 18.0729 4.92449
      vertex 20.6 17.638 4.74434
    endloop
  endfacet
  facet normal 0 0.996923 0.0783858
    outer loop
      vertex 48.4 22 2.07132
      vertex 20.6 21.9631 2.54062
      vertex 48.4 21.9631 2.54062
    endloop
  endfacet
  facet normal 0 0.996923 0.0783858
    outer loop
      vertex 20.6 21.9631 2.54062
      vertex 48.4 22 2.07132
      vertex 20.6 22 2.07132
    endloop
  endfacet
  facet normal 0 -0.972368 0.233453
    outer loop
      vertex 20.6 16.0369 2.54062
      vertex 48.4 16.1468 2.99837
      vertex 20.6 16.1468 2.99837
    endloop
  endfacet
  facet normal 0 -0.972368 0.233453
    outer loop
      vertex 48.4 16.1468 2.99837
      vertex 20.6 16.0369 2.54062
      vertex 48.4 16.0369 2.54062
    endloop
  endfacet
  facet normal 0 -0.649515 0.760349
    outer loop
      vertex 20.6 17.2366 4.49837
      vertex 48.4 16.8787 4.19264
      vertex 48.4 17.2366 4.49837
    endloop
  endfacet
  facet normal 0 -0.649515 0.760349
    outer loop
      vertex 48.4 16.8787 4.19264
      vertex 20.6 17.2366 4.49837
      vertex 20.6 16.8787 4.19264
    endloop
  endfacet
  facet normal 0 0.760329 0.649538
    outer loop
      vertex 48.4 21.4271 3.83468
      vertex 20.6 21.1213 4.19264
      vertex 48.4 21.1213 4.19264
    endloop
  endfacet
  facet normal 0 0.760329 0.649538
    outer loop
      vertex 20.6 21.1213 4.19264
      vertex 48.4 21.4271 3.83468
      vertex 20.6 21.4271 3.83468
    endloop
  endfacet
  facet normal 0 -0.996923 -0.0783858
    outer loop
      vertex 20.6 16.0369 1.60202
      vertex 48.4 16 2.07132
      vertex 20.6 16 2.07132
    endloop
  endfacet
  facet normal 0 -0.996923 -0.0783858
    outer loop
      vertex 48.4 16 2.07132
      vertex 20.6 16.0369 1.60202
      vertex 48.4 16.0369 1.60202
    endloop
  endfacet
  facet normal 0 -0.760329 0.649538
    outer loop
      vertex 20.6 16.5729 3.83468
      vertex 48.4 16.8787 4.19264
      vertex 20.6 16.8787 4.19264
    endloop
  endfacet
  facet normal 0 -0.760329 0.649538
    outer loop
      vertex 48.4 16.8787 4.19264
      vertex 20.6 16.5729 3.83468
      vertex 48.4 16.5729 3.83468
    endloop
  endfacet
  facet normal -0 0.649515 0.760349
    outer loop
      vertex 20.6 21.1213 4.19264
      vertex 48.4 20.7634 4.49837
      vertex 48.4 21.1213 4.19264
    endloop
  endfacet
  facet normal 0 0.649515 0.760349
    outer loop
      vertex 48.4 20.7634 4.49837
      vertex 20.6 21.1213 4.19264
      vertex 20.6 20.7634 4.49837
    endloop
  endfacet
  facet normal 0 0.996923 -0.0783858
    outer loop
      vertex 48.4 21.9631 1.60202
      vertex 20.6 22 2.07132
      vertex 48.4 22 2.07132
    endloop
  endfacet
  facet normal 0 0.996923 -0.0783858
    outer loop
      vertex 20.6 22 2.07132
      vertex 48.4 21.9631 1.60202
      vertex 20.6 21.9631 1.60202
    endloop
  endfacet
  facet normal 0 0.923842 -0.382774
    outer loop
      vertex 48.4 21.673 0.709349
      vertex 20.6 21.8532 1.14427
      vertex 48.4 21.8532 1.14427
    endloop
  endfacet
  facet normal 0 0.923842 -0.382774
    outer loop
      vertex 20.6 21.8532 1.14427
      vertex 48.4 21.673 0.709349
      vertex 20.6 21.673 0.709349
    endloop
  endfacet
  facet normal -0 0.233409 0.972379
    outer loop
      vertex 20.6 19.9271 4.92449
      vertex 48.4 19.4693 5.03438
      vertex 48.4 19.9271 4.92449
    endloop
  endfacet
  facet normal 0 0.233409 0.972379
    outer loop
      vertex 48.4 19.4693 5.03438
      vertex 20.6 19.9271 4.92449
      vertex 20.6 19.4693 5.03438
    endloop
  endfacet
  facet normal 0 -0.233409 0.972379
    outer loop
      vertex 20.6 18.5307 5.03438
      vertex 48.4 18.0729 4.92449
      vertex 48.4 18.5307 5.03438
    endloop
  endfacet
  facet normal 0 -0.233409 0.972379
    outer loop
      vertex 48.4 18.0729 4.92449
      vertex 20.6 18.5307 5.03438
      vertex 20.6 18.0729 4.92449
    endloop
  endfacet
  facet normal 0 0.852705 -0.522393
    outer loop
      vertex 48.4 21.4271 0.307965
      vertex 20.6 21.673 0.709349
      vertex 48.4 21.673 0.709349
    endloop
  endfacet
  facet normal 0 0.852705 -0.522393
    outer loop
      vertex 20.6 21.673 0.709349
      vertex 48.4 21.4271 0.307965
      vertex 20.6 21.4271 0.307965
    endloop
  endfacet
  facet normal 0 -0.972368 -0.233453
    outer loop
      vertex 20.6 16.1468 1.14427
      vertex 48.4 16.0369 1.60202
      vertex 20.6 16.0369 1.60202
    endloop
  endfacet
  facet normal 0 -0.972368 -0.233453
    outer loop
      vertex 48.4 16.0369 1.60202
      vertex 20.6 16.1468 1.14427
      vertex 48.4 16.1468 1.14427
    endloop
  endfacet
  facet normal 0 -0.522486 0.852648
    outer loop
      vertex 20.6 17.638 4.74434
      vertex 48.4 17.2366 4.49837
      vertex 48.4 17.638 4.74434
    endloop
  endfacet
  facet normal 0 -0.522486 0.852648
    outer loop
      vertex 48.4 17.2366 4.49837
      vertex 20.6 17.638 4.74434
      vertex 20.6 17.2366 4.49837
    endloop
  endfacet
  facet normal 0 -0.0784703 0.996916
    outer loop
      vertex 20.6 19 5.07132
      vertex 48.4 18.5307 5.03438
      vertex 48.4 19 5.07132
    endloop
  endfacet
  facet normal 0 -0.0784703 0.996916
    outer loop
      vertex 48.4 18.5307 5.03438
      vertex 20.6 19 5.07132
      vertex 20.6 18.5307 5.03438
    endloop
  endfacet
  facet normal 0 -0.996923 0.0783858
    outer loop
      vertex 20.6 16 2.07132
      vertex 48.4 16.0369 2.54062
      vertex 20.6 16.0369 2.54062
    endloop
  endfacet
  facet normal 0 -0.996923 0.0783858
    outer loop
      vertex 48.4 16.0369 2.54062
      vertex 20.6 16 2.07132
      vertex 48.4 16 2.07132
    endloop
  endfacet
  facet normal 0 0.972368 -0.233453
    outer loop
      vertex 48.4 21.8532 1.14427
      vertex 20.6 21.9631 1.60202
      vertex 48.4 21.9631 1.60202
    endloop
  endfacet
  facet normal 0 0.972368 -0.233453
    outer loop
      vertex 20.6 21.9631 1.60202
      vertex 48.4 21.8532 1.14427
      vertex 20.6 21.8532 1.14427
    endloop
  endfacet
  facet normal 0 -0.852708 0.522387
    outer loop
      vertex 20.6 16.327 3.43329
      vertex 48.4 16.5729 3.83468
      vertex 20.6 16.5729 3.83468
    endloop
  endfacet
  facet normal 0 -0.852708 0.522387
    outer loop
      vertex 48.4 16.5729 3.83468
      vertex 20.6 16.327 3.43329
      vertex 48.4 16.327 3.43329
    endloop
  endfacet
  facet normal -0 0.0784703 0.996916
    outer loop
      vertex 20.6 19.4693 5.03438
      vertex 48.4 19 5.07132
      vertex 48.4 19.4693 5.03438
    endloop
  endfacet
  facet normal 0 0.0784703 0.996916
    outer loop
      vertex 48.4 19 5.07132
      vertex 20.6 19.4693 5.03438
      vertex 20.6 19 5.07132
    endloop
  endfacet
  facet normal -0 0.522486 0.852648
    outer loop
      vertex 20.6 20.7634 4.49837
      vertex 48.4 20.362 4.74434
      vertex 48.4 20.7634 4.49837
    endloop
  endfacet
  facet normal 0 0.522486 0.852648
    outer loop
      vertex 48.4 20.362 4.74434
      vertex 20.6 20.7634 4.49837
      vertex 20.6 20.362 4.74434
    endloop
  endfacet
  facet normal 0 -0.760317 -0.649552
    outer loop
      vertex 20.6 16.836 0
      vertex 48.4 16.5729 0.307965
      vertex 20.6 16.5729 0.307965
    endloop
  endfacet
  facet normal 0 -0.760317 -0.649552
    outer loop
      vertex 48.4 16.5729 0.307965
      vertex 20.6 16.836 0
      vertex 48.4 16.836 0
    endloop
  endfacet
  facet normal 0.706063 -0.538566 0.459806
    outer loop
      vertex 49 17.3029 3.76838
      vertex 48.4 16.5729 3.83468
      vertex 49 17.0584 3.482
    endloop
  endfacet
  facet normal 0.706059 -0.538561 -0.459817
    outer loop
      vertex 49 17.0584 0.660636
      vertex 48.4 16.5729 0.307965
      vertex 49 17.3029 0.374265
    endloop
  endfacet
  facet normal 0.705978 0.459934 -0.538568
    outer loop
      vertex 48.6924 20.731 0
      vertex 48.4707 21.0713 0
      vertex 49 20.6971 0.374265
    endloop
  endfacet
  facet normal 0.706048 0.654232 -0.271067
    outer loop
      vertex 49 21.2825 1.32968
      vertex 48.4 21.673 0.709349
      vertex 48.4 21.8532 1.14427
    endloop
  endfacet
  facet normal 0.706016 0.603882 -0.369956
    outer loop
      vertex 49 21.1384 0.981744
      vertex 48.4 21.4271 0.307965
      vertex 48.4 21.673 0.709349
    endloop
  endfacet
  facet normal 0.705979 -0.538475 -0.460041
    outer loop
      vertex 48.4 16.5729 0.307965
      vertex 48.4707 16.9287 0
      vertex 49 17.3029 0.374265
    endloop
  endfacet
  facet normal 0.706011 -0.538457 -0.460014
    outer loop
      vertex 48.4707 16.9287 0
      vertex 48.4 16.5729 0.307965
      vertex 48.4 16.836 0
    endloop
  endfacet
  facet normal 1 0 0
    outer loop
      vertex 49 21.3705 2.44676
      vertex 49 21.3705 1.69588
      vertex 49 21.4 2.07132
    endloop
  endfacet
  facet normal 1 0 0
    outer loop
      vertex 49 21.2825 2.81296
      vertex 49 21.3705 1.69588
      vertex 49 21.3705 2.44676
    endloop
  endfacet
  facet normal 1 0 0
    outer loop
      vertex 49 21.2825 2.81296
      vertex 49 21.2825 1.32968
      vertex 49 21.3705 1.69588
    endloop
  endfacet
  facet normal 1 0 0
    outer loop
      vertex 49 21.1384 3.1609
      vertex 49 21.2825 1.32968
      vertex 49 21.2825 2.81296
    endloop
  endfacet
  facet normal 1 0 0
    outer loop
      vertex 49 21.1384 3.1609
      vertex 49 21.1384 0.981744
      vertex 49 21.2825 1.32968
    endloop
  endfacet
  facet normal 1 0 0
    outer loop
      vertex 49 20.9416 3.482
      vertex 49 21.1384 0.981744
      vertex 49 21.1384 3.1609
    endloop
  endfacet
  facet normal 1 0 0
    outer loop
      vertex 49 20.9416 3.482
      vertex 49 20.9416 0.660636
      vertex 49 21.1384 0.981744
    endloop
  endfacet
  facet normal 1 0 0
    outer loop
      vertex 49 20.6971 3.76838
      vertex 49 20.9416 0.660636
      vertex 49 20.9416 3.482
    endloop
  endfacet
  facet normal 1 0 0
    outer loop
      vertex 49 20.6971 3.76838
      vertex 49 20.6971 0.374265
      vertex 49 20.9416 0.660636
    endloop
  endfacet
  facet normal 1 0 0
    outer loop
      vertex 49 20.4107 4.01296
      vertex 49 20.6971 0.374265
      vertex 49 20.6971 3.76838
    endloop
  endfacet
  facet normal 1 0 0
    outer loop
      vertex 49 20.1991 0
      vertex 49 20.6971 0.374265
      vertex 49 20.4107 4.01296
    endloop
  endfacet
  facet normal 1 0 0
    outer loop
      vertex 49 20.6971 0.374265
      vertex 49 20.1991 0
      vertex 49 20.4107 0.12968
    endloop
  endfacet
  facet normal 1 0 0
    outer loop
      vertex 49 20.0896 4.20974
      vertex 49 20.1991 0
      vertex 49 20.4107 4.01296
    endloop
  endfacet
  facet normal 1 0 0
    outer loop
      vertex 49 19.7416 4.35386
      vertex 49 20.1991 0
      vertex 49 20.0896 4.20974
    endloop
  endfacet
  facet normal 1 0 0
    outer loop
      vertex 49 19.3754 4.44177
      vertex 49 20.1991 0
      vertex 49 19.7416 4.35386
    endloop
  endfacet
  facet normal 1 0 0
    outer loop
      vertex 49 19 4.47132
      vertex 49 20.1991 0
      vertex 49 19.3754 4.44177
    endloop
  endfacet
  facet normal 1 -0 0
    outer loop
      vertex 49 18.6246 4.44177
      vertex 49 20.1991 0
      vertex 49 19 4.47132
    endloop
  endfacet
  facet normal 1 -0 0
    outer loop
      vertex 49 18.2584 4.35386
      vertex 49 20.1991 0
      vertex 49 18.6246 4.44177
    endloop
  endfacet
  facet normal 1 -0 0
    outer loop
      vertex 49 17.9104 4.20974
      vertex 49 20.1991 0
      vertex 49 18.2584 4.35386
    endloop
  endfacet
  facet normal 1 0 0
    outer loop
      vertex 49 17.9104 4.20974
      vertex 49 17.8009 0
      vertex 49 20.1991 0
    endloop
  endfacet
  facet normal 1 -0 0
    outer loop
      vertex 49 17.5893 4.01296
      vertex 49 17.8009 0
      vertex 49 17.9104 4.20974
    endloop
  endfacet
  facet normal 1 -0 0
    outer loop
      vertex 49 17.3029 3.76838
      vertex 49 17.8009 0
      vertex 49 17.5893 4.01296
    endloop
  endfacet
  facet normal 1 -0 0
    outer loop
      vertex 49 17.3029 0.374265
      vertex 49 17.8009 0
      vertex 49 17.3029 3.76838
    endloop
  endfacet
  facet normal 1 0 0
    outer loop
      vertex 49 17.8009 0
      vertex 49 17.3029 0.374265
      vertex 49 17.5893 0.12968
    endloop
  endfacet
  facet normal 1 -0 0
    outer loop
      vertex 49 17.0584 3.482
      vertex 49 17.3029 0.374265
      vertex 49 17.3029 3.76838
    endloop
  endfacet
  facet normal 1 0 0
    outer loop
      vertex 49 17.0584 3.482
      vertex 49 17.0584 0.660636
      vertex 49 17.3029 0.374265
    endloop
  endfacet
  facet normal 1 -0 0
    outer loop
      vertex 49 16.8616 3.1609
      vertex 49 17.0584 0.660636
      vertex 49 17.0584 3.482
    endloop
  endfacet
  facet normal 1 0 0
    outer loop
      vertex 49 16.8616 3.1609
      vertex 49 16.8616 0.981744
      vertex 49 17.0584 0.660636
    endloop
  endfacet
  facet normal 1 -0 0
    outer loop
      vertex 49 16.7175 2.81296
      vertex 49 16.8616 0.981744
      vertex 49 16.8616 3.1609
    endloop
  endfacet
  facet normal 1 0 0
    outer loop
      vertex 49 16.7175 2.81296
      vertex 49 16.7175 1.32968
      vertex 49 16.8616 0.981744
    endloop
  endfacet
  facet normal 1 -0 0
    outer loop
      vertex 49 16.6295 2.44676
      vertex 49 16.7175 1.32968
      vertex 49 16.7175 2.81296
    endloop
  endfacet
  facet normal 1 0 0
    outer loop
      vertex 49 16.6295 2.44676
      vertex 49 16.6295 1.69588
      vertex 49 16.7175 1.32968
    endloop
  endfacet
  facet normal 1 0 -0
    outer loop
      vertex 49 16.6295 1.69588
      vertex 49 16.6295 2.44676
      vertex 49 16.6 2.07132
    endloop
  endfacet
  facet normal 0.706005 -0.706028 -0.0555134
    outer loop
      vertex 49 16.6295 1.69588
      vertex 48.4 16 2.07132
      vertex 48.4 16.0369 1.60202
    endloop
  endfacet
  facet normal 0.706015 -0.370023 0.603843
    outer loop
      vertex 48.4 17.638 4.74434
      vertex 48.4 17.2366 4.49837
      vertex 49 17.9104 4.20974
    endloop
  endfacet
  facet normal 0.706014 0.0555746 0.706014
    outer loop
      vertex 49 19.3754 4.44177
      vertex 48.4 19 5.07132
      vertex 49 19 4.47132
    endloop
  endfacet
  facet normal 0.706015 0.603886 0.369953
    outer loop
      vertex 48.4 21.673 3.43329
      vertex 48.4 21.4271 3.83468
      vertex 49 21.1384 3.1609
    endloop
  endfacet
  facet normal 0.706015 -0.0555724 0.706013
    outer loop
      vertex 48.4 19 5.07132
      vertex 48.4 18.5307 5.03438
      vertex 49 18.6246 4.44177
    endloop
  endfacet
  facet normal 0.706011 0.538457 -0.460014
    outer loop
      vertex 48.4 21.4271 0.307965
      vertex 48.4707 21.0713 0
      vertex 48.4 21.164 0
    endloop
  endfacet
  facet normal 0.705979 0.538475 -0.460041
    outer loop
      vertex 48.4707 21.0713 0
      vertex 48.4 21.4271 0.307965
      vertex 49 20.6971 0.374265
    endloop
  endfacet
  facet normal 0.706032 -0.27102 0.654268
    outer loop
      vertex 48.4 18.0729 4.92449
      vertex 48.4 17.638 4.74434
      vertex 49 18.2584 4.35386
    endloop
  endfacet
  facet normal 0.706012 -0.270974 0.654309
    outer loop
      vertex 49 18.2584 4.35386
      vertex 48.4 17.638 4.74434
      vertex 49 17.9104 4.20974
    endloop
  endfacet
  facet normal 0.706005 0.706028 -0.0555134
    outer loop
      vertex 49 21.3705 1.69588
      vertex 48.4 21.9631 1.60202
      vertex 48.4 22 2.07132
    endloop
  endfacet
  facet normal 0.706048 -0.654232 0.271067
    outer loop
      vertex 48.4 16.327 3.43329
      vertex 48.4 16.1468 2.99837
      vertex 49 16.7175 2.81296
    endloop
  endfacet
  facet normal 0.706005 0.706028 0.0555134
    outer loop
      vertex 48.4 22 2.07132
      vertex 48.4 21.9631 2.54062
      vertex 49 21.3705 2.44676
    endloop
  endfacet
  facet normal 0.706015 0.370023 0.603843
    outer loop
      vertex 48.4 20.7634 4.49837
      vertex 48.4 20.362 4.74434
      vertex 49 20.0896 4.20974
    endloop
  endfacet
  facet normal 0.70599 -0.46 0.538495
    outer loop
      vertex 48.4 17.2366 4.49837
      vertex 48.4 16.8787 4.19264
      vertex 49 17.3029 3.76838
    endloop
  endfacet
  facet normal 0.706024 -0.37004 0.603822
    outer loop
      vertex 49 17.9104 4.20974
      vertex 48.4 17.2366 4.49837
      vertex 49 17.5893 4.01296
    endloop
  endfacet
  facet normal 0.70599 0.46 0.538495
    outer loop
      vertex 48.4 21.1213 4.19264
      vertex 48.4 20.7634 4.49837
      vertex 49 20.6971 3.76838
    endloop
  endfacet
  facet normal 0.706014 -0.0555746 0.706014
    outer loop
      vertex 49 19 4.47132
      vertex 48.4 19 5.07132
      vertex 49 18.6246 4.44177
    endloop
  endfacet
  facet normal 0.70598 -0.370074 -0.603853
    outer loop
      vertex 49 17.5893 0.12968
      vertex 48.8397 17.4951 0
      vertex 49 17.8009 0
    endloop
  endfacet
  facet normal 0.706024 -0.165311 0.688624
    outer loop
      vertex 49 18.6246 4.44177
      vertex 48.4 18.0729 4.92449
      vertex 49 18.2584 4.35386
    endloop
  endfacet
  facet normal 0.706058 -0.688552 -0.165463
    outer loop
      vertex 49 16.6295 1.69588
      vertex 48.4 16.1468 1.14427
      vertex 49 16.7175 1.32968
    endloop
  endfacet
  facet normal 0.705987 -0.538484 0.460019
    outer loop
      vertex 48.4 16.8787 4.19264
      vertex 48.4 16.5729 3.83468
      vertex 49 17.3029 3.76838
    endloop
  endfacet
  facet normal 0.706007 0.688636 -0.165333
    outer loop
      vertex 49 21.3705 1.69588
      vertex 48.4 21.8532 1.14427
      vertex 48.4 21.9631 1.60202
    endloop
  endfacet
  facet normal 0.706024 0.37004 0.603822
    outer loop
      vertex 49 20.4107 4.01296
      vertex 48.4 20.7634 4.49837
      vertex 49 20.0896 4.20974
    endloop
  endfacet
  facet normal 0.706032 0.27102 0.654268
    outer loop
      vertex 48.4 20.362 4.74434
      vertex 48.4 19.9271 4.92449
      vertex 49 19.7416 4.35386
    endloop
  endfacet
  facet normal 0.706016 -0.603882 -0.369956
    outer loop
      vertex 49 16.8616 0.981744
      vertex 48.4 16.327 0.709349
      vertex 48.4 16.5729 0.307965
    endloop
  endfacet
  facet normal 0.70601 -0.654308 0.270983
    outer loop
      vertex 49 16.8616 3.1609
      vertex 48.4 16.327 3.43329
      vertex 49 16.7175 2.81296
    endloop
  endfacet
  facet normal 0.705979 0.459932 -0.538569
    outer loop
      vertex 49 20.6971 0.374265
      vertex 48.8397 20.5049 0
      vertex 48.6924 20.731 0
    endloop
  endfacet
  facet normal 0.705975 0.459937 -0.53857
    outer loop
      vertex 48.8397 20.5049 0
      vertex 49 20.6971 0.374265
      vertex 49 20.4107 0.12968
    endloop
  endfacet
  facet normal 0.706059 0.538561 -0.459817
    outer loop
      vertex 49 20.6971 0.374265
      vertex 48.4 21.4271 0.307965
      vertex 49 20.9416 0.660636
    endloop
  endfacet
  facet normal 0.706027 0.459898 0.538535
    outer loop
      vertex 49 20.6971 3.76838
      vertex 48.4 20.7634 4.49837
      vertex 49 20.4107 4.01296
    endloop
  endfacet
  facet normal 0.70598 0.370074 -0.603853
    outer loop
      vertex 49 20.1991 0
      vertex 48.8397 20.5049 0
      vertex 49 20.4107 0.12968
    endloop
  endfacet
  facet normal 0.705975 -0.459937 -0.53857
    outer loop
      vertex 49 17.3029 0.374265
      vertex 48.8397 17.4951 0
      vertex 49 17.5893 0.12968
    endloop
  endfacet
  facet normal 0.705979 -0.459932 -0.538569
    outer loop
      vertex 48.8397 17.4951 0
      vertex 49 17.3029 0.374265
      vertex 48.6924 17.269 0
    endloop
  endfacet
  facet normal 0.706019 0.165299 0.688632
    outer loop
      vertex 48.4 19.9271 4.92449
      vertex 48.4 19.4693 5.03438
      vertex 49 19.3754 4.44177
    endloop
  endfacet
  facet normal 0.706011 -0.654305 -0.270985
    outer loop
      vertex 49 16.7175 1.32968
      vertex 48.4 16.327 0.709349
      vertex 49 16.8616 0.981744
    endloop
  endfacet
  facet normal 0.706007 -0.688636 0.165333
    outer loop
      vertex 48.4 16.1468 2.99837
      vertex 48.4 16.0369 2.54062
      vertex 49 16.6295 2.44676
    endloop
  endfacet
  facet normal 0.706058 0.688552 -0.165463
    outer loop
      vertex 49 21.2825 1.32968
      vertex 48.4 21.8532 1.14427
      vertex 49 21.3705 1.69588
    endloop
  endfacet
  facet normal 0.706024 0.165311 0.688624
    outer loop
      vertex 49 19.7416 4.35386
      vertex 48.4 19.9271 4.92449
      vertex 49 19.3754 4.44177
    endloop
  endfacet
  facet normal 0.706015 0.0555724 0.706013
    outer loop
      vertex 48.4 19.4693 5.03438
      vertex 48.4 19 5.07132
      vertex 49 19.3754 4.44177
    endloop
  endfacet
  facet normal 0.706061 0.603777 -0.370042
    outer loop
      vertex 49 20.9416 0.660636
      vertex 48.4 21.4271 0.307965
      vertex 49 21.1384 0.981744
    endloop
  endfacet
  facet normal 0.70601 0.654308 0.270983
    outer loop
      vertex 49 21.2825 2.81296
      vertex 48.4 21.673 3.43329
      vertex 49 21.1384 3.1609
    endloop
  endfacet
  facet normal 0.706058 -0.688552 0.165463
    outer loop
      vertex 49 16.7175 2.81296
      vertex 48.4 16.1468 2.99837
      vertex 49 16.6295 2.44676
    endloop
  endfacet
  facet normal 0.706019 -0.165299 0.688632
    outer loop
      vertex 48.4 18.5307 5.03438
      vertex 48.4 18.0729 4.92449
      vertex 49 18.6246 4.44177
    endloop
  endfacet
  facet normal 0.706027 -0.459898 0.538535
    outer loop
      vertex 49 17.5893 4.01296
      vertex 48.4 17.2366 4.49837
      vertex 49 17.3029 3.76838
    endloop
  endfacet
  facet normal 0.706018 0.706018 -0.055475
    outer loop
      vertex 49 21.3705 1.69588
      vertex 48.4 22 2.07132
      vertex 49 21.4 2.07132
    endloop
  endfacet
  facet normal 0.706063 0.538566 0.459806
    outer loop
      vertex 49 20.9416 3.482
      vertex 48.4 21.4271 3.83468
      vertex 49 20.6971 3.76838
    endloop
  endfacet
  facet normal 0.706018 -0.706018 -0.055475
    outer loop
      vertex 49 16.6 2.07132
      vertex 48.4 16 2.07132
      vertex 49 16.6295 1.69588
    endloop
  endfacet
  facet normal 0.706007 -0.688636 -0.165333
    outer loop
      vertex 49 16.6295 1.69588
      vertex 48.4 16.0369 1.60202
      vertex 48.4 16.1468 1.14427
    endloop
  endfacet
  facet normal 0.705987 0.538484 0.460019
    outer loop
      vertex 48.4 21.4271 3.83468
      vertex 48.4 21.1213 4.19264
      vertex 49 20.6971 3.76838
    endloop
  endfacet
  facet normal 0.706064 -0.60377 0.370047
    outer loop
      vertex 49 17.0584 3.482
      vertex 48.4 16.5729 3.83468
      vertex 49 16.8616 3.1609
    endloop
  endfacet
  facet normal 0.706018 0.706018 0.055475
    outer loop
      vertex 49 21.4 2.07132
      vertex 48.4 22 2.07132
      vertex 49 21.3705 2.44676
    endloop
  endfacet
  facet normal 0.706007 0.688636 0.165333
    outer loop
      vertex 48.4 21.9631 2.54062
      vertex 48.4 21.8532 2.99837
      vertex 49 21.3705 2.44676
    endloop
  endfacet
  facet normal 0.706015 -0.603886 0.369953
    outer loop
      vertex 48.4 16.5729 3.83468
      vertex 48.4 16.327 3.43329
      vertex 49 16.8616 3.1609
    endloop
  endfacet
  facet normal 0.706061 -0.603777 -0.370042
    outer loop
      vertex 49 16.8616 0.981744
      vertex 48.4 16.5729 0.307965
      vertex 49 17.0584 0.660636
    endloop
  endfacet
  facet normal 0.706012 0.270974 0.654309
    outer loop
      vertex 49 20.0896 4.20974
      vertex 48.4 20.362 4.74434
      vertex 49 19.7416 4.35386
    endloop
  endfacet
  facet normal 0.705978 -0.459934 -0.538568
    outer loop
      vertex 49 17.3029 0.374265
      vertex 48.4707 16.9287 0
      vertex 48.6924 17.269 0
    endloop
  endfacet
  facet normal 0.706048 0.654232 0.271067
    outer loop
      vertex 48.4 21.8532 2.99837
      vertex 48.4 21.673 3.43329
      vertex 49 21.2825 2.81296
    endloop
  endfacet
  facet normal 0.706011 0.654305 -0.270985
    outer loop
      vertex 49 21.1384 0.981744
      vertex 48.4 21.673 0.709349
      vertex 49 21.2825 1.32968
    endloop
  endfacet
  facet normal 0.706048 -0.654232 -0.271067
    outer loop
      vertex 49 16.7175 1.32968
      vertex 48.4 16.1468 1.14427
      vertex 48.4 16.327 0.709349
    endloop
  endfacet
  facet normal 0.706058 0.688552 0.165463
    outer loop
      vertex 49 21.3705 2.44676
      vertex 48.4 21.8532 2.99837
      vertex 49 21.2825 2.81296
    endloop
  endfacet
  facet normal 0.706064 0.60377 0.370047
    outer loop
      vertex 49 21.1384 3.1609
      vertex 48.4 21.4271 3.83468
      vertex 49 20.9416 3.482
    endloop
  endfacet
  facet normal 0.706005 -0.706028 0.0555134
    outer loop
      vertex 48.4 16.0369 2.54062
      vertex 48.4 16 2.07132
      vertex 49 16.6295 2.44676
    endloop
  endfacet
  facet normal 0.706018 -0.706018 0.055475
    outer loop
      vertex 49 16.6295 2.44676
      vertex 48.4 16 2.07132
      vertex 49 16.6 2.07132
    endloop
  endfacet
  facet normal 0 0 -1
    outer loop
      vertex 48.8397 17.4951 0
      vertex 49 20.1991 0
      vertex 49 17.8009 0
    endloop
  endfacet
  facet normal 0 0 -1
    outer loop
      vertex 48.8397 17.4951 0
      vertex 48.8397 20.5049 0
      vertex 49 20.1991 0
    endloop
  endfacet
  facet normal 0 0 -1
    outer loop
      vertex 48.6924 17.269 0
      vertex 48.8397 20.5049 0
      vertex 48.8397 17.4951 0
    endloop
  endfacet
  facet normal 0 0 -1
    outer loop
      vertex 48.6924 17.269 0
      vertex 48.6924 20.731 0
      vertex 48.8397 20.5049 0
    endloop
  endfacet
  facet normal 0 0 -1
    outer loop
      vertex 48.4707 16.9287 0
      vertex 48.6924 20.731 0
      vertex 48.6924 17.269 0
    endloop
  endfacet
  facet normal 0 0 -1
    outer loop
      vertex 48.4707 16.9287 0
      vertex 48.4707 21.0713 0
      vertex 48.6924 20.731 0
    endloop
  endfacet
  facet normal 0 0 -1
    outer loop
      vertex 48.4 16.836 0
      vertex 48.4707 21.0713 0
      vertex 48.4707 16.9287 0
    endloop
  endfacet
  facet normal 0 0 -1
    outer loop
      vertex 48.4 16.836 0
      vertex 48.4 21.164 0
      vertex 48.4707 21.0713 0
    endloop
  endfacet
  facet normal 0 0 -1
    outer loop
      vertex 20.6 16.836 0
      vertex 48.4 21.164 0
      vertex 48.4 16.836 0
    endloop
  endfacet
  facet normal 0 0 -1
    outer loop
      vertex 20.6 16.836 0
      vertex 20.6 21.164 0
      vertex 48.4 21.164 0
    endloop
  endfacet
  facet normal 0 0 -1
    outer loop
      vertex 20.5293 16.9287 0
      vertex 20.6 21.164 0
      vertex 20.6 16.836 0
    endloop
  endfacet
  facet normal 0 0 -1
    outer loop
      vertex 20.5293 16.9287 0
      vertex 20.5293 21.0713 0
      vertex 20.6 21.164 0
    endloop
  endfacet
  facet normal 0 0 -1
    outer loop
      vertex 20.3076 17.269 0
      vertex 20.5293 21.0713 0
      vertex 20.5293 16.9287 0
    endloop
  endfacet
  facet normal 0 0 -1
    outer loop
      vertex 20.3076 17.269 0
      vertex 20.3076 20.731 0
      vertex 20.5293 21.0713 0
    endloop
  endfacet
  facet normal 0 0 -1
    outer loop
      vertex 20.1603 17.4951 0
      vertex 20.3076 20.731 0
      vertex 20.3076 17.269 0
    endloop
  endfacet
  facet normal 0 0 -1
    outer loop
      vertex 20.1603 17.4951 0
      vertex 20.1603 20.5049 0
      vertex 20.3076 20.731 0
    endloop
  endfacet
  facet normal 0 0 -1
    outer loop
      vertex 20 17.8009 0
      vertex 20.1603 20.5049 0
      vertex 20.1603 17.4951 0
    endloop
  endfacet
  facet normal 0 0 -1
    outer loop
      vertex 20.1603 20.5049 0
      vertex 20 17.8009 0
      vertex 20 20.1991 0
    endloop
  endfacet
  facet normal -0.706024 0.165311 0.688624
    outer loop
      vertex 55 19.7416 4.35386
      vertex 55 19.3754 4.44177
      vertex 55.6 19.9271 4.92449
    endloop
  endfacet
  facet normal -0.706014 -0.0555746 0.706014
    outer loop
      vertex 55 19 4.47132
      vertex 55 18.6246 4.44177
      vertex 55.6 19 5.07132
    endloop
  endfacet
  facet normal -0.706032 0.27102 0.654268
    outer loop
      vertex 55.6 20.362 4.74434
      vertex 55 19.7416 4.35386
      vertex 55.6 19.9271 4.92449
    endloop
  endfacet
  facet normal -0.706048 -0.654232 -0.271067
    outer loop
      vertex 55.6 16.1468 1.14427
      vertex 55 16.7175 1.32968
      vertex 55.6 16.327 0.709349
    endloop
  endfacet
  facet normal -0.706058 0.688552 -0.165463
    outer loop
      vertex 55.6 21.8532 1.14427
      vertex 55 21.2825 1.32968
      vertex 55 21.3705 1.69588
    endloop
  endfacet
  facet normal -0.70599 0.46 0.538495
    outer loop
      vertex 55.6 21.1213 4.19264
      vertex 55 20.6971 3.76838
      vertex 55.6 20.7634 4.49837
    endloop
  endfacet
  facet normal -0.706011 0.654305 -0.270985
    outer loop
      vertex 55.6 21.673 0.709349
      vertex 55 21.1384 0.981744
      vertex 55 21.2825 1.32968
    endloop
  endfacet
  facet normal -0.706011 0.538457 -0.460014
    outer loop
      vertex 55.5293 21.0713 0
      vertex 55.6 21.4271 0.307965
      vertex 55.6 21.164 0
    endloop
  endfacet
  facet normal -0.705979 0.538475 -0.460041
    outer loop
      vertex 55.6 21.4271 0.307965
      vertex 55.5293 21.0713 0
      vertex 55 20.6971 0.374265
    endloop
  endfacet
  facet normal -0.706018 0.706018 -0.055475
    outer loop
      vertex 55.6 22 2.07132
      vertex 55 21.3705 1.69588
      vertex 55 21.4 2.07132
    endloop
  endfacet
  facet normal -0.70601 -0.654308 0.270983
    outer loop
      vertex 55 16.8616 3.1609
      vertex 55 16.7175 2.81296
      vertex 55.6 16.327 3.43329
    endloop
  endfacet
  facet normal -0.70598 0.370074 -0.603853
    outer loop
      vertex 55.1603 20.5049 0
      vertex 55 20.1991 0
      vertex 55 20.4107 0.12968
    endloop
  endfacet
  facet normal -0.706007 -0.688636 -0.165333
    outer loop
      vertex 55.6 16.0369 1.60202
      vertex 55 16.6295 1.69588
      vertex 55.6 16.1468 1.14427
    endloop
  endfacet
  facet normal -0.706015 0.0555724 0.706013
    outer loop
      vertex 55.6 19.4693 5.03438
      vertex 55 19.3754 4.44177
      vertex 55.6 19 5.07132
    endloop
  endfacet
  facet normal -0.706011 -0.538457 -0.460014
    outer loop
      vertex 55.6 16.5729 0.307965
      vertex 55.5293 16.9287 0
      vertex 55.6 16.836 0
    endloop
  endfacet
  facet normal -0.705979 -0.538475 -0.460041
    outer loop
      vertex 55.5293 16.9287 0
      vertex 55.6 16.5729 0.307965
      vertex 55 17.3029 0.374265
    endloop
  endfacet
  facet normal -0.705978 0.459934 -0.538568
    outer loop
      vertex 55.3076 20.731 0
      vertex 55 20.6971 0.374265
      vertex 55.5293 21.0713 0
    endloop
  endfacet
  facet normal -0.706058 0.688552 0.165463
    outer loop
      vertex 55 21.3705 2.44676
      vertex 55 21.2825 2.81296
      vertex 55.6 21.8532 2.99837
    endloop
  endfacet
  facet normal -0.706011 -0.654305 -0.270985
    outer loop
      vertex 55.6 16.327 0.709349
      vertex 55 16.7175 1.32968
      vertex 55 16.8616 0.981744
    endloop
  endfacet
  facet normal -0.705987 0.538484 0.460019
    outer loop
      vertex 55.6 21.4271 3.83468
      vertex 55 20.6971 3.76838
      vertex 55.6 21.1213 4.19264
    endloop
  endfacet
  facet normal -0.706019 -0.165299 0.688632
    outer loop
      vertex 55.6 18.5307 5.03438
      vertex 55 18.6246 4.44177
      vertex 55.6 18.0729 4.92449
    endloop
  endfacet
  facet normal -0.706005 -0.706028 -0.0555134
    outer loop
      vertex 55.6 16 2.07132
      vertex 55 16.6295 1.69588
      vertex 55.6 16.0369 1.60202
    endloop
  endfacet
  facet normal -0.705978 -0.459934 -0.538568
    outer loop
      vertex 55.5293 16.9287 0
      vertex 55 17.3029 0.374265
      vertex 55.3076 17.269 0
    endloop
  endfacet
  facet normal -0.706016 0.603882 -0.369956
    outer loop
      vertex 55.6 21.4271 0.307965
      vertex 55 21.1384 0.981744
      vertex 55.6 21.673 0.709349
    endloop
  endfacet
  facet normal -0.706059 -0.538561 -0.459817
    outer loop
      vertex 55.6 16.5729 0.307965
      vertex 55 17.0584 0.660636
      vertex 55 17.3029 0.374265
    endloop
  endfacet
  facet normal -0.706027 -0.459898 0.538535
    outer loop
      vertex 55 17.5893 4.01296
      vertex 55 17.3029 3.76838
      vertex 55.6 17.2366 4.49837
    endloop
  endfacet
  facet normal -0.70599 -0.46 0.538495
    outer loop
      vertex 55.6 17.2366 4.49837
      vertex 55 17.3029 3.76838
      vertex 55.6 16.8787 4.19264
    endloop
  endfacet
  facet normal -0.706005 0.706028 -0.0555134
    outer loop
      vertex 55.6 21.9631 1.60202
      vertex 55 21.3705 1.69588
      vertex 55.6 22 2.07132
    endloop
  endfacet
  facet normal -0.706014 0.0555746 0.706014
    outer loop
      vertex 55 19.3754 4.44177
      vertex 55 19 4.47132
      vertex 55.6 19 5.07132
    endloop
  endfacet
  facet normal -0.706012 0.270974 0.654309
    outer loop
      vertex 55 20.0896 4.20974
      vertex 55 19.7416 4.35386
      vertex 55.6 20.362 4.74434
    endloop
  endfacet
  facet normal -0.706005 -0.706028 0.0555134
    outer loop
      vertex 55.6 16.0369 2.54062
      vertex 55 16.6295 2.44676
      vertex 55.6 16 2.07132
    endloop
  endfacet
  facet normal -0.706061 -0.603777 -0.370042
    outer loop
      vertex 55.6 16.5729 0.307965
      vertex 55 16.8616 0.981744
      vertex 55 17.0584 0.660636
    endloop
  endfacet
  facet normal -0.706063 -0.538566 0.459806
    outer loop
      vertex 55 17.3029 3.76838
      vertex 55 17.0584 3.482
      vertex 55.6 16.5729 3.83468
    endloop
  endfacet
  facet normal -0.706024 -0.37004 0.603822
    outer loop
      vertex 55 17.9104 4.20974
      vertex 55 17.5893 4.01296
      vertex 55.6 17.2366 4.49837
    endloop
  endfacet
  facet normal -0.706027 0.459898 0.538535
    outer loop
      vertex 55 20.6971 3.76838
      vertex 55 20.4107 4.01296
      vertex 55.6 20.7634 4.49837
    endloop
  endfacet
  facet normal -0.706007 0.688636 -0.165333
    outer loop
      vertex 55.6 21.8532 1.14427
      vertex 55 21.3705 1.69588
      vertex 55.6 21.9631 1.60202
    endloop
  endfacet
  facet normal -0.706061 0.603777 -0.370042
    outer loop
      vertex 55.6 21.4271 0.307965
      vertex 55 20.9416 0.660636
      vertex 55 21.1384 0.981744
    endloop
  endfacet
  facet normal -0.706016 -0.603882 -0.369956
    outer loop
      vertex 55.6 16.327 0.709349
      vertex 55 16.8616 0.981744
      vertex 55.6 16.5729 0.307965
    endloop
  endfacet
  facet normal -0.706048 0.654232 -0.271067
    outer loop
      vertex 55.6 21.673 0.709349
      vertex 55 21.2825 1.32968
      vertex 55.6 21.8532 1.14427
    endloop
  endfacet
  facet normal -0.706018 0.706018 0.055475
    outer loop
      vertex 55 21.4 2.07132
      vertex 55 21.3705 2.44676
      vertex 55.6 22 2.07132
    endloop
  endfacet
  facet normal -0.706048 -0.654232 0.271067
    outer loop
      vertex 55.6 16.327 3.43329
      vertex 55 16.7175 2.81296
      vertex 55.6 16.1468 2.99837
    endloop
  endfacet
  facet normal -0.706064 0.60377 0.370047
    outer loop
      vertex 55 21.1384 3.1609
      vertex 55 20.9416 3.482
      vertex 55.6 21.4271 3.83468
    endloop
  endfacet
  facet normal -0.706058 -0.688552 -0.165463
    outer loop
      vertex 55.6 16.1468 1.14427
      vertex 55 16.6295 1.69588
      vertex 55 16.7175 1.32968
    endloop
  endfacet
  facet normal -0.705987 -0.538484 0.460019
    outer loop
      vertex 55.6 16.8787 4.19264
      vertex 55 17.3029 3.76838
      vertex 55.6 16.5729 3.83468
    endloop
  endfacet
  facet normal -0.70598 -0.370074 -0.603853
    outer loop
      vertex 55.1603 17.4951 0
      vertex 55 17.5893 0.12968
      vertex 55 17.8009 0
    endloop
  endfacet
  facet normal -0.706063 0.538566 0.459806
    outer loop
      vertex 55 20.9416 3.482
      vertex 55 20.6971 3.76838
      vertex 55.6 21.4271 3.83468
    endloop
  endfacet
  facet normal -0.706015 0.603886 0.369953
    outer loop
      vertex 55.6 21.673 3.43329
      vertex 55 21.1384 3.1609
      vertex 55.6 21.4271 3.83468
    endloop
  endfacet
  facet normal -0.706015 0.370023 0.603843
    outer loop
      vertex 55.6 20.7634 4.49837
      vertex 55 20.0896 4.20974
      vertex 55.6 20.362 4.74434
    endloop
  endfacet
  facet normal -0.706024 -0.165311 0.688624
    outer loop
      vertex 55 18.6246 4.44177
      vertex 55 18.2584 4.35386
      vertex 55.6 18.0729 4.92449
    endloop
  endfacet
  facet normal -0.706015 -0.370023 0.603843
    outer loop
      vertex 55.6 17.638 4.74434
      vertex 55 17.9104 4.20974
      vertex 55.6 17.2366 4.49837
    endloop
  endfacet
  facet normal -0.706048 0.654232 0.271067
    outer loop
      vertex 55.6 21.8532 2.99837
      vertex 55 21.2825 2.81296
      vertex 55.6 21.673 3.43329
    endloop
  endfacet
  facet normal -0.706018 -0.706018 -0.055475
    outer loop
      vertex 55.6 16 2.07132
      vertex 55 16.6 2.07132
      vertex 55 16.6295 1.69588
    endloop
  endfacet
  facet normal -0.706064 -0.60377 0.370047
    outer loop
      vertex 55 17.0584 3.482
      vertex 55 16.8616 3.1609
      vertex 55.6 16.5729 3.83468
    endloop
  endfacet
  facet normal -0.705979 0.459932 -0.538569
    outer loop
      vertex 55.1603 20.5049 0
      vertex 55 20.6971 0.374265
      vertex 55.3076 20.731 0
    endloop
  endfacet
  facet normal -0.705975 0.459937 -0.53857
    outer loop
      vertex 55 20.6971 0.374265
      vertex 55.1603 20.5049 0
      vertex 55 20.4107 0.12968
    endloop
  endfacet
  facet normal -0.706058 -0.688552 0.165463
    outer loop
      vertex 55 16.7175 2.81296
      vertex 55 16.6295 2.44676
      vertex 55.6 16.1468 2.99837
    endloop
  endfacet
  facet normal -0.706032 -0.27102 0.654268
    outer loop
      vertex 55.6 18.0729 4.92449
      vertex 55 18.2584 4.35386
      vertex 55.6 17.638 4.74434
    endloop
  endfacet
  facet normal -0.706059 0.538561 -0.459817
    outer loop
      vertex 55.6 21.4271 0.307965
      vertex 55 20.6971 0.374265
      vertex 55 20.9416 0.660636
    endloop
  endfacet
  facet normal -0.705975 -0.459937 -0.53857
    outer loop
      vertex 55.1603 17.4951 0
      vertex 55 17.3029 0.374265
      vertex 55 17.5893 0.12968
    endloop
  endfacet
  facet normal -0.705979 -0.459932 -0.538569
    outer loop
      vertex 55 17.3029 0.374265
      vertex 55.1603 17.4951 0
      vertex 55.3076 17.269 0
    endloop
  endfacet
  facet normal -0.706007 -0.688636 0.165333
    outer loop
      vertex 55.6 16.1468 2.99837
      vertex 55 16.6295 2.44676
      vertex 55.6 16.0369 2.54062
    endloop
  endfacet
  facet normal -0.706012 -0.270974 0.654309
    outer loop
      vertex 55 18.2584 4.35386
      vertex 55 17.9104 4.20974
      vertex 55.6 17.638 4.74434
    endloop
  endfacet
  facet normal -0.706019 0.165299 0.688632
    outer loop
      vertex 55.6 19.9271 4.92449
      vertex 55 19.3754 4.44177
      vertex 55.6 19.4693 5.03438
    endloop
  endfacet
  facet normal -0.706015 -0.0555724 0.706013
    outer loop
      vertex 55.6 19 5.07132
      vertex 55 18.6246 4.44177
      vertex 55.6 18.5307 5.03438
    endloop
  endfacet
  facet normal -0.706024 0.37004 0.603822
    outer loop
      vertex 55 20.4107 4.01296
      vertex 55 20.0896 4.20974
      vertex 55.6 20.7634 4.49837
    endloop
  endfacet
  facet normal -1 0 0
    outer loop
      vertex 55 21.3705 1.69588
      vertex 55 21.3705 2.44676
      vertex 55 21.4 2.07132
    endloop
  endfacet
  facet normal -1 0 0
    outer loop
      vertex 55 21.2825 1.32968
      vertex 55 21.3705 2.44676
      vertex 55 21.3705 1.69588
    endloop
  endfacet
  facet normal -1 0 0
    outer loop
      vertex 55 21.2825 1.32968
      vertex 55 21.2825 2.81296
      vertex 55 21.3705 2.44676
    endloop
  endfacet
  facet normal -1 0 0
    outer loop
      vertex 55 21.1384 0.981744
      vertex 55 21.2825 2.81296
      vertex 55 21.2825 1.32968
    endloop
  endfacet
  facet normal -1 0 0
    outer loop
      vertex 55 21.1384 0.981744
      vertex 55 21.1384 3.1609
      vertex 55 21.2825 2.81296
    endloop
  endfacet
  facet normal -1 0 0
    outer loop
      vertex 55 20.9416 0.660636
      vertex 55 21.1384 3.1609
      vertex 55 21.1384 0.981744
    endloop
  endfacet
  facet normal -1 0 0
    outer loop
      vertex 55 20.9416 0.660636
      vertex 55 20.9416 3.482
      vertex 55 21.1384 3.1609
    endloop
  endfacet
  facet normal -1 0 0
    outer loop
      vertex 55 20.6971 0.374265
      vertex 55 20.9416 3.482
      vertex 55 20.9416 0.660636
    endloop
  endfacet
  facet normal -1 0 0
    outer loop
      vertex 55 20.6971 0.374265
      vertex 55 20.6971 3.76838
      vertex 55 20.9416 3.482
    endloop
  endfacet
  facet normal -1 0 0
    outer loop
      vertex 55 20.1991 0
      vertex 55 20.6971 0.374265
      vertex 55 20.4107 0.12968
    endloop
  endfacet
  facet normal -1 -0 0
    outer loop
      vertex 55 20.6971 0.374265
      vertex 55 20.1991 0
      vertex 55 20.6971 3.76838
    endloop
  endfacet
  facet normal -1 -0 0
    outer loop
      vertex 55 20.6971 3.76838
      vertex 55 20.1991 0
      vertex 55 20.4107 4.01296
    endloop
  endfacet
  facet normal -1 0 0
    outer loop
      vertex 55 20.1991 0
      vertex 55 20.0896 4.20974
      vertex 55 20.4107 4.01296
    endloop
  endfacet
  facet normal -1 0 0
    outer loop
      vertex 55 20.1991 0
      vertex 55 19.7416 4.35386
      vertex 55 20.0896 4.20974
    endloop
  endfacet
  facet normal -1 0 0
    outer loop
      vertex 55 20.1991 0
      vertex 55 19.3754 4.44177
      vertex 55 19.7416 4.35386
    endloop
  endfacet
  facet normal -1 0 0
    outer loop
      vertex 55 20.1991 0
      vertex 55 19 4.47132
      vertex 55 19.3754 4.44177
    endloop
  endfacet
  facet normal -1 0 0
    outer loop
      vertex 55 20.1991 0
      vertex 55 18.6246 4.44177
      vertex 55 19 4.47132
    endloop
  endfacet
  facet normal -1 0 0
    outer loop
      vertex 55 20.1991 0
      vertex 55 18.2584 4.35386
      vertex 55 18.6246 4.44177
    endloop
  endfacet
  facet normal -1 0 0
    outer loop
      vertex 55 20.1991 0
      vertex 55 17.9104 4.20974
      vertex 55 18.2584 4.35386
    endloop
  endfacet
  facet normal -1 0 0
    outer loop
      vertex 55 17.8009 0
      vertex 55 17.9104 4.20974
      vertex 55 20.1991 0
    endloop
  endfacet
  facet normal -1 0 0
    outer loop
      vertex 55 17.3029 0.374265
      vertex 55 17.8009 0
      vertex 55 17.5893 0.12968
    endloop
  endfacet
  facet normal -1 0 0
    outer loop
      vertex 55 17.8009 0
      vertex 55 17.5893 4.01296
      vertex 55 17.9104 4.20974
    endloop
  endfacet
  facet normal -1 0 0
    outer loop
      vertex 55 17.8009 0
      vertex 55 17.3029 0.374265
      vertex 55 17.5893 4.01296
    endloop
  endfacet
  facet normal -1 0 0
    outer loop
      vertex 55 17.3029 0.374265
      vertex 55 17.3029 3.76838
      vertex 55 17.5893 4.01296
    endloop
  endfacet
  facet normal -1 0 0
    outer loop
      vertex 55 17.0584 0.660636
      vertex 55 17.3029 3.76838
      vertex 55 17.3029 0.374265
    endloop
  endfacet
  facet normal -1 0 0
    outer loop
      vertex 55 17.0584 0.660636
      vertex 55 17.0584 3.482
      vertex 55 17.3029 3.76838
    endloop
  endfacet
  facet normal -1 0 0
    outer loop
      vertex 55 16.8616 0.981744
      vertex 55 17.0584 3.482
      vertex 55 17.0584 0.660636
    endloop
  endfacet
  facet normal -1 0 0
    outer loop
      vertex 55 16.8616 0.981744
      vertex 55 16.8616 3.1609
      vertex 55 17.0584 3.482
    endloop
  endfacet
  facet normal -1 0 0
    outer loop
      vertex 55 16.7175 1.32968
      vertex 55 16.8616 3.1609
      vertex 55 16.8616 0.981744
    endloop
  endfacet
  facet normal -1 0 0
    outer loop
      vertex 55 16.7175 1.32968
      vertex 55 16.7175 2.81296
      vertex 55 16.8616 3.1609
    endloop
  endfacet
  facet normal -1 0 0
    outer loop
      vertex 55 16.6295 1.69588
      vertex 55 16.7175 2.81296
      vertex 55 16.7175 1.32968
    endloop
  endfacet
  facet normal -1 0 0
    outer loop
      vertex 55 16.6295 1.69588
      vertex 55 16.6295 2.44676
      vertex 55 16.7175 2.81296
    endloop
  endfacet
  facet normal -1 0 -0
    outer loop
      vertex 55 16.6295 2.44676
      vertex 55 16.6295 1.69588
      vertex 55 16.6 2.07132
    endloop
  endfacet
  facet normal -0.706007 0.688636 0.165333
    outer loop
      vertex 55.6 21.9631 2.54062
      vertex 55 21.3705 2.44676
      vertex 55.6 21.8532 2.99837
    endloop
  endfacet
  facet normal -0.706005 0.706028 0.0555134
    outer loop
      vertex 55.6 22 2.07132
      vertex 55 21.3705 2.44676
      vertex 55.6 21.9631 2.54062
    endloop
  endfacet
  facet normal -0.706015 -0.603886 0.369953
    outer loop
      vertex 55.6 16.5729 3.83468
      vertex 55 16.8616 3.1609
      vertex 55.6 16.327 3.43329
    endloop
  endfacet
  facet normal -0.706018 -0.706018 0.055475
    outer loop
      vertex 55 16.6295 2.44676
      vertex 55 16.6 2.07132
      vertex 55.6 16 2.07132
    endloop
  endfacet
  facet normal -0.70601 0.654308 0.270983
    outer loop
      vertex 55 21.2825 2.81296
      vertex 55 21.1384 3.1609
      vertex 55.6 21.673 3.43329
    endloop
  endfacet
  facet normal -0 0.382699 0.923873
    outer loop
      vertex 55.6 20.362 4.74434
      vertex 83.4 19.9271 4.92449
      vertex 83.4 20.362 4.74434
    endloop
  endfacet
  facet normal 0 0.382699 0.923873
    outer loop
      vertex 83.4 19.9271 4.92449
      vertex 55.6 20.362 4.74434
      vertex 55.6 19.9271 4.92449
    endloop
  endfacet
  facet normal 0 -0.852705 -0.522393
    outer loop
      vertex 55.6 16.5729 0.307965
      vertex 83.4 16.327 0.709349
      vertex 55.6 16.327 0.709349
    endloop
  endfacet
  facet normal 0 -0.852705 -0.522393
    outer loop
      vertex 83.4 16.327 0.709349
      vertex 55.6 16.5729 0.307965
      vertex 83.4 16.5729 0.307965
    endloop
  endfacet
  facet normal 0 -0.923842 -0.382774
    outer loop
      vertex 55.6 16.327 0.709349
      vertex 83.4 16.1468 1.14427
      vertex 55.6 16.1468 1.14427
    endloop
  endfacet
  facet normal 0 -0.923842 -0.382774
    outer loop
      vertex 83.4 16.1468 1.14427
      vertex 55.6 16.327 0.709349
      vertex 83.4 16.327 0.709349
    endloop
  endfacet
  facet normal 0 0.923842 0.382775
    outer loop
      vertex 83.4 21.8532 2.99837
      vertex 55.6 21.673 3.43329
      vertex 83.4 21.673 3.43329
    endloop
  endfacet
  facet normal 0 0.923842 0.382775
    outer loop
      vertex 55.6 21.673 3.43329
      vertex 83.4 21.8532 2.99837
      vertex 55.6 21.8532 2.99837
    endloop
  endfacet
  facet normal 0 -0.923842 0.382775
    outer loop
      vertex 55.6 16.1468 2.99837
      vertex 83.4 16.327 3.43329
      vertex 55.6 16.327 3.43329
    endloop
  endfacet
  facet normal 0 -0.923842 0.382775
    outer loop
      vertex 83.4 16.327 3.43329
      vertex 55.6 16.1468 2.99837
      vertex 83.4 16.1468 2.99837
    endloop
  endfacet
  facet normal 0 0.852708 0.522387
    outer loop
      vertex 83.4 21.673 3.43329
      vertex 55.6 21.4271 3.83468
      vertex 83.4 21.4271 3.83468
    endloop
  endfacet
  facet normal 0 0.852708 0.522387
    outer loop
      vertex 55.6 21.4271 3.83468
      vertex 83.4 21.673 3.43329
      vertex 55.6 21.673 3.43329
    endloop
  endfacet
  facet normal 0 0.760317 -0.649552
    outer loop
      vertex 83.4 21.164 0
      vertex 55.6 21.4271 0.307965
      vertex 83.4 21.4271 0.307965
    endloop
  endfacet
  facet normal 0 0.760317 -0.649552
    outer loop
      vertex 55.6 21.4271 0.307965
      vertex 83.4 21.164 0
      vertex 55.6 21.164 0
    endloop
  endfacet
  facet normal 0 0.972368 0.233453
    outer loop
      vertex 83.4 21.9631 2.54062
      vertex 55.6 21.8532 2.99837
      vertex 83.4 21.8532 2.99837
    endloop
  endfacet
  facet normal 0 0.972368 0.233453
    outer loop
      vertex 55.6 21.8532 2.99837
      vertex 83.4 21.9631 2.54062
      vertex 55.6 21.9631 2.54062
    endloop
  endfacet
  facet normal 0 -0.382699 0.923873
    outer loop
      vertex 55.6 18.0729 4.92449
      vertex 83.4 17.638 4.74434
      vertex 83.4 18.0729 4.92449
    endloop
  endfacet
  facet normal 0 -0.382699 0.923873
    outer loop
      vertex 83.4 17.638 4.74434
      vertex 55.6 18.0729 4.92449
      vertex 55.6 17.638 4.74434
    endloop
  endfacet
  facet normal 0 0.996923 0.0783858
    outer loop
      vertex 83.4 22 2.07132
      vertex 55.6 21.9631 2.54062
      vertex 83.4 21.9631 2.54062
    endloop
  endfacet
  facet normal 0 0.996923 0.0783858
    outer loop
      vertex 55.6 21.9631 2.54062
      vertex 83.4 22 2.07132
      vertex 55.6 22 2.07132
    endloop
  endfacet
  facet normal 0 -0.972368 0.233453
    outer loop
      vertex 55.6 16.0369 2.54062
      vertex 83.4 16.1468 2.99837
      vertex 55.6 16.1468 2.99837
    endloop
  endfacet
  facet normal 0 -0.972368 0.233453
    outer loop
      vertex 83.4 16.1468 2.99837
      vertex 55.6 16.0369 2.54062
      vertex 83.4 16.0369 2.54062
    endloop
  endfacet
  facet normal 0 -0.649515 0.760349
    outer loop
      vertex 55.6 17.2366 4.49837
      vertex 83.4 16.8787 4.19264
      vertex 83.4 17.2366 4.49837
    endloop
  endfacet
  facet normal 0 -0.649515 0.760349
    outer loop
      vertex 83.4 16.8787 4.19264
      vertex 55.6 17.2366 4.49837
      vertex 55.6 16.8787 4.19264
    endloop
  endfacet
  facet normal 0 0.760329 0.649538
    outer loop
      vertex 83.4 21.4271 3.83468
      vertex 55.6 21.1213 4.19264
      vertex 83.4 21.1213 4.19264
    endloop
  endfacet
  facet normal 0 0.760329 0.649538
    outer loop
      vertex 55.6 21.1213 4.19264
      vertex 83.4 21.4271 3.83468
      vertex 55.6 21.4271 3.83468
    endloop
  endfacet
  facet normal 0 -0.996923 -0.0783858
    outer loop
      vertex 55.6 16.0369 1.60202
      vertex 83.4 16 2.07132
      vertex 55.6 16 2.07132
    endloop
  endfacet
  facet normal 0 -0.996923 -0.0783858
    outer loop
      vertex 83.4 16 2.07132
      vertex 55.6 16.0369 1.60202
      vertex 83.4 16.0369 1.60202
    endloop
  endfacet
  facet normal 0 -0.760329 0.649538
    outer loop
      vertex 55.6 16.5729 3.83468
      vertex 83.4 16.8787 4.19264
      vertex 55.6 16.8787 4.19264
    endloop
  endfacet
  facet normal 0 -0.760329 0.649538
    outer loop
      vertex 83.4 16.8787 4.19264
      vertex 55.6 16.5729 3.83468
      vertex 83.4 16.5729 3.83468
    endloop
  endfacet
  facet normal -0 0.649515 0.760349
    outer loop
      vertex 55.6 21.1213 4.19264
      vertex 83.4 20.7634 4.49837
      vertex 83.4 21.1213 4.19264
    endloop
  endfacet
  facet normal 0 0.649515 0.760349
    outer loop
      vertex 83.4 20.7634 4.49837
      vertex 55.6 21.1213 4.19264
      vertex 55.6 20.7634 4.49837
    endloop
  endfacet
  facet normal 0 0.996923 -0.0783858
    outer loop
      vertex 83.4 21.9631 1.60202
      vertex 55.6 22 2.07132
      vertex 83.4 22 2.07132
    endloop
  endfacet
  facet normal 0 0.996923 -0.0783858
    outer loop
      vertex 55.6 22 2.07132
      vertex 83.4 21.9631 1.60202
      vertex 55.6 21.9631 1.60202
    endloop
  endfacet
  facet normal 0 0.923842 -0.382774
    outer loop
      vertex 83.4 21.673 0.709349
      vertex 55.6 21.8532 1.14427
      vertex 83.4 21.8532 1.14427
    endloop
  endfacet
  facet normal 0 0.923842 -0.382774
    outer loop
      vertex 55.6 21.8532 1.14427
      vertex 83.4 21.673 0.709349
      vertex 55.6 21.673 0.709349
    endloop
  endfacet
  facet normal -0 0.233409 0.972379
    outer loop
      vertex 55.6 19.9271 4.92449
      vertex 83.4 19.4693 5.03438
      vertex 83.4 19.9271 4.92449
    endloop
  endfacet
  facet normal 0 0.233409 0.972379
    outer loop
      vertex 83.4 19.4693 5.03438
      vertex 55.6 19.9271 4.92449
      vertex 55.6 19.4693 5.03438
    endloop
  endfacet
  facet normal 0 -0.233409 0.972379
    outer loop
      vertex 55.6 18.5307 5.03438
      vertex 83.4 18.0729 4.92449
      vertex 83.4 18.5307 5.03438
    endloop
  endfacet
  facet normal 0 -0.233409 0.972379
    outer loop
      vertex 83.4 18.0729 4.92449
      vertex 55.6 18.5307 5.03438
      vertex 55.6 18.0729 4.92449
    endloop
  endfacet
  facet normal 0 0.852705 -0.522393
    outer loop
      vertex 83.4 21.4271 0.307965
      vertex 55.6 21.673 0.709349
      vertex 83.4 21.673 0.709349
    endloop
  endfacet
  facet normal 0 0.852705 -0.522393
    outer loop
      vertex 55.6 21.673 0.709349
      vertex 83.4 21.4271 0.307965
      vertex 55.6 21.4271 0.307965
    endloop
  endfacet
  facet normal 0 -0.972368 -0.233453
    outer loop
      vertex 55.6 16.1468 1.14427
      vertex 83.4 16.0369 1.60202
      vertex 55.6 16.0369 1.60202
    endloop
  endfacet
  facet normal 0 -0.972368 -0.233453
    outer loop
      vertex 83.4 16.0369 1.60202
      vertex 55.6 16.1468 1.14427
      vertex 83.4 16.1468 1.14427
    endloop
  endfacet
  facet normal 0 -0.522486 0.852648
    outer loop
      vertex 55.6 17.638 4.74434
      vertex 83.4 17.2366 4.49837
      vertex 83.4 17.638 4.74434
    endloop
  endfacet
  facet normal 0 -0.522486 0.852648
    outer loop
      vertex 83.4 17.2366 4.49837
      vertex 55.6 17.638 4.74434
      vertex 55.6 17.2366 4.49837
    endloop
  endfacet
  facet normal 0 -0.0784703 0.996916
    outer loop
      vertex 55.6 19 5.07132
      vertex 83.4 18.5307 5.03438
      vertex 83.4 19 5.07132
    endloop
  endfacet
  facet normal 0 -0.0784703 0.996916
    outer loop
      vertex 83.4 18.5307 5.03438
      vertex 55.6 19 5.07132
      vertex 55.6 18.5307 5.03438
    endloop
  endfacet
  facet normal 0 -0.996923 0.0783858
    outer loop
      vertex 55.6 16 2.07132
      vertex 83.4 16.0369 2.54062
      vertex 55.6 16.0369 2.54062
    endloop
  endfacet
  facet normal 0 -0.996923 0.0783858
    outer loop
      vertex 83.4 16.0369 2.54062
      vertex 55.6 16 2.07132
      vertex 83.4 16 2.07132
    endloop
  endfacet
  facet normal 0 0.972368 -0.233453
    outer loop
      vertex 83.4 21.8532 1.14427
      vertex 55.6 21.9631 1.60202
      vertex 83.4 21.9631 1.60202
    endloop
  endfacet
  facet normal 0 0.972368 -0.233453
    outer loop
      vertex 55.6 21.9631 1.60202
      vertex 83.4 21.8532 1.14427
      vertex 55.6 21.8532 1.14427
    endloop
  endfacet
  facet normal 0 -0.852708 0.522387
    outer loop
      vertex 55.6 16.327 3.43329
      vertex 83.4 16.5729 3.83468
      vertex 55.6 16.5729 3.83468
    endloop
  endfacet
  facet normal 0 -0.852708 0.522387
    outer loop
      vertex 83.4 16.5729 3.83468
      vertex 55.6 16.327 3.43329
      vertex 83.4 16.327 3.43329
    endloop
  endfacet
  facet normal -0 0.0784703 0.996916
    outer loop
      vertex 55.6 19.4693 5.03438
      vertex 83.4 19 5.07132
      vertex 83.4 19.4693 5.03438
    endloop
  endfacet
  facet normal 0 0.0784703 0.996916
    outer loop
      vertex 83.4 19 5.07132
      vertex 55.6 19.4693 5.03438
      vertex 55.6 19 5.07132
    endloop
  endfacet
  facet normal -0 0.522486 0.852648
    outer loop
      vertex 55.6 20.7634 4.49837
      vertex 83.4 20.362 4.74434
      vertex 83.4 20.7634 4.49837
    endloop
  endfacet
  facet normal 0 0.522486 0.852648
    outer loop
      vertex 83.4 20.362 4.74434
      vertex 55.6 20.7634 4.49837
      vertex 55.6 20.362 4.74434
    endloop
  endfacet
  facet normal 0 -0.760317 -0.649552
    outer loop
      vertex 55.6 16.836 0
      vertex 83.4 16.5729 0.307965
      vertex 55.6 16.5729 0.307965
    endloop
  endfacet
  facet normal 0 -0.760317 -0.649552
    outer loop
      vertex 83.4 16.5729 0.307965
      vertex 55.6 16.836 0
      vertex 83.4 16.836 0
    endloop
  endfacet
  facet normal 0.706063 -0.538566 0.459806
    outer loop
      vertex 84 17.3029 3.76838
      vertex 83.4 16.5729 3.83468
      vertex 84 17.0584 3.482
    endloop
  endfacet
  facet normal 0.706059 -0.538561 -0.459817
    outer loop
      vertex 84 17.0584 0.660636
      vertex 83.4 16.5729 0.307965
      vertex 84 17.3029 0.374265
    endloop
  endfacet
  facet normal 0.705978 0.459934 -0.538568
    outer loop
      vertex 83.6924 20.731 0
      vertex 83.4707 21.0713 0
      vertex 84 20.6971 0.374265
    endloop
  endfacet
  facet normal 0.706048 0.654232 -0.271067
    outer loop
      vertex 84 21.2825 1.32968
      vertex 83.4 21.673 0.709349
      vertex 83.4 21.8532 1.14427
    endloop
  endfacet
  facet normal 0.706016 0.603882 -0.369956
    outer loop
      vertex 84 21.1384 0.981744
      vertex 83.4 21.4271 0.307965
      vertex 83.4 21.673 0.709349
    endloop
  endfacet
  facet normal 0.705979 -0.538475 -0.460041
    outer loop
      vertex 83.4 16.5729 0.307965
      vertex 83.4707 16.9287 0
      vertex 84 17.3029 0.374265
    endloop
  endfacet
  facet normal 0.706011 -0.538457 -0.460014
    outer loop
      vertex 83.4707 16.9287 0
      vertex 83.4 16.5729 0.307965
      vertex 83.4 16.836 0
    endloop
  endfacet
  facet normal 1 0 0
    outer loop
      vertex 84 21.3705 2.44676
      vertex 84 21.3705 1.69588
      vertex 84 21.4 2.07132
    endloop
  endfacet
  facet normal 1 0 0
    outer loop
      vertex 84 21.2825 2.81296
      vertex 84 21.3705 1.69588
      vertex 84 21.3705 2.44676
    endloop
  endfacet
  facet normal 1 0 0
    outer loop
      vertex 84 21.2825 2.81296
      vertex 84 21.2825 1.32968
      vertex 84 21.3705 1.69588
    endloop
  endfacet
  facet normal 1 0 0
    outer loop
      vertex 84 21.1384 3.1609
      vertex 84 21.2825 1.32968
      vertex 84 21.2825 2.81296
    endloop
  endfacet
  facet normal 1 0 0
    outer loop
      vertex 84 21.1384 3.1609
      vertex 84 21.1384 0.981744
      vertex 84 21.2825 1.32968
    endloop
  endfacet
  facet normal 1 0 0
    outer loop
      vertex 84 20.9416 3.482
      vertex 84 21.1384 0.981744
      vertex 84 21.1384 3.1609
    endloop
  endfacet
  facet normal 1 0 0
    outer loop
      vertex 84 20.9416 3.482
      vertex 84 20.9416 0.660636
      vertex 84 21.1384 0.981744
    endloop
  endfacet
  facet normal 1 0 0
    outer loop
      vertex 84 20.6971 3.76838
      vertex 84 20.9416 0.660636
      vertex 84 20.9416 3.482
    endloop
  endfacet
  facet normal 1 0 0
    outer loop
      vertex 84 20.6971 3.76838
      vertex 84 20.6971 0.374265
      vertex 84 20.9416 0.660636
    endloop
  endfacet
  facet normal 1 0 0
    outer loop
      vertex 84 20.4107 4.01296
      vertex 84 20.6971 0.374265
      vertex 84 20.6971 3.76838
    endloop
  endfacet
  facet normal 1 0 0
    outer loop
      vertex 84 20.1991 0
      vertex 84 20.6971 0.374265
      vertex 84 20.4107 4.01296
    endloop
  endfacet
  facet normal 1 0 0
    outer loop
      vertex 84 20.6971 0.374265
      vertex 84 20.1991 0
      vertex 84 20.4107 0.12968
    endloop
  endfacet
  facet normal 1 0 0
    outer loop
      vertex 84 20.0896 4.20974
      vertex 84 20.1991 0
      vertex 84 20.4107 4.01296
    endloop
  endfacet
  facet normal 1 0 0
    outer loop
      vertex 84 19.7416 4.35386
      vertex 84 20.1991 0
      vertex 84 20.0896 4.20974
    endloop
  endfacet
  facet normal 1 0 0
    outer loop
      vertex 84 19.3754 4.44177
      vertex 84 20.1991 0
      vertex 84 19.7416 4.35386
    endloop
  endfacet
  facet normal 1 0 0
    outer loop
      vertex 84 19 4.47132
      vertex 84 20.1991 0
      vertex 84 19.3754 4.44177
    endloop
  endfacet
  facet normal 1 -0 0
    outer loop
      vertex 84 18.6246 4.44177
      vertex 84 20.1991 0
      vertex 84 19 4.47132
    endloop
  endfacet
  facet normal 1 -0 0
    outer loop
      vertex 84 18.2584 4.35386
      vertex 84 20.1991 0
      vertex 84 18.6246 4.44177
    endloop
  endfacet
  facet normal 1 -0 0
    outer loop
      vertex 84 17.9104 4.20974
      vertex 84 20.1991 0
      vertex 84 18.2584 4.35386
    endloop
  endfacet
  facet normal 1 0 0
    outer loop
      vertex 84 17.9104 4.20974
      vertex 84 17.8009 0
      vertex 84 20.1991 0
    endloop
  endfacet
  facet normal 1 -0 0
    outer loop
      vertex 84 17.5893 4.01296
      vertex 84 17.8009 0
      vertex 84 17.9104 4.20974
    endloop
  endfacet
  facet normal 1 -0 0
    outer loop
      vertex 84 17.3029 3.76838
      vertex 84 17.8009 0
      vertex 84 17.5893 4.01296
    endloop
  endfacet
  facet normal 1 -0 0
    outer loop
      vertex 84 17.3029 0.374265
      vertex 84 17.8009 0
      vertex 84 17.3029 3.76838
    endloop
  endfacet
  facet normal 1 0 0
    outer loop
      vertex 84 17.8009 0
      vertex 84 17.3029 0.374265
      vertex 84 17.5893 0.12968
    endloop
  endfacet
  facet normal 1 -0 0
    outer loop
      vertex 84 17.0584 3.482
      vertex 84 17.3029 0.374265
      vertex 84 17.3029 3.76838
    endloop
  endfacet
  facet normal 1 0 0
    outer loop
      vertex 84 17.0584 3.482
      vertex 84 17.0584 0.660636
      vertex 84 17.3029 0.374265
    endloop
  endfacet
  facet normal 1 -0 0
    outer loop
      vertex 84 16.8616 3.1609
      vertex 84 17.0584 0.660636
      vertex 84 17.0584 3.482
    endloop
  endfacet
  facet normal 1 0 0
    outer loop
      vertex 84 16.8616 3.1609
      vertex 84 16.8616 0.981744
      vertex 84 17.0584 0.660636
    endloop
  endfacet
  facet normal 1 -0 0
    outer loop
      vertex 84 16.7175 2.81296
      vertex 84 16.8616 0.981744
      vertex 84 16.8616 3.1609
    endloop
  endfacet
  facet normal 1 0 0
    outer loop
      vertex 84 16.7175 2.81296
      vertex 84 16.7175 1.32968
      vertex 84 16.8616 0.981744
    endloop
  endfacet
  facet normal 1 -0 0
    outer loop
      vertex 84 16.6295 2.44676
      vertex 84 16.7175 1.32968
      vertex 84 16.7175 2.81296
    endloop
  endfacet
  facet normal 1 0 0
    outer loop
      vertex 84 16.6295 2.44676
      vertex 84 16.6295 1.69588
      vertex 84 16.7175 1.32968
    endloop
  endfacet
  facet normal 1 0 -0
    outer loop
      vertex 84 16.6295 1.69588
      vertex 84 16.6295 2.44676
      vertex 84 16.6 2.07132
    endloop
  endfacet
  facet normal 0.706005 -0.706028 -0.0555134
    outer loop
      vertex 84 16.6295 1.69588
      vertex 83.4 16 2.07132
      vertex 83.4 16.0369 1.60202
    endloop
  endfacet
  facet normal 0.706015 -0.370023 0.603843
    outer loop
      vertex 83.4 17.638 4.74434
      vertex 83.4 17.2366 4.49837
      vertex 84 17.9104 4.20974
    endloop
  endfacet
  facet normal 0.706014 0.0555746 0.706014
    outer loop
      vertex 84 19.3754 4.44177
      vertex 83.4 19 5.07132
      vertex 84 19 4.47132
    endloop
  endfacet
  facet normal 0.706015 0.603886 0.369953
    outer loop
      vertex 83.4 21.673 3.43329
      vertex 83.4 21.4271 3.83468
      vertex 84 21.1384 3.1609
    endloop
  endfacet
  facet normal 0.706015 -0.0555724 0.706013
    outer loop
      vertex 83.4 19 5.07132
      vertex 83.4 18.5307 5.03438
      vertex 84 18.6246 4.44177
    endloop
  endfacet
  facet normal 0.706011 0.538457 -0.460014
    outer loop
      vertex 83.4 21.4271 0.307965
      vertex 83.4707 21.0713 0
      vertex 83.4 21.164 0
    endloop
  endfacet
  facet normal 0.705979 0.538475 -0.460041
    outer loop
      vertex 83.4707 21.0713 0
      vertex 83.4 21.4271 0.307965
      vertex 84 20.6971 0.374265
    endloop
  endfacet
  facet normal 0.706032 -0.27102 0.654268
    outer loop
      vertex 83.4 18.0729 4.92449
      vertex 83.4 17.638 4.74434
      vertex 84 18.2584 4.35386
    endloop
  endfacet
  facet normal 0.706012 -0.270974 0.654309
    outer loop
      vertex 84 18.2584 4.35386
      vertex 83.4 17.638 4.74434
      vertex 84 17.9104 4.20974
    endloop
  endfacet
  facet normal 0.706005 0.706028 -0.0555134
    outer loop
      vertex 84 21.3705 1.69588
      vertex 83.4 21.9631 1.60202
      vertex 83.4 22 2.07132
    endloop
  endfacet
  facet normal 0.706048 -0.654232 0.271067
    outer loop
      vertex 83.4 16.327 3.43329
      vertex 83.4 16.1468 2.99837
      vertex 84 16.7175 2.81296
    endloop
  endfacet
  facet normal 0.706005 0.706028 0.0555134
    outer loop
      vertex 83.4 22 2.07132
      vertex 83.4 21.9631 2.54062
      vertex 84 21.3705 2.44676
    endloop
  endfacet
  facet normal 0.706015 0.370023 0.603843
    outer loop
      vertex 83.4 20.7634 4.49837
      vertex 83.4 20.362 4.74434
      vertex 84 20.0896 4.20974
    endloop
  endfacet
  facet normal 0.70599 -0.46 0.538495
    outer loop
      vertex 83.4 17.2366 4.49837
      vertex 83.4 16.8787 4.19264
      vertex 84 17.3029 3.76838
    endloop
  endfacet
  facet normal 0.706024 -0.37004 0.603822
    outer loop
      vertex 84 17.9104 4.20974
      vertex 83.4 17.2366 4.49837
      vertex 84 17.5893 4.01296
    endloop
  endfacet
  facet normal 0.70599 0.46 0.538495
    outer loop
      vertex 83.4 21.1213 4.19264
      vertex 83.4 20.7634 4.49837
      vertex 84 20.6971 3.76838
    endloop
  endfacet
  facet normal 0.706014 -0.0555746 0.706014
    outer loop
      vertex 84 19 4.47132
      vertex 83.4 19 5.07132
      vertex 84 18.6246 4.44177
    endloop
  endfacet
  facet normal 0.70598 -0.370074 -0.603853
    outer loop
      vertex 84 17.5893 0.12968
      vertex 83.8397 17.4951 0
      vertex 84 17.8009 0
    endloop
  endfacet
  facet normal 0.706024 -0.165311 0.688624
    outer loop
      vertex 84 18.6246 4.44177
      vertex 83.4 18.0729 4.92449
      vertex 84 18.2584 4.35386
    endloop
  endfacet
  facet normal 0.706058 -0.688552 -0.165463
    outer loop
      vertex 84 16.6295 1.69588
      vertex 83.4 16.1468 1.14427
      vertex 84 16.7175 1.32968
    endloop
  endfacet
  facet normal 0.705987 -0.538484 0.460019
    outer loop
      vertex 83.4 16.8787 4.19264
      vertex 83.4 16.5729 3.83468
      vertex 84 17.3029 3.76838
    endloop
  endfacet
  facet normal 0.706007 0.688636 -0.165333
    outer loop
      vertex 84 21.3705 1.69588
      vertex 83.4 21.8532 1.14427
      vertex 83.4 21.9631 1.60202
    endloop
  endfacet
  facet normal 0.706024 0.37004 0.603822
    outer loop
      vertex 84 20.4107 4.01296
      vertex 83.4 20.7634 4.49837
      vertex 84 20.0896 4.20974
    endloop
  endfacet
  facet normal 0.706032 0.27102 0.654268
    outer loop
      vertex 83.4 20.362 4.74434
      vertex 83.4 19.9271 4.92449
      vertex 84 19.7416 4.35386
    endloop
  endfacet
  facet normal 0.706016 -0.603882 -0.369956
    outer loop
      vertex 84 16.8616 0.981744
      vertex 83.4 16.327 0.709349
      vertex 83.4 16.5729 0.307965
    endloop
  endfacet
  facet normal 0.70601 -0.654308 0.270983
    outer loop
      vertex 84 16.8616 3.1609
      vertex 83.4 16.327 3.43329
      vertex 84 16.7175 2.81296
    endloop
  endfacet
  facet normal 0.705979 0.459932 -0.538569
    outer loop
      vertex 84 20.6971 0.374265
      vertex 83.8397 20.5049 0
      vertex 83.6924 20.731 0
    endloop
  endfacet
  facet normal 0.705975 0.459937 -0.53857
    outer loop
      vertex 83.8397 20.5049 0
      vertex 84 20.6971 0.374265
      vertex 84 20.4107 0.12968
    endloop
  endfacet
  facet normal 0.706059 0.538561 -0.459817
    outer loop
      vertex 84 20.6971 0.374265
      vertex 83.4 21.4271 0.307965
      vertex 84 20.9416 0.660636
    endloop
  endfacet
  facet normal 0.706027 0.459898 0.538535
    outer loop
      vertex 84 20.6971 3.76838
      vertex 83.4 20.7634 4.49837
      vertex 84 20.4107 4.01296
    endloop
  endfacet
  facet normal 0.70598 0.370074 -0.603853
    outer loop
      vertex 84 20.1991 0
      vertex 83.8397 20.5049 0
      vertex 84 20.4107 0.12968
    endloop
  endfacet
  facet normal 0.705975 -0.459937 -0.53857
    outer loop
      vertex 84 17.3029 0.374265
      vertex 83.8397 17.4951 0
      vertex 84 17.5893 0.12968
    endloop
  endfacet
  facet normal 0.705979 -0.459932 -0.538569
    outer loop
      vertex 83.8397 17.4951 0
      vertex 84 17.3029 0.374265
      vertex 83.6924 17.269 0
    endloop
  endfacet
  facet normal 0.706019 0.165299 0.688632
    outer loop
      vertex 83.4 19.9271 4.92449
      vertex 83.4 19.4693 5.03438
      vertex 84 19.3754 4.44177
    endloop
  endfacet
  facet normal 0.706011 -0.654305 -0.270985
    outer loop
      vertex 84 16.7175 1.32968
      vertex 83.4 16.327 0.709349
      vertex 84 16.8616 0.981744
    endloop
  endfacet
  facet normal 0.706007 -0.688636 0.165333
    outer loop
      vertex 83.4 16.1468 2.99837
      vertex 83.4 16.0369 2.54062
      vertex 84 16.6295 2.44676
    endloop
  endfacet
  facet normal 0.706058 0.688552 -0.165463
    outer loop
      vertex 84 21.2825 1.32968
      vertex 83.4 21.8532 1.14427
      vertex 84 21.3705 1.69588
    endloop
  endfacet
  facet normal 0.706024 0.165311 0.688624
    outer loop
      vertex 84 19.7416 4.35386
      vertex 83.4 19.9271 4.92449
      vertex 84 19.3754 4.44177
    endloop
  endfacet
  facet normal 0.706015 0.0555724 0.706013
    outer loop
      vertex 83.4 19.4693 5.03438
      vertex 83.4 19 5.07132
      vertex 84 19.3754 4.44177
    endloop
  endfacet
  facet normal 0.706061 0.603777 -0.370042
    outer loop
      vertex 84 20.9416 0.660636
      vertex 83.4 21.4271 0.307965
      vertex 84 21.1384 0.981744
    endloop
  endfacet
  facet normal 0.70601 0.654308 0.270983
    outer loop
      vertex 84 21.2825 2.81296
      vertex 83.4 21.673 3.43329
      vertex 84 21.1384 3.1609
    endloop
  endfacet
  facet normal 0.706058 -0.688552 0.165463
    outer loop
      vertex 84 16.7175 2.81296
      vertex 83.4 16.1468 2.99837
      vertex 84 16.6295 2.44676
    endloop
  endfacet
  facet normal 0.706019 -0.165299 0.688632
    outer loop
      vertex 83.4 18.5307 5.03438
      vertex 83.4 18.0729 4.92449
      vertex 84 18.6246 4.44177
    endloop
  endfacet
  facet normal 0.706027 -0.459898 0.538535
    outer loop
      vertex 84 17.5893 4.01296
      vertex 83.4 17.2366 4.49837
      vertex 84 17.3029 3.76838
    endloop
  endfacet
  facet normal 0.706018 0.706018 -0.055475
    outer loop
      vertex 84 21.3705 1.69588
      vertex 83.4 22 2.07132
      vertex 84 21.4 2.07132
    endloop
  endfacet
  facet normal 0.706063 0.538566 0.459806
    outer loop
      vertex 84 20.9416 3.482
      vertex 83.4 21.4271 3.83468
      vertex 84 20.6971 3.76838
    endloop
  endfacet
  facet normal 0.706018 -0.706018 -0.055475
    outer loop
      vertex 84 16.6 2.07132
      vertex 83.4 16 2.07132
      vertex 84 16.6295 1.69588
    endloop
  endfacet
  facet normal 0.706007 -0.688636 -0.165333
    outer loop
      vertex 84 16.6295 1.69588
      vertex 83.4 16.0369 1.60202
      vertex 83.4 16.1468 1.14427
    endloop
  endfacet
  facet normal 0.705987 0.538484 0.460019
    outer loop
      vertex 83.4 21.4271 3.83468
      vertex 83.4 21.1213 4.19264
      vertex 84 20.6971 3.76838
    endloop
  endfacet
  facet normal 0.706064 -0.60377 0.370047
    outer loop
      vertex 84 17.0584 3.482
      vertex 83.4 16.5729 3.83468
      vertex 84 16.8616 3.1609
    endloop
  endfacet
  facet normal 0.706018 0.706018 0.055475
    outer loop
      vertex 84 21.4 2.07132
      vertex 83.4 22 2.07132
      vertex 84 21.3705 2.44676
    endloop
  endfacet
  facet normal 0.706007 0.688636 0.165333
    outer loop
      vertex 83.4 21.9631 2.54062
      vertex 83.4 21.8532 2.99837
      vertex 84 21.3705 2.44676
    endloop
  endfacet
  facet normal 0.706015 -0.603886 0.369953
    outer loop
      vertex 83.4 16.5729 3.83468
      vertex 83.4 16.327 3.43329
      vertex 84 16.8616 3.1609
    endloop
  endfacet
  facet normal 0.706061 -0.603777 -0.370042
    outer loop
      vertex 84 16.8616 0.981744
      vertex 83.4 16.5729 0.307965
      vertex 84 17.0584 0.660636
    endloop
  endfacet
  facet normal 0.706012 0.270974 0.654309
    outer loop
      vertex 84 20.0896 4.20974
      vertex 83.4 20.362 4.74434
      vertex 84 19.7416 4.35386
    endloop
  endfacet
  facet normal 0.705978 -0.459934 -0.538568
    outer loop
      vertex 84 17.3029 0.374265
      vertex 83.4707 16.9287 0
      vertex 83.6924 17.269 0
    endloop
  endfacet
  facet normal 0.706048 0.654232 0.271067
    outer loop
      vertex 83.4 21.8532 2.99837
      vertex 83.4 21.673 3.43329
      vertex 84 21.2825 2.81296
    endloop
  endfacet
  facet normal 0.706011 0.654305 -0.270985
    outer loop
      vertex 84 21.1384 0.981744
      vertex 83.4 21.673 0.709349
      vertex 84 21.2825 1.32968
    endloop
  endfacet
  facet normal 0.706048 -0.654232 -0.271067
    outer loop
      vertex 84 16.7175 1.32968
      vertex 83.4 16.1468 1.14427
      vertex 83.4 16.327 0.709349
    endloop
  endfacet
  facet normal 0.706058 0.688552 0.165463
    outer loop
      vertex 84 21.3705 2.44676
      vertex 83.4 21.8532 2.99837
      vertex 84 21.2825 2.81296
    endloop
  endfacet
  facet normal 0.706064 0.60377 0.370047
    outer loop
      vertex 84 21.1384 3.1609
      vertex 83.4 21.4271 3.83468
      vertex 84 20.9416 3.482
    endloop
  endfacet
  facet normal 0.706005 -0.706028 0.0555134
    outer loop
      vertex 83.4 16.0369 2.54062
      vertex 83.4 16 2.07132
      vertex 84 16.6295 2.44676
    endloop
  endfacet
  facet normal 0.706018 -0.706018 0.055475
    outer loop
      vertex 84 16.6295 2.44676
      vertex 83.4 16 2.07132
      vertex 84 16.6 2.07132
    endloop
  endfacet
  facet normal 0 0 -1
    outer loop
      vertex 83.8397 17.4951 0
      vertex 84 20.1991 0
      vertex 84 17.8009 0
    endloop
  endfacet
  facet normal 0 0 -1
    outer loop
      vertex 83.8397 17.4951 0
      vertex 83.8397 20.5049 0
      vertex 84 20.1991 0
    endloop
  endfacet
  facet normal 0 0 -1
    outer loop
      vertex 83.6924 17.269 0
      vertex 83.8397 20.5049 0
      vertex 83.8397 17.4951 0
    endloop
  endfacet
  facet normal 0 0 -1
    outer loop
      vertex 83.6924 17.269 0
      vertex 83.6924 20.731 0
      vertex 83.8397 20.5049 0
    endloop
  endfacet
  facet normal 0 0 -1
    outer loop
      vertex 83.4707 16.9287 0
      vertex 83.6924 20.731 0
      vertex 83.6924 17.269 0
    endloop
  endfacet
  facet normal 0 0 -1
    outer loop
      vertex 83.4707 16.9287 0
      vertex 83.4707 21.0713 0
      vertex 83.6924 20.731 0
    endloop
  endfacet
  facet normal 0 0 -1
    outer loop
      vertex 83.4 16.836 0
      vertex 83.4707 21.0713 0
      vertex 83.4707 16.9287 0
    endloop
  endfacet
  facet normal 0 0 -1
    outer loop
      vertex 83.4 16.836 0
      vertex 83.4 21.164 0
      vertex 83.4707 21.0713 0
    endloop
  endfacet
  facet normal 0 0 -1
    outer loop
      vertex 55.6 16.836 0
      vertex 83.4 21.164 0
      vertex 83.4 16.836 0
    endloop
  endfacet
  facet normal 0 0 -1
    outer loop
      vertex 55.6 16.836 0
      vertex 55.6 21.164 0
      vertex 83.4 21.164 0
    endloop
  endfacet
  facet normal 0 0 -1
    outer loop
      vertex 55.5293 16.9287 0
      vertex 55.6 21.164 0
      vertex 55.6 16.836 0
    endloop
  endfacet
  facet normal 0 0 -1
    outer loop
      vertex 55.5293 16.9287 0
      vertex 55.5293 21.0713 0
      vertex 55.6 21.164 0
    endloop
  endfacet
  facet normal 0 0 -1
    outer loop
      vertex 55.3076 17.269 0
      vertex 55.5293 21.0713 0
      vertex 55.5293 16.9287 0
    endloop
  endfacet
  facet normal 0 0 -1
    outer loop
      vertex 55.3076 17.269 0
      vertex 55.3076 20.731 0
      vertex 55.5293 21.0713 0
    endloop
  endfacet
  facet normal 0 0 -1
    outer loop
      vertex 55.1603 17.4951 0
      vertex 55.3076 20.731 0
      vertex 55.3076 17.269 0
    endloop
  endfacet
  facet normal 0 0 -1
    outer loop
      vertex 55.1603 17.4951 0
      vertex 55.1603 20.5049 0
      vertex 55.3076 20.731 0
    endloop
  endfacet
  facet normal 0 0 -1
    outer loop
      vertex 55 17.8009 0
      vertex 55.1603 20.5049 0
      vertex 55.1603 17.4951 0
    endloop
  endfacet
  facet normal 0 0 -1
    outer loop
      vertex 55.1603 20.5049 0
      vertex 55 17.8009 0
      vertex 55 20.1991 0
    endloop
  endfacet
  facet normal -0.706024 0.165311 0.688624
    outer loop
      vertex 90 19.7416 4.35386
      vertex 90 19.3754 4.44177
      vertex 90.6 19.9271 4.92449
    endloop
  endfacet
  facet normal -0.706014 -0.0555746 0.706014
    outer loop
      vertex 90 19 4.47132
      vertex 90 18.6246 4.44177
      vertex 90.6 19 5.07132
    endloop
  endfacet
  facet normal -0.706032 0.27102 0.654268
    outer loop
      vertex 90.6 20.362 4.74434
      vertex 90 19.7416 4.35386
      vertex 90.6 19.9271 4.92449
    endloop
  endfacet
  facet normal -0.706048 -0.654232 -0.271067
    outer loop
      vertex 90.6 16.1468 1.14427
      vertex 90 16.7175 1.32968
      vertex 90.6 16.327 0.709349
    endloop
  endfacet
  facet normal -0.706058 0.688552 -0.165463
    outer loop
      vertex 90.6 21.8532 1.14427
      vertex 90 21.2825 1.32968
      vertex 90 21.3705 1.69588
    endloop
  endfacet
  facet normal -0.70599 0.46 0.538495
    outer loop
      vertex 90.6 21.1213 4.19264
      vertex 90 20.6971 3.76838
      vertex 90.6 20.7634 4.49837
    endloop
  endfacet
  facet normal -0.706011 0.654305 -0.270985
    outer loop
      vertex 90.6 21.673 0.709349
      vertex 90 21.1384 0.981744
      vertex 90 21.2825 1.32968
    endloop
  endfacet
  facet normal -0.706011 0.538457 -0.460014
    outer loop
      vertex 90.5293 21.0713 0
      vertex 90.6 21.4271 0.307965
      vertex 90.6 21.164 0
    endloop
  endfacet
  facet normal -0.705979 0.538475 -0.460041
    outer loop
      vertex 90.6 21.4271 0.307965
      vertex 90.5293 21.0713 0
      vertex 90 20.6971 0.374265
    endloop
  endfacet
  facet normal -0.706018 0.706018 -0.055475
    outer loop
      vertex 90.6 22 2.07132
      vertex 90 21.3705 1.69588
      vertex 90 21.4 2.07132
    endloop
  endfacet
  facet normal -0.70601 -0.654308 0.270983
    outer loop
      vertex 90 16.8616 3.1609
      vertex 90 16.7175 2.81296
      vertex 90.6 16.327 3.43329
    endloop
  endfacet
  facet normal -0.70598 0.370074 -0.603853
    outer loop
      vertex 90.1603 20.5049 0
      vertex 90 20.1991 0
      vertex 90 20.4107 0.12968
    endloop
  endfacet
  facet normal -0.706007 -0.688636 -0.165333
    outer loop
      vertex 90.6 16.0369 1.60202
      vertex 90 16.6295 1.69588
      vertex 90.6 16.1468 1.14427
    endloop
  endfacet
  facet normal -0.706015 0.0555724 0.706013
    outer loop
      vertex 90.6 19.4693 5.03438
      vertex 90 19.3754 4.44177
      vertex 90.6 19 5.07132
    endloop
  endfacet
  facet normal -0.706011 -0.538457 -0.460014
    outer loop
      vertex 90.6 16.5729 0.307965
      vertex 90.5293 16.9287 0
      vertex 90.6 16.836 0
    endloop
  endfacet
  facet normal -0.705979 -0.538475 -0.460041
    outer loop
      vertex 90.5293 16.9287 0
      vertex 90.6 16.5729 0.307965
      vertex 90 17.3029 0.374265
    endloop
  endfacet
  facet normal -0.705978 0.459934 -0.538568
    outer loop
      vertex 90.3076 20.731 0
      vertex 90 20.6971 0.374265
      vertex 90.5293 21.0713 0
    endloop
  endfacet
  facet normal -0.706058 0.688552 0.165463
    outer loop
      vertex 90 21.3705 2.44676
      vertex 90 21.2825 2.81296
      vertex 90.6 21.8532 2.99837
    endloop
  endfacet
  facet normal -0.706011 -0.654305 -0.270985
    outer loop
      vertex 90.6 16.327 0.709349
      vertex 90 16.7175 1.32968
      vertex 90 16.8616 0.981744
    endloop
  endfacet
  facet normal -0.705987 0.538484 0.460019
    outer loop
      vertex 90.6 21.4271 3.83468
      vertex 90 20.6971 3.76838
      vertex 90.6 21.1213 4.19264
    endloop
  endfacet
  facet normal -0.706019 -0.165299 0.688632
    outer loop
      vertex 90.6 18.5307 5.03438
      vertex 90 18.6246 4.44177
      vertex 90.6 18.0729 4.92449
    endloop
  endfacet
  facet normal -0.706005 -0.706028 -0.0555134
    outer loop
      vertex 90.6 16 2.07132
      vertex 90 16.6295 1.69588
      vertex 90.6 16.0369 1.60202
    endloop
  endfacet
  facet normal -0.705978 -0.459934 -0.538568
    outer loop
      vertex 90.5293 16.9287 0
      vertex 90 17.3029 0.374265
      vertex 90.3076 17.269 0
    endloop
  endfacet
  facet normal -0.706016 0.603882 -0.369956
    outer loop
      vertex 90.6 21.4271 0.307965
      vertex 90 21.1384 0.981744
      vertex 90.6 21.673 0.709349
    endloop
  endfacet
  facet normal -0.706059 -0.538561 -0.459817
    outer loop
      vertex 90.6 16.5729 0.307965
      vertex 90 17.0584 0.660636
      vertex 90 17.3029 0.374265
    endloop
  endfacet
  facet normal -0.706027 -0.459898 0.538535
    outer loop
      vertex 90 17.5893 4.01296
      vertex 90 17.3029 3.76838
      vertex 90.6 17.2366 4.49837
    endloop
  endfacet
  facet normal -0.70599 -0.46 0.538495
    outer loop
      vertex 90.6 17.2366 4.49837
      vertex 90 17.3029 3.76838
      vertex 90.6 16.8787 4.19264
    endloop
  endfacet
  facet normal -0.706005 0.706028 -0.0555134
    outer loop
      vertex 90.6 21.9631 1.60202
      vertex 90 21.3705 1.69588
      vertex 90.6 22 2.07132
    endloop
  endfacet
  facet normal -0.706014 0.0555746 0.706014
    outer loop
      vertex 90 19.3754 4.44177
      vertex 90 19 4.47132
      vertex 90.6 19 5.07132
    endloop
  endfacet
  facet normal -0.706012 0.270974 0.654309
    outer loop
      vertex 90 20.0896 4.20974
      vertex 90 19.7416 4.35386
      vertex 90.6 20.362 4.74434
    endloop
  endfacet
  facet normal -0.706005 -0.706028 0.0555134
    outer loop
      vertex 90.6 16.0369 2.54062
      vertex 90 16.6295 2.44676
      vertex 90.6 16 2.07132
    endloop
  endfacet
  facet normal -0.706061 -0.603777 -0.370042
    outer loop
      vertex 90.6 16.5729 0.307965
      vertex 90 16.8616 0.981744
      vertex 90 17.0584 0.660636
    endloop
  endfacet
  facet normal -0.706063 -0.538566 0.459806
    outer loop
      vertex 90 17.3029 3.76838
      vertex 90 17.0584 3.482
      vertex 90.6 16.5729 3.83468
    endloop
  endfacet
  facet normal -0.706024 -0.37004 0.603822
    outer loop
      vertex 90 17.9104 4.20974
      vertex 90 17.5893 4.01296
      vertex 90.6 17.2366 4.49837
    endloop
  endfacet
  facet normal -0.706027 0.459898 0.538535
    outer loop
      vertex 90 20.6971 3.76838
      vertex 90 20.4107 4.01296
      vertex 90.6 20.7634 4.49837
    endloop
  endfacet
  facet normal -0.706007 0.688636 -0.165333
    outer loop
      vertex 90.6 21.8532 1.14427
      vertex 90 21.3705 1.69588
      vertex 90.6 21.9631 1.60202
    endloop
  endfacet
  facet normal -0.706061 0.603777 -0.370042
    outer loop
      vertex 90.6 21.4271 0.307965
      vertex 90 20.9416 0.660636
      vertex 90 21.1384 0.981744
    endloop
  endfacet
  facet normal -0.706016 -0.603882 -0.369956
    outer loop
      vertex 90.6 16.327 0.709349
      vertex 90 16.8616 0.981744
      vertex 90.6 16.5729 0.307965
    endloop
  endfacet
  facet normal -0.706048 0.654232 -0.271067
    outer loop
      vertex 90.6 21.673 0.709349
      vertex 90 21.2825 1.32968
      vertex 90.6 21.8532 1.14427
    endloop
  endfacet
  facet normal -0.706018 0.706018 0.055475
    outer loop
      vertex 90 21.4 2.07132
      vertex 90 21.3705 2.44676
      vertex 90.6 22 2.07132
    endloop
  endfacet
  facet normal -0.706048 -0.654232 0.271067
    outer loop
      vertex 90.6 16.327 3.43329
      vertex 90 16.7175 2.81296
      vertex 90.6 16.1468 2.99837
    endloop
  endfacet
  facet normal -0.706064 0.60377 0.370047
    outer loop
      vertex 90 21.1384 3.1609
      vertex 90 20.9416 3.482
      vertex 90.6 21.4271 3.83468
    endloop
  endfacet
  facet normal -0.706058 -0.688552 -0.165463
    outer loop
      vertex 90.6 16.1468 1.14427
      vertex 90 16.6295 1.69588
      vertex 90 16.7175 1.32968
    endloop
  endfacet
  facet normal -0.705987 -0.538484 0.460019
    outer loop
      vertex 90.6 16.8787 4.19264
      vertex 90 17.3029 3.76838
      vertex 90.6 16.5729 3.83468
    endloop
  endfacet
  facet normal -0.70598 -0.370074 -0.603853
    outer loop
      vertex 90.1603 17.4951 0
      vertex 90 17.5893 0.12968
      vertex 90 17.8009 0
    endloop
  endfacet
  facet normal -0.706063 0.538566 0.459806
    outer loop
      vertex 90 20.9416 3.482
      vertex 90 20.6971 3.76838
      vertex 90.6 21.4271 3.83468
    endloop
  endfacet
  facet normal -0.706015 0.603886 0.369953
    outer loop
      vertex 90.6 21.673 3.43329
      vertex 90 21.1384 3.1609
      vertex 90.6 21.4271 3.83468
    endloop
  endfacet
  facet normal -0.706015 0.370023 0.603843
    outer loop
      vertex 90.6 20.7634 4.49837
      vertex 90 20.0896 4.20974
      vertex 90.6 20.362 4.74434
    endloop
  endfacet
  facet normal -0.706024 -0.165311 0.688624
    outer loop
      vertex 90 18.6246 4.44177
      vertex 90 18.2584 4.35386
      vertex 90.6 18.0729 4.92449
    endloop
  endfacet
  facet normal -0.706015 -0.370023 0.603843
    outer loop
      vertex 90.6 17.638 4.74434
      vertex 90 17.9104 4.20974
      vertex 90.6 17.2366 4.49837
    endloop
  endfacet
  facet normal -0.706048 0.654232 0.271067
    outer loop
      vertex 90.6 21.8532 2.99837
      vertex 90 21.2825 2.81296
      vertex 90.6 21.673 3.43329
    endloop
  endfacet
  facet normal -0.706018 -0.706018 -0.055475
    outer loop
      vertex 90.6 16 2.07132
      vertex 90 16.6 2.07132
      vertex 90 16.6295 1.69588
    endloop
  endfacet
  facet normal -0.706064 -0.60377 0.370047
    outer loop
      vertex 90 17.0584 3.482
      vertex 90 16.8616 3.1609
      vertex 90.6 16.5729 3.83468
    endloop
  endfacet
  facet normal -0.705979 0.459932 -0.538569
    outer loop
      vertex 90.1603 20.5049 0
      vertex 90 20.6971 0.374265
      vertex 90.3076 20.731 0
    endloop
  endfacet
  facet normal -0.705975 0.459937 -0.53857
    outer loop
      vertex 90 20.6971 0.374265
      vertex 90.1603 20.5049 0
      vertex 90 20.4107 0.12968
    endloop
  endfacet
  facet normal -0.706058 -0.688552 0.165463
    outer loop
      vertex 90 16.7175 2.81296
      vertex 90 16.6295 2.44676
      vertex 90.6 16.1468 2.99837
    endloop
  endfacet
  facet normal -0.706032 -0.27102 0.654268
    outer loop
      vertex 90.6 18.0729 4.92449
      vertex 90 18.2584 4.35386
      vertex 90.6 17.638 4.74434
    endloop
  endfacet
  facet normal -0.706059 0.538561 -0.459817
    outer loop
      vertex 90.6 21.4271 0.307965
      vertex 90 20.6971 0.374265
      vertex 90 20.9416 0.660636
    endloop
  endfacet
  facet normal -0.705975 -0.459937 -0.53857
    outer loop
      vertex 90.1603 17.4951 0
      vertex 90 17.3029 0.374265
      vertex 90 17.5893 0.12968
    endloop
  endfacet
  facet normal -0.705979 -0.459932 -0.538569
    outer loop
      vertex 90 17.3029 0.374265
      vertex 90.1603 17.4951 0
      vertex 90.3076 17.269 0
    endloop
  endfacet
  facet normal -0.706007 -0.688636 0.165333
    outer loop
      vertex 90.6 16.1468 2.99837
      vertex 90 16.6295 2.44676
      vertex 90.6 16.0369 2.54062
    endloop
  endfacet
  facet normal -0.706012 -0.270974 0.654309
    outer loop
      vertex 90 18.2584 4.35386
      vertex 90 17.9104 4.20974
      vertex 90.6 17.638 4.74434
    endloop
  endfacet
  facet normal -0.706019 0.165299 0.688632
    outer loop
      vertex 90.6 19.9271 4.92449
      vertex 90 19.3754 4.44177
      vertex 90.6 19.4693 5.03438
    endloop
  endfacet
  facet normal -0.706015 -0.0555724 0.706013
    outer loop
      vertex 90.6 19 5.07132
      vertex 90 18.6246 4.44177
      vertex 90.6 18.5307 5.03438
    endloop
  endfacet
  facet normal -0.706024 0.37004 0.603822
    outer loop
      vertex 90 20.4107 4.01296
      vertex 90 20.0896 4.20974
      vertex 90.6 20.7634 4.49837
    endloop
  endfacet
  facet normal -1 0 0
    outer loop
      vertex 90 21.3705 1.69588
      vertex 90 21.3705 2.44676
      vertex 90 21.4 2.07132
    endloop
  endfacet
  facet normal -1 0 0
    outer loop
      vertex 90 21.2825 1.32968
      vertex 90 21.3705 2.44676
      vertex 90 21.3705 1.69588
    endloop
  endfacet
  facet normal -1 0 0
    outer loop
      vertex 90 21.2825 1.32968
      vertex 90 21.2825 2.81296
      vertex 90 21.3705 2.44676
    endloop
  endfacet
  facet normal -1 0 0
    outer loop
      vertex 90 21.1384 0.981744
      vertex 90 21.2825 2.81296
      vertex 90 21.2825 1.32968
    endloop
  endfacet
  facet normal -1 0 0
    outer loop
      vertex 90 21.1384 0.981744
      vertex 90 21.1384 3.1609
      vertex 90 21.2825 2.81296
    endloop
  endfacet
  facet normal -1 0 0
    outer loop
      vertex 90 20.9416 0.660636
      vertex 90 21.1384 3.1609
      vertex 90 21.1384 0.981744
    endloop
  endfacet
  facet normal -1 0 0
    outer loop
      vertex 90 20.9416 0.660636
      vertex 90 20.9416 3.482
      vertex 90 21.1384 3.1609
    endloop
  endfacet
  facet normal -1 0 0
    outer loop
      vertex 90 20.6971 0.374265
      vertex 90 20.9416 3.482
      vertex 90 20.9416 0.660636
    endloop
  endfacet
  facet normal -1 0 0
    outer loop
      vertex 90 20.6971 0.374265
      vertex 90 20.6971 3.76838
      vertex 90 20.9416 3.482
    endloop
  endfacet
  facet normal -1 0 0
    outer loop
      vertex 90 20.1991 0
      vertex 90 20.6971 0.374265
      vertex 90 20.4107 0.12968
    endloop
  endfacet
  facet normal -1 -0 0
    outer loop
      vertex 90 20.6971 0.374265
      vertex 90 20.1991 0
      vertex 90 20.6971 3.76838
    endloop
  endfacet
  facet normal -1 -0 0
    outer loop
      vertex 90 20.6971 3.76838
      vertex 90 20.1991 0
      vertex 90 20.4107 4.01296
    endloop
  endfacet
  facet normal -1 0 0
    outer loop
      vertex 90 20.1991 0
      vertex 90 20.0896 4.20974
      vertex 90 20.4107 4.01296
    endloop
  endfacet
  facet normal -1 0 0
    outer loop
      vertex 90 20.1991 0
      vertex 90 19.7416 4.35386
      vertex 90 20.0896 4.20974
    endloop
  endfacet
  facet normal -1 0 0
    outer loop
      vertex 90 20.1991 0
      vertex 90 19.3754 4.44177
      vertex 90 19.7416 4.35386
    endloop
  endfacet
  facet normal -1 0 0
    outer loop
      vertex 90 20.1991 0
      vertex 90 19 4.47132
      vertex 90 19.3754 4.44177
    endloop
  endfacet
  facet normal -1 0 0
    outer loop
      vertex 90 20.1991 0
      vertex 90 18.6246 4.44177
      vertex 90 19 4.47132
    endloop
  endfacet
  facet normal -1 0 0
    outer loop
      vertex 90 20.1991 0
      vertex 90 18.2584 4.35386
      vertex 90 18.6246 4.44177
    endloop
  endfacet
  facet normal -1 0 0
    outer loop
      vertex 90 20.1991 0
      vertex 90 17.9104 4.20974
      vertex 90 18.2584 4.35386
    endloop
  endfacet
  facet normal -1 0 0
    outer loop
      vertex 90 17.8009 0
      vertex 90 17.9104 4.20974
      vertex 90 20.1991 0
    endloop
  endfacet
  facet normal -1 0 0
    outer loop
      vertex 90 17.3029 0.374265
      vertex 90 17.8009 0
      vertex 90 17.5893 0.12968
    endloop
  endfacet
  facet normal -1 0 0
    outer loop
      vertex 90 17.8009 0
      vertex 90 17.5893 4.01296
      vertex 90 17.9104 4.20974
    endloop
  endfacet
  facet normal -1 0 0
    outer loop
      vertex 90 17.8009 0
      vertex 90 17.3029 0.374265
      vertex 90 17.5893 4.01296
    endloop
  endfacet
  facet normal -1 0 0
    outer loop
      vertex 90 17.3029 0.374265
      vertex 90 17.3029 3.76838
      vertex 90 17.5893 4.01296
    endloop
  endfacet
  facet normal -1 0 0
    outer loop
      vertex 90 17.0584 0.660636
      vertex 90 17.3029 3.76838
      vertex 90 17.3029 0.374265
    endloop
  endfacet
  facet normal -1 0 0
    outer loop
      vertex 90 17.0584 0.660636
      vertex 90 17.0584 3.482
      vertex 90 17.3029 3.76838
    endloop
  endfacet
  facet normal -1 0 0
    outer loop
      vertex 90 16.8616 0.981744
      vertex 90 17.0584 3.482
      vertex 90 17.0584 0.660636
    endloop
  endfacet
  facet normal -1 0 0
    outer loop
      vertex 90 16.8616 0.981744
      vertex 90 16.8616 3.1609
      vertex 90 17.0584 3.482
    endloop
  endfacet
  facet normal -1 0 0
    outer loop
      vertex 90 16.7175 1.32968
      vertex 90 16.8616 3.1609
      vertex 90 16.8616 0.981744
    endloop
  endfacet
  facet normal -1 0 0
    outer loop
      vertex 90 16.7175 1.32968
      vertex 90 16.7175 2.81296
      vertex 90 16.8616 3.1609
    endloop
  endfacet
  facet normal -1 0 0
    outer loop
      vertex 90 16.6295 1.69588
      vertex 90 16.7175 2.81296
      vertex 90 16.7175 1.32968
    endloop
  endfacet
  facet normal -1 0 0
    outer loop
      vertex 90 16.6295 1.69588
      vertex 90 16.6295 2.44676
      vertex 90 16.7175 2.81296
    endloop
  endfacet
  facet normal -1 0 -0
    outer loop
      vertex 90 16.6295 2.44676
      vertex 90 16.6295 1.69588
      vertex 90 16.6 2.07132
    endloop
  endfacet
  facet normal -0.706007 0.688636 0.165333
    outer loop
      vertex 90.6 21.9631 2.54062
      vertex 90 21.3705 2.44676
      vertex 90.6 21.8532 2.99837
    endloop
  endfacet
  facet normal -0.706005 0.706028 0.0555134
    outer loop
      vertex 90.6 22 2.07132
      vertex 90 21.3705 2.44676
      vertex 90.6 21.9631 2.54062
    endloop
  endfacet
  facet normal -0.706015 -0.603886 0.369953
    outer loop
      vertex 90.6 16.5729 3.83468
      vertex 90 16.8616 3.1609
      vertex 90.6 16.327 3.43329
    endloop
  endfacet
  facet normal -0.706018 -0.706018 0.055475
    outer loop
      vertex 90 16.6295 2.44676
      vertex 90 16.6 2.07132
      vertex 90.6 16 2.07132
    endloop
  endfacet
  facet normal -0.70601 0.654308 0.270983
    outer loop
      vertex 90 21.2825 2.81296
      vertex 90 21.1384 3.1609
      vertex 90.6 21.673 3.43329
    endloop
  endfacet
  facet normal -0 0.382699 0.923873
    outer loop
      vertex 90.6 20.362 4.74434
      vertex 118.4 19.9271 4.92449
      vertex 118.4 20.362 4.74434
    endloop
  endfacet
  facet normal 0 0.382699 0.923873
    outer loop
      vertex 118.4 19.9271 4.92449
      vertex 90.6 20.362 4.74434
      vertex 90.6 19.9271 4.92449
    endloop
  endfacet
  facet normal 0 -0.852705 -0.522393
    outer loop
      vertex 90.6 16.5729 0.307965
      vertex 118.4 16.327 0.709349
      vertex 90.6 16.327 0.709349
    endloop
  endfacet
  facet normal 0 -0.852705 -0.522393
    outer loop
      vertex 118.4 16.327 0.709349
      vertex 90.6 16.5729 0.307965
      vertex 118.4 16.5729 0.307965
    endloop
  endfacet
  facet normal 0 -0.923842 -0.382774
    outer loop
      vertex 90.6 16.327 0.709349
      vertex 118.4 16.1468 1.14427
      vertex 90.6 16.1468 1.14427
    endloop
  endfacet
  facet normal 0 -0.923842 -0.382774
    outer loop
      vertex 118.4 16.1468 1.14427
      vertex 90.6 16.327 0.709349
      vertex 118.4 16.327 0.709349
    endloop
  endfacet
  facet normal 0 0.923842 0.382775
    outer loop
      vertex 118.4 21.8532 2.99837
      vertex 90.6 21.673 3.43329
      vertex 118.4 21.673 3.43329
    endloop
  endfacet
  facet normal 0 0.923842 0.382775
    outer loop
      vertex 90.6 21.673 3.43329
      vertex 118.4 21.8532 2.99837
      vertex 90.6 21.8532 2.99837
    endloop
  endfacet
  facet normal 0 -0.923842 0.382775
    outer loop
      vertex 90.6 16.1468 2.99837
      vertex 118.4 16.327 3.43329
      vertex 90.6 16.327 3.43329
    endloop
  endfacet
  facet normal 0 -0.923842 0.382775
    outer loop
      vertex 118.4 16.327 3.43329
      vertex 90.6 16.1468 2.99837
      vertex 118.4 16.1468 2.99837
    endloop
  endfacet
  facet normal 0 0.852708 0.522387
    outer loop
      vertex 118.4 21.673 3.43329
      vertex 90.6 21.4271 3.83468
      vertex 118.4 21.4271 3.83468
    endloop
  endfacet
  facet normal 0 0.852708 0.522387
    outer loop
      vertex 90.6 21.4271 3.83468
      vertex 118.4 21.673 3.43329
      vertex 90.6 21.673 3.43329
    endloop
  endfacet
  facet normal 0 0.760317 -0.649552
    outer loop
      vertex 118.4 21.164 0
      vertex 90.6 21.4271 0.307965
      vertex 118.4 21.4271 0.307965
    endloop
  endfacet
  facet normal 0 0.760317 -0.649552
    outer loop
      vertex 90.6 21.4271 0.307965
      vertex 118.4 21.164 0
      vertex 90.6 21.164 0
    endloop
  endfacet
  facet normal 0 0.972368 0.233453
    outer loop
      vertex 118.4 21.9631 2.54062
      vertex 90.6 21.8532 2.99837
      vertex 118.4 21.8532 2.99837
    endloop
  endfacet
  facet normal 0 0.972368 0.233453
    outer loop
      vertex 90.6 21.8532 2.99837
      vertex 118.4 21.9631 2.54062
      vertex 90.6 21.9631 2.54062
    endloop
  endfacet
  facet normal 0 -0.382699 0.923873
    outer loop
      vertex 90.6 18.0729 4.92449
      vertex 118.4 17.638 4.74434
      vertex 118.4 18.0729 4.92449
    endloop
  endfacet
  facet normal 0 -0.382699 0.923873
    outer loop
      vertex 118.4 17.638 4.74434
      vertex 90.6 18.0729 4.92449
      vertex 90.6 17.638 4.74434
    endloop
  endfacet
  facet normal 0 0.996923 0.0783858
    outer loop
      vertex 118.4 22 2.07132
      vertex 90.6 21.9631 2.54062
      vertex 118.4 21.9631 2.54062
    endloop
  endfacet
  facet normal 0 0.996923 0.0783858
    outer loop
      vertex 90.6 21.9631 2.54062
      vertex 118.4 22 2.07132
      vertex 90.6 22 2.07132
    endloop
  endfacet
  facet normal 0 -0.972368 0.233453
    outer loop
      vertex 90.6 16.0369 2.54062
      vertex 118.4 16.1468 2.99837
      vertex 90.6 16.1468 2.99837
    endloop
  endfacet
  facet normal 0 -0.972368 0.233453
    outer loop
      vertex 118.4 16.1468 2.99837
      vertex 90.6 16.0369 2.54062
      vertex 118.4 16.0369 2.54062
    endloop
  endfacet
  facet normal 0 -0.649515 0.760349
    outer loop
      vertex 90.6 17.2366 4.49837
      vertex 118.4 16.8787 4.19264
      vertex 118.4 17.2366 4.49837
    endloop
  endfacet
  facet normal 0 -0.649515 0.760349
    outer loop
      vertex 118.4 16.8787 4.19264
      vertex 90.6 17.2366 4.49837
      vertex 90.6 16.8787 4.19264
    endloop
  endfacet
  facet normal 0 0.760329 0.649538
    outer loop
      vertex 118.4 21.4271 3.83468
      vertex 90.6 21.1213 4.19264
      vertex 118.4 21.1213 4.19264
    endloop
  endfacet
  facet normal 0 0.760329 0.649538
    outer loop
      vertex 90.6 21.1213 4.19264
      vertex 118.4 21.4271 3.83468
      vertex 90.6 21.4271 3.83468
    endloop
  endfacet
  facet normal 0 -0.996923 -0.0783858
    outer loop
      vertex 90.6 16.0369 1.60202
      vertex 118.4 16 2.07132
      vertex 90.6 16 2.07132
    endloop
  endfacet
  facet normal 0 -0.996923 -0.0783858
    outer loop
      vertex 118.4 16 2.07132
      vertex 90.6 16.0369 1.60202
      vertex 118.4 16.0369 1.60202
    endloop
  endfacet
  facet normal 0 -0.760329 0.649538
    outer loop
      vertex 90.6 16.5729 3.83468
      vertex 118.4 16.8787 4.19264
      vertex 90.6 16.8787 4.19264
    endloop
  endfacet
  facet normal 0 -0.760329 0.649538
    outer loop
      vertex 118.4 16.8787 4.19264
      vertex 90.6 16.5729 3.83468
      vertex 118.4 16.5729 3.83468
    endloop
  endfacet
  facet normal -0 0.649515 0.760349
    outer loop
      vertex 90.6 21.1213 4.19264
      vertex 118.4 20.7634 4.49837
      vertex 118.4 21.1213 4.19264
    endloop
  endfacet
  facet normal 0 0.649515 0.760349
    outer loop
      vertex 118.4 20.7634 4.49837
      vertex 90.6 21.1213 4.19264
      vertex 90.6 20.7634 4.49837
    endloop
  endfacet
  facet normal 0 0.996923 -0.0783858
    outer loop
      vertex 118.4 21.9631 1.60202
      vertex 90.6 22 2.07132
      vertex 118.4 22 2.07132
    endloop
  endfacet
  facet normal 0 0.996923 -0.0783858
    outer loop
      vertex 90.6 22 2.07132
      vertex 118.4 21.9631 1.60202
      vertex 90.6 21.9631 1.60202
    endloop
  endfacet
  facet normal 0 0.923842 -0.382774
    outer loop
      vertex 118.4 21.673 0.709349
      vertex 90.6 21.8532 1.14427
      vertex 118.4 21.8532 1.14427
    endloop
  endfacet
  facet normal 0 0.923842 -0.382774
    outer loop
      vertex 90.6 21.8532 1.14427
      vertex 118.4 21.673 0.709349
      vertex 90.6 21.673 0.709349
    endloop
  endfacet
  facet normal -0 0.233409 0.972379
    outer loop
      vertex 90.6 19.9271 4.92449
      vertex 118.4 19.4693 5.03438
      vertex 118.4 19.9271 4.92449
    endloop
  endfacet
  facet normal 0 0.233409 0.972379
    outer loop
      vertex 118.4 19.4693 5.03438
      vertex 90.6 19.9271 4.92449
      vertex 90.6 19.4693 5.03438
    endloop
  endfacet
  facet normal 0 -0.233409 0.972379
    outer loop
      vertex 90.6 18.5307 5.03438
      vertex 118.4 18.0729 4.92449
      vertex 118.4 18.5307 5.03438
    endloop
  endfacet
  facet normal 0 -0.233409 0.972379
    outer loop
      vertex 118.4 18.0729 4.92449
      vertex 90.6 18.5307 5.03438
      vertex 90.6 18.0729 4.92449
    endloop
  endfacet
  facet normal 0 0.852705 -0.522393
    outer loop
      vertex 118.4 21.4271 0.307965
      vertex 90.6 21.673 0.709349
      vertex 118.4 21.673 0.709349
    endloop
  endfacet
  facet normal 0 0.852705 -0.522393
    outer loop
      vertex 90.6 21.673 0.709349
      vertex 118.4 21.4271 0.307965
      vertex 90.6 21.4271 0.307965
    endloop
  endfacet
  facet normal 0 -0.972368 -0.233453
    outer loop
      vertex 90.6 16.1468 1.14427
      vertex 118.4 16.0369 1.60202
      vertex 90.6 16.0369 1.60202
    endloop
  endfacet
  facet normal 0 -0.972368 -0.233453
    outer loop
      vertex 118.4 16.0369 1.60202
      vertex 90.6 16.1468 1.14427
      vertex 118.4 16.1468 1.14427
    endloop
  endfacet
  facet normal 0 -0.522486 0.852648
    outer loop
      vertex 90.6 17.638 4.74434
      vertex 118.4 17.2366 4.49837
      vertex 118.4 17.638 4.74434
    endloop
  endfacet
  facet normal 0 -0.522486 0.852648
    outer loop
      vertex 118.4 17.2366 4.49837
      vertex 90.6 17.638 4.74434
      vertex 90.6 17.2366 4.49837
    endloop
  endfacet
  facet normal 0 -0.0784703 0.996916
    outer loop
      vertex 90.6 19 5.07132
      vertex 118.4 18.5307 5.03438
      vertex 118.4 19 5.07132
    endloop
  endfacet
  facet normal 0 -0.0784703 0.996916
    outer loop
      vertex 118.4 18.5307 5.03438
      vertex 90.6 19 5.07132
      vertex 90.6 18.5307 5.03438
    endloop
  endfacet
  facet normal 0 -0.996923 0.0783858
    outer loop
      vertex 90.6 16 2.07132
      vertex 118.4 16.0369 2.54062
      vertex 90.6 16.0369 2.54062
    endloop
  endfacet
  facet normal 0 -0.996923 0.0783858
    outer loop
      vertex 118.4 16.0369 2.54062
      vertex 90.6 16 2.07132
      vertex 118.4 16 2.07132
    endloop
  endfacet
  facet normal 0 0.972368 -0.233453
    outer loop
      vertex 118.4 21.8532 1.14427
      vertex 90.6 21.9631 1.60202
      vertex 118.4 21.9631 1.60202
    endloop
  endfacet
  facet normal 0 0.972368 -0.233453
    outer loop
      vertex 90.6 21.9631 1.60202
      vertex 118.4 21.8532 1.14427
      vertex 90.6 21.8532 1.14427
    endloop
  endfacet
  facet normal 0 -0.852708 0.522387
    outer loop
      vertex 90.6 16.327 3.43329
      vertex 118.4 16.5729 3.83468
      vertex 90.6 16.5729 3.83468
    endloop
  endfacet
  facet normal 0 -0.852708 0.522387
    outer loop
      vertex 118.4 16.5729 3.83468
      vertex 90.6 16.327 3.43329
      vertex 118.4 16.327 3.43329
    endloop
  endfacet
  facet normal -0 0.0784703 0.996916
    outer loop
      vertex 90.6 19.4693 5.03438
      vertex 118.4 19 5.07132
      vertex 118.4 19.4693 5.03438
    endloop
  endfacet
  facet normal 0 0.0784703 0.996916
    outer loop
      vertex 118.4 19 5.07132
      vertex 90.6 19.4693 5.03438
      vertex 90.6 19 5.07132
    endloop
  endfacet
  facet normal -0 0.522486 0.852648
    outer loop
      vertex 90.6 20.7634 4.49837
      vertex 118.4 20.362 4.74434
      vertex 118.4 20.7634 4.49837
    endloop
  endfacet
  facet normal 0 0.522486 0.852648
    outer loop
      vertex 118.4 20.362 4.74434
      vertex 90.6 20.7634 4.49837
      vertex 90.6 20.362 4.74434
    endloop
  endfacet
  facet normal 0 -0.760317 -0.649552
    outer loop
      vertex 90.6 16.836 0
      vertex 118.4 16.5729 0.307965
      vertex 90.6 16.5729 0.307965
    endloop
  endfacet
  facet normal 0 -0.760317 -0.649552
    outer loop
      vertex 118.4 16.5729 0.307965
      vertex 90.6 16.836 0
      vertex 118.4 16.836 0
    endloop
  endfacet
  facet normal 0.706063 -0.538566 0.459806
    outer loop
      vertex 119 17.3029 3.76838
      vertex 118.4 16.5729 3.83468
      vertex 119 17.0584 3.482
    endloop
  endfacet
  facet normal 0.706059 -0.538561 -0.459817
    outer loop
      vertex 119 17.0584 0.660636
      vertex 118.4 16.5729 0.307965
      vertex 119 17.3029 0.374265
    endloop
  endfacet
  facet normal 0.706112 0.458568 -0.539556
    outer loop
      vertex 118.692 20.731 0
      vertex 118.471 21.0713 0
      vertex 119 20.6971 0.374265
    endloop
  endfacet
  facet normal 0.706048 0.654232 -0.271067
    outer loop
      vertex 119 21.2825 1.32968
      vertex 118.4 21.673 0.709349
      vertex 118.4 21.8532 1.14427
    endloop
  endfacet
  facet normal 0.706016 0.603882 -0.369956
    outer loop
      vertex 119 21.1384 0.981744
      vertex 118.4 21.4271 0.307965
      vertex 118.4 21.673 0.709349
    endloop
  endfacet
  facet normal 0.70616 -0.538669 -0.459537
    outer loop
      vertex 118.4 16.5729 0.307965
      vertex 118.471 16.9287 0
      vertex 119 17.3029 0.374265
    endloop
  endfacet
  facet normal 0.70451 -0.539592 -0.460983
    outer loop
      vertex 118.471 16.9287 0
      vertex 118.4 16.5729 0.307965
      vertex 118.4 16.836 0
    endloop
  endfacet
  facet normal 1 0 0
    outer loop
      vertex 119 21.3705 2.44676
      vertex 119 21.3705 1.69588
      vertex 119 21.4 2.07132
    endloop
  endfacet
  facet normal 1 0 0
    outer loop
      vertex 119 21.2825 2.81296
      vertex 119 21.3705 1.69588
      vertex 119 21.3705 2.44676
    endloop
  endfacet
  facet normal 1 0 0
    outer loop
      vertex 119 21.2825 2.81296
      vertex 119 21.2825 1.32968
      vertex 119 21.3705 1.69588
    endloop
  endfacet
  facet normal 1 0 0
    outer loop
      vertex 119 21.1384 3.1609
      vertex 119 21.2825 1.32968
      vertex 119 21.2825 2.81296
    endloop
  endfacet
  facet normal 1 0 0
    outer loop
      vertex 119 21.1384 3.1609
      vertex 119 21.1384 0.981744
      vertex 119 21.2825 1.32968
    endloop
  endfacet
  facet normal 1 0 0
    outer loop
      vertex 119 20.9416 3.482
      vertex 119 21.1384 0.981744
      vertex 119 21.1384 3.1609
    endloop
  endfacet
  facet normal 1 0 0
    outer loop
      vertex 119 20.9416 3.482
      vertex 119 20.9416 0.660636
      vertex 119 21.1384 0.981744
    endloop
  endfacet
  facet normal 1 0 0
    outer loop
      vertex 119 20.6971 3.76838
      vertex 119 20.9416 0.660636
      vertex 119 20.9416 3.482
    endloop
  endfacet
  facet normal 1 0 0
    outer loop
      vertex 119 20.6971 3.76838
      vertex 119 20.6971 0.374265
      vertex 119 20.9416 0.660636
    endloop
  endfacet
  facet normal 1 0 0
    outer loop
      vertex 119 20.4107 4.01296
      vertex 119 20.6971 0.374265
      vertex 119 20.6971 3.76838
    endloop
  endfacet
  facet normal 1 0 0
    outer loop
      vertex 119 20.1991 0
      vertex 119 20.6971 0.374265
      vertex 119 20.4107 4.01296
    endloop
  endfacet
  facet normal 1 0 0
    outer loop
      vertex 119 20.6971 0.374265
      vertex 119 20.1991 0
      vertex 119 20.4107 0.12968
    endloop
  endfacet
  facet normal 1 0 0
    outer loop
      vertex 119 20.0896 4.20974
      vertex 119 20.1991 0
      vertex 119 20.4107 4.01296
    endloop
  endfacet
  facet normal 1 0 0
    outer loop
      vertex 119 19.7416 4.35386
      vertex 119 20.1991 0
      vertex 119 20.0896 4.20974
    endloop
  endfacet
  facet normal 1 0 0
    outer loop
      vertex 119 19.3754 4.44177
      vertex 119 20.1991 0
      vertex 119 19.7416 4.35386
    endloop
  endfacet
  facet normal 1 0 0
    outer loop
      vertex 119 19 4.47132
      vertex 119 20.1991 0
      vertex 119 19.3754 4.44177
    endloop
  endfacet
  facet normal 1 -0 0
    outer loop
      vertex 119 18.6246 4.44177
      vertex 119 20.1991 0
      vertex 119 19 4.47132
    endloop
  endfacet
  facet normal 1 -0 0
    outer loop
      vertex 119 18.2584 4.35386
      vertex 119 20.1991 0
      vertex 119 18.6246 4.44177
    endloop
  endfacet
  facet normal 1 -0 0
    outer loop
      vertex 119 17.9104 4.20974
      vertex 119 20.1991 0
      vertex 119 18.2584 4.35386
    endloop
  endfacet
  facet normal 1 0 0
    outer loop
      vertex 119 17.9104 4.20974
      vertex 119 17.8009 0
      vertex 119 20.1991 0
    endloop
  endfacet
  facet normal 1 -0 0
    outer loop
      vertex 119 17.5893 4.01296
      vertex 119 17.8009 0
      vertex 119 17.9104 4.20974
    endloop
  endfacet
  facet normal 1 -0 0
    outer loop
      vertex 119 17.3029 3.76838
      vertex 119 17.8009 0
      vertex 119 17.5893 4.01296
    endloop
  endfacet
  facet normal 1 -0 0
    outer loop
      vertex 119 17.3029 0.374265
      vertex 119 17.8009 0
      vertex 119 17.3029 3.76838
    endloop
  endfacet
  facet normal 1 0 0
    outer loop
      vertex 119 17.8009 0
      vertex 119 17.3029 0.374265
      vertex 119 17.5893 0.12968
    endloop
  endfacet
  facet normal 1 -0 0
    outer loop
      vertex 119 17.0584 3.482
      vertex 119 17.3029 0.374265
      vertex 119 17.3029 3.76838
    endloop
  endfacet
  facet normal 1 0 0
    outer loop
      vertex 119 17.0584 3.482
      vertex 119 17.0584 0.660636
      vertex 119 17.3029 0.374265
    endloop
  endfacet
  facet normal 1 -0 0
    outer loop
      vertex 119 16.8616 3.1609
      vertex 119 17.0584 0.660636
      vertex 119 17.0584 3.482
    endloop
  endfacet
  facet normal 1 0 0
    outer loop
      vertex 119 16.8616 3.1609
      vertex 119 16.8616 0.981744
      vertex 119 17.0584 0.660636
    endloop
  endfacet
  facet normal 1 -0 0
    outer loop
      vertex 119 16.7175 2.81296
      vertex 119 16.8616 0.981744
      vertex 119 16.8616 3.1609
    endloop
  endfacet
  facet normal 1 0 0
    outer loop
      vertex 119 16.7175 2.81296
      vertex 119 16.7175 1.32968
      vertex 119 16.8616 0.981744
    endloop
  endfacet
  facet normal 1 -0 0
    outer loop
      vertex 119 16.6295 2.44676
      vertex 119 16.7175 1.32968
      vertex 119 16.7175 2.81296
    endloop
  endfacet
  facet normal 1 0 0
    outer loop
      vertex 119 16.6295 2.44676
      vertex 119 16.6295 1.69588
      vertex 119 16.7175 1.32968
    endloop
  endfacet
  facet normal 1 0 -0
    outer loop
      vertex 119 16.6295 1.69588
      vertex 119 16.6295 2.44676
      vertex 119 16.6 2.07132
    endloop
  endfacet
  facet normal 0.706005 -0.706028 -0.0555134
    outer loop
      vertex 119 16.6295 1.69588
      vertex 118.4 16 2.07132
      vertex 118.4 16.0369 1.60202
    endloop
  endfacet
  facet normal 0.706015 -0.370023 0.603843
    outer loop
      vertex 118.4 17.638 4.74434
      vertex 118.4 17.2366 4.49837
      vertex 119 17.9104 4.20974
    endloop
  endfacet
  facet normal 0.706014 0.0555746 0.706014
    outer loop
      vertex 119 19.3754 4.44177
      vertex 118.4 19 5.07132
      vertex 119 19 4.47132
    endloop
  endfacet
  facet normal 0.706015 0.603886 0.369953
    outer loop
      vertex 118.4 21.673 3.43329
      vertex 118.4 21.4271 3.83468
      vertex 119 21.1384 3.1609
    endloop
  endfacet
  facet normal 0.706015 -0.0555724 0.706013
    outer loop
      vertex 118.4 19 5.07132
      vertex 118.4 18.5307 5.03438
      vertex 119 18.6246 4.44177
    endloop
  endfacet
  facet normal 0.70451 0.539592 -0.460983
    outer loop
      vertex 118.4 21.4271 0.307965
      vertex 118.471 21.0713 0
      vertex 118.4 21.164 0
    endloop
  endfacet
  facet normal 0.70616 0.538669 -0.459537
    outer loop
      vertex 118.471 21.0713 0
      vertex 118.4 21.4271 0.307965
      vertex 119 20.6971 0.374265
    endloop
  endfacet
  facet normal 0.706032 -0.27102 0.654268
    outer loop
      vertex 118.4 18.0729 4.92449
      vertex 118.4 17.638 4.74434
      vertex 119 18.2584 4.35386
    endloop
  endfacet
  facet normal 0.706012 -0.270974 0.654309
    outer loop
      vertex 119 18.2584 4.35386
      vertex 118.4 17.638 4.74434
      vertex 119 17.9104 4.20974
    endloop
  endfacet
  facet normal 0.706005 0.706028 -0.0555134
    outer loop
      vertex 119 21.3705 1.69588
      vertex 118.4 21.9631 1.60202
      vertex 118.4 22 2.07132
    endloop
  endfacet
  facet normal 0.706048 -0.654232 0.271067
    outer loop
      vertex 118.4 16.327 3.43329
      vertex 118.4 16.1468 2.99837
      vertex 119 16.7175 2.81296
    endloop
  endfacet
  facet normal 0.706005 0.706028 0.0555134
    outer loop
      vertex 118.4 22 2.07132
      vertex 118.4 21.9631 2.54062
      vertex 119 21.3705 2.44676
    endloop
  endfacet
  facet normal 0.706015 0.370023 0.603843
    outer loop
      vertex 118.4 20.7634 4.49837
      vertex 118.4 20.362 4.74434
      vertex 119 20.0896 4.20974
    endloop
  endfacet
  facet normal 0.70599 -0.46 0.538495
    outer loop
      vertex 118.4 17.2366 4.49837
      vertex 118.4 16.8787 4.19264
      vertex 119 17.3029 3.76838
    endloop
  endfacet
  facet normal 0.706024 -0.37004 0.603822
    outer loop
      vertex 119 17.9104 4.20974
      vertex 118.4 17.2366 4.49837
      vertex 119 17.5893 4.01296
    endloop
  endfacet
  facet normal 0.70599 0.46 0.538495
    outer loop
      vertex 118.4 21.1213 4.19264
      vertex 118.4 20.7634 4.49837
      vertex 119 20.6971 3.76838
    endloop
  endfacet
  facet normal 0.706014 -0.0555746 0.706014
    outer loop
      vertex 119 19 4.47132
      vertex 118.4 19 5.07132
      vertex 119 18.6246 4.44177
    endloop
  endfacet
  facet normal 0.706643 -0.369728 -0.603289
    outer loop
      vertex 119 17.5893 0.12968
      vertex 118.84 17.4951 0
      vertex 119 17.8009 0
    endloop
  endfacet
  facet normal 0.706024 -0.165311 0.688624
    outer loop
      vertex 119 18.6246 4.44177
      vertex 118.4 18.0729 4.92449
      vertex 119 18.2584 4.35386
    endloop
  endfacet
  facet normal 0.706058 -0.688552 -0.165463
    outer loop
      vertex 119 16.6295 1.69588
      vertex 118.4 16.1468 1.14427
      vertex 119 16.7175 1.32968
    endloop
  endfacet
  facet normal 0.705987 -0.538484 0.460019
    outer loop
      vertex 118.4 16.8787 4.19264
      vertex 118.4 16.5729 3.83468
      vertex 119 17.3029 3.76838
    endloop
  endfacet
  facet normal 0.706007 0.688636 -0.165333
    outer loop
      vertex 119 21.3705 1.69588
      vertex 118.4 21.8532 1.14427
      vertex 118.4 21.9631 1.60202
    endloop
  endfacet
  facet normal 0.706024 0.37004 0.603822
    outer loop
      vertex 119 20.4107 4.01296
      vertex 118.4 20.7634 4.49837
      vertex 119 20.0896 4.20974
    endloop
  endfacet
  facet normal 0.706032 0.27102 0.654268
    outer loop
      vertex 118.4 20.362 4.74434
      vertex 118.4 19.9271 4.92449
      vertex 119 19.7416 4.35386
    endloop
  endfacet
  facet normal 0.706016 -0.603882 -0.369956
    outer loop
      vertex 119 16.8616 0.981744
      vertex 118.4 16.327 0.709349
      vertex 118.4 16.5729 0.307965
    endloop
  endfacet
  facet normal 0.70601 -0.654308 0.270983
    outer loop
      vertex 119 16.8616 3.1609
      vertex 118.4 16.327 3.43329
      vertex 119 16.7175 2.81296
    endloop
  endfacet
  facet normal 0.705058 0.461515 -0.538422
    outer loop
      vertex 119 20.6971 0.374265
      vertex 118.84 20.5049 0
      vertex 118.692 20.731 0
    endloop
  endfacet
  facet normal 0.706638 0.459508 -0.538066
    outer loop
      vertex 118.84 20.5049 0
      vertex 119 20.6971 0.374265
      vertex 119 20.4107 0.12968
    endloop
  endfacet
  facet normal 0.706059 0.538561 -0.459817
    outer loop
      vertex 119 20.6971 0.374265
      vertex 118.4 21.4271 0.307965
      vertex 119 20.9416 0.660636
    endloop
  endfacet
  facet normal 0.706027 0.459898 0.538535
    outer loop
      vertex 119 20.6971 3.76838
      vertex 118.4 20.7634 4.49837
      vertex 119 20.4107 4.01296
    endloop
  endfacet
  facet normal 0.706643 0.369728 -0.603289
    outer loop
      vertex 119 20.1991 0
      vertex 118.84 20.5049 0
      vertex 119 20.4107 0.12968
    endloop
  endfacet
  facet normal 0.706638 -0.459508 -0.538066
    outer loop
      vertex 119 17.3029 0.374265
      vertex 118.84 17.4951 0
      vertex 119 17.5893 0.12968
    endloop
  endfacet
  facet normal 0.705058 -0.461515 -0.538422
    outer loop
      vertex 118.84 17.4951 0
      vertex 119 17.3029 0.374265
      vertex 118.692 17.269 0
    endloop
  endfacet
  facet normal 0.706019 0.165299 0.688632
    outer loop
      vertex 118.4 19.9271 4.92449
      vertex 118.4 19.4693 5.03438
      vertex 119 19.3754 4.44177
    endloop
  endfacet
  facet normal 0.706011 -0.654305 -0.270985
    outer loop
      vertex 119 16.7175 1.32968
      vertex 118.4 16.327 0.709349
      vertex 119 16.8616 0.981744
    endloop
  endfacet
  facet normal 0.706007 -0.688636 0.165333
    outer loop
      vertex 118.4 16.1468 2.99837
      vertex 118.4 16.0369 2.54062
      vertex 119 16.6295 2.44676
    endloop
  endfacet
  facet normal 0.706058 0.688552 -0.165463
    outer loop
      vertex 119 21.2825 1.32968
      vertex 118.4 21.8532 1.14427
      vertex 119 21.3705 1.69588
    endloop
  endfacet
  facet normal 0.706024 0.165311 0.688624
    outer loop
      vertex 119 19.7416 4.35386
      vertex 118.4 19.9271 4.92449
      vertex 119 19.3754 4.44177
    endloop
  endfacet
  facet normal 0.706015 0.0555724 0.706013
    outer loop
      vertex 118.4 19.4693 5.03438
      vertex 118.4 19 5.07132
      vertex 119 19.3754 4.44177
    endloop
  endfacet
  facet normal 0.706061 0.603777 -0.370042
    outer loop
      vertex 119 20.9416 0.660636
      vertex 118.4 21.4271 0.307965
      vertex 119 21.1384 0.981744
    endloop
  endfacet
  facet normal 0.70601 0.654308 0.270983
    outer loop
      vertex 119 21.2825 2.81296
      vertex 118.4 21.673 3.43329
      vertex 119 21.1384 3.1609
    endloop
  endfacet
  facet normal 0.706058 -0.688552 0.165463
    outer loop
      vertex 119 16.7175 2.81296
      vertex 118.4 16.1468 2.99837
      vertex 119 16.6295 2.44676
    endloop
  endfacet
  facet normal 0.706019 -0.165299 0.688632
    outer loop
      vertex 118.4 18.5307 5.03438
      vertex 118.4 18.0729 4.92449
      vertex 119 18.6246 4.44177
    endloop
  endfacet
  facet normal 0.706027 -0.459898 0.538535
    outer loop
      vertex 119 17.5893 4.01296
      vertex 118.4 17.2366 4.49837
      vertex 119 17.3029 3.76838
    endloop
  endfacet
  facet normal 0.706018 0.706018 -0.055475
    outer loop
      vertex 119 21.3705 1.69588
      vertex 118.4 22 2.07132
      vertex 119 21.4 2.07132
    endloop
  endfacet
  facet normal 0.706063 0.538566 0.459806
    outer loop
      vertex 119 20.9416 3.482
      vertex 118.4 21.4271 3.83468
      vertex 119 20.6971 3.76838
    endloop
  endfacet
  facet normal 0.706018 -0.706018 -0.055475
    outer loop
      vertex 119 16.6 2.07132
      vertex 118.4 16 2.07132
      vertex 119 16.6295 1.69588
    endloop
  endfacet
  facet normal 0.706007 -0.688636 -0.165333
    outer loop
      vertex 119 16.6295 1.69588
      vertex 118.4 16.0369 1.60202
      vertex 118.4 16.1468 1.14427
    endloop
  endfacet
  facet normal 0.705987 0.538484 0.460019
    outer loop
      vertex 118.4 21.4271 3.83468
      vertex 118.4 21.1213 4.19264
      vertex 119 20.6971 3.76838
    endloop
  endfacet
  facet normal 0.706064 -0.60377 0.370047
    outer loop
      vertex 119 17.0584 3.482
      vertex 118.4 16.5729 3.83468
      vertex 119 16.8616 3.1609
    endloop
  endfacet
  facet normal 0.706018 0.706018 0.055475
    outer loop
      vertex 119 21.4 2.07132
      vertex 118.4 22 2.07132
      vertex 119 21.3705 2.44676
    endloop
  endfacet
  facet normal 0.706007 0.688636 0.165333
    outer loop
      vertex 118.4 21.9631 2.54062
      vertex 118.4 21.8532 2.99837
      vertex 119 21.3705 2.44676
    endloop
  endfacet
  facet normal 0.706015 -0.603886 0.369953
    outer loop
      vertex 118.4 16.5729 3.83468
      vertex 118.4 16.327 3.43329
      vertex 119 16.8616 3.1609
    endloop
  endfacet
  facet normal 0.706061 -0.603777 -0.370042
    outer loop
      vertex 119 16.8616 0.981744
      vertex 118.4 16.5729 0.307965
      vertex 119 17.0584 0.660636
    endloop
  endfacet
  facet normal 0.706012 0.270974 0.654309
    outer loop
      vertex 119 20.0896 4.20974
      vertex 118.4 20.362 4.74434
      vertex 119 19.7416 4.35386
    endloop
  endfacet
  facet normal 0.706112 -0.458568 -0.539556
    outer loop
      vertex 119 17.3029 0.374265
      vertex 118.471 16.9287 0
      vertex 118.692 17.269 0
    endloop
  endfacet
  facet normal 0.706048 0.654232 0.271067
    outer loop
      vertex 118.4 21.8532 2.99837
      vertex 118.4 21.673 3.43329
      vertex 119 21.2825 2.81296
    endloop
  endfacet
  facet normal 0.706011 0.654305 -0.270985
    outer loop
      vertex 119 21.1384 0.981744
      vertex 118.4 21.673 0.709349
      vertex 119 21.2825 1.32968
    endloop
  endfacet
  facet normal 0.706048 -0.654232 -0.271067
    outer loop
      vertex 119 16.7175 1.32968
      vertex 118.4 16.1468 1.14427
      vertex 118.4 16.327 0.709349
    endloop
  endfacet
  facet normal 0.706058 0.688552 0.165463
    outer loop
      vertex 119 21.3705 2.44676
      vertex 118.4 21.8532 2.99837
      vertex 119 21.2825 2.81296
    endloop
  endfacet
  facet normal 0.706064 0.60377 0.370047
    outer loop
      vertex 119 21.1384 3.1609
      vertex 118.4 21.4271 3.83468
      vertex 119 20.9416 3.482
    endloop
  endfacet
  facet normal 0.706005 -0.706028 0.0555134
    outer loop
      vertex 118.4 16.0369 2.54062
      vertex 118.4 16 2.07132
      vertex 119 16.6295 2.44676
    endloop
  endfacet
  facet normal 0.706018 -0.706018 0.055475
    outer loop
      vertex 119 16.6295 2.44676
      vertex 118.4 16 2.07132
      vertex 119 16.6 2.07132
    endloop
  endfacet
  facet normal 0 0 -1
    outer loop
      vertex 118.84 17.4951 0
      vertex 119 20.1991 0
      vertex 119 17.8009 0
    endloop
  endfacet
  facet normal 0 0 -1
    outer loop
      vertex 118.84 17.4951 0
      vertex 118.84 20.5049 0
      vertex 119 20.1991 0
    endloop
  endfacet
  facet normal 0 0 -1
    outer loop
      vertex 118.692 17.269 0
      vertex 118.84 20.5049 0
      vertex 118.84 17.4951 0
    endloop
  endfacet
  facet normal 0 0 -1
    outer loop
      vertex 118.692 17.269 0
      vertex 118.692 20.731 0
      vertex 118.84 20.5049 0
    endloop
  endfacet
  facet normal 0 0 -1
    outer loop
      vertex 118.471 16.9287 0
      vertex 118.692 20.731 0
      vertex 118.692 17.269 0
    endloop
  endfacet
  facet normal 0 0 -1
    outer loop
      vertex 118.471 16.9287 0
      vertex 118.471 21.0713 0
      vertex 118.692 20.731 0
    endloop
  endfacet
  facet normal 0 0 -1
    outer loop
      vertex 118.4 16.836 0
      vertex 118.471 21.0713 0
      vertex 118.471 16.9287 0
    endloop
  endfacet
  facet normal 0 0 -1
    outer loop
      vertex 118.4 16.836 0
      vertex 118.4 21.164 0
      vertex 118.471 21.0713 0
    endloop
  endfacet
  facet normal 0 0 -1
    outer loop
      vertex 90.6 16.836 0
      vertex 118.4 21.164 0
      vertex 118.4 16.836 0
    endloop
  endfacet
  facet normal 0 0 -1
    outer loop
      vertex 90.6 16.836 0
      vertex 90.6 21.164 0
      vertex 118.4 21.164 0
    endloop
  endfacet
  facet normal 0 0 -1
    outer loop
      vertex 90.5293 16.9287 0
      vertex 90.6 21.164 0
      vertex 90.6 16.836 0
    endloop
  endfacet
  facet normal 0 0 -1
    outer loop
      vertex 90.5293 16.9287 0
      vertex 90.5293 21.0713 0
      vertex 90.6 21.164 0
    endloop
  endfacet
  facet normal 0 0 -1
    outer loop
      vertex 90.3076 17.269 0
      vertex 90.5293 21.0713 0
      vertex 90.5293 16.9287 0
    endloop
  endfacet
  facet normal 0 0 -1
    outer loop
      vertex 90.3076 17.269 0
      vertex 90.3076 20.731 0
      vertex 90.5293 21.0713 0
    endloop
  endfacet
  facet normal 0 0 -1
    outer loop
      vertex 90.1603 17.4951 0
      vertex 90.3076 20.731 0
      vertex 90.3076 17.269 0
    endloop
  endfacet
  facet normal 0 0 -1
    outer loop
      vertex 90.1603 17.4951 0
      vertex 90.1603 20.5049 0
      vertex 90.3076 20.731 0
    endloop
  endfacet
  facet normal 0 0 -1
    outer loop
      vertex 90 17.8009 0
      vertex 90.1603 20.5049 0
      vertex 90.1603 17.4951 0
    endloop
  endfacet
  facet normal 0 0 -1
    outer loop
      vertex 90.1603 20.5049 0
      vertex 90 17.8009 0
      vertex 90 20.1991 0
    endloop
  endfacet
  facet normal -0.706024 0.165311 0.688624
    outer loop
      vertex 125 19.7416 4.35386
      vertex 125 19.3754 4.44177
      vertex 125.6 19.9271 4.92449
    endloop
  endfacet
  facet normal -0.706014 -0.0555746 0.706014
    outer loop
      vertex 125 19 4.47132
      vertex 125 18.6246 4.44177
      vertex 125.6 19 5.07132
    endloop
  endfacet
  facet normal -0.706032 0.27102 0.654268
    outer loop
      vertex 125.6 20.362 4.74434
      vertex 125 19.7416 4.35386
      vertex 125.6 19.9271 4.92449
    endloop
  endfacet
  facet normal -0.706048 -0.654232 -0.271067
    outer loop
      vertex 125.6 16.1468 1.14427
      vertex 125 16.7175 1.32968
      vertex 125.6 16.327 0.709349
    endloop
  endfacet
  facet normal -0.706058 0.688552 -0.165463
    outer loop
      vertex 125.6 21.8532 1.14427
      vertex 125 21.2825 1.32968
      vertex 125 21.3705 1.69588
    endloop
  endfacet
  facet normal -0.70599 0.46 0.538495
    outer loop
      vertex 125.6 21.1213 4.19264
      vertex 125 20.6971 3.76838
      vertex 125.6 20.7634 4.49837
    endloop
  endfacet
  facet normal -0.706011 0.654305 -0.270985
    outer loop
      vertex 125.6 21.673 0.709349
      vertex 125 21.1384 0.981744
      vertex 125 21.2825 1.32968
    endloop
  endfacet
  facet normal -0.70451 0.539592 -0.460983
    outer loop
      vertex 125.529 21.0713 0
      vertex 125.6 21.4271 0.307965
      vertex 125.6 21.164 0
    endloop
  endfacet
  facet normal -0.70616 0.538669 -0.459537
    outer loop
      vertex 125.6 21.4271 0.307965
      vertex 125.529 21.0713 0
      vertex 125 20.6971 0.374265
    endloop
  endfacet
  facet normal -0.706018 0.706018 -0.055475
    outer loop
      vertex 125.6 22 2.07132
      vertex 125 21.3705 1.69588
      vertex 125 21.4 2.07132
    endloop
  endfacet
  facet normal -0.70601 -0.654308 0.270983
    outer loop
      vertex 125 16.8616 3.1609
      vertex 125 16.7175 2.81296
      vertex 125.6 16.327 3.43329
    endloop
  endfacet
  facet normal -0.706643 0.369728 -0.603289
    outer loop
      vertex 125.16 20.5049 0
      vertex 125 20.1991 0
      vertex 125 20.4107 0.12968
    endloop
  endfacet
  facet normal -0.706007 -0.688636 -0.165333
    outer loop
      vertex 125.6 16.0369 1.60202
      vertex 125 16.6295 1.69588
      vertex 125.6 16.1468 1.14427
    endloop
  endfacet
  facet normal -0.706015 0.0555724 0.706013
    outer loop
      vertex 125.6 19.4693 5.03438
      vertex 125 19.3754 4.44177
      vertex 125.6 19 5.07132
    endloop
  endfacet
  facet normal -0.70451 -0.539592 -0.460983
    outer loop
      vertex 125.6 16.5729 0.307965
      vertex 125.529 16.9287 0
      vertex 125.6 16.836 0
    endloop
  endfacet
  facet normal -0.70616 -0.538669 -0.459537
    outer loop
      vertex 125.529 16.9287 0
      vertex 125.6 16.5729 0.307965
      vertex 125 17.3029 0.374265
    endloop
  endfacet
  facet normal -0.706112 0.458568 -0.539556
    outer loop
      vertex 125.308 20.731 0
      vertex 125 20.6971 0.374265
      vertex 125.529 21.0713 0
    endloop
  endfacet
  facet normal -0.706058 0.688552 0.165463
    outer loop
      vertex 125 21.3705 2.44676
      vertex 125 21.2825 2.81296
      vertex 125.6 21.8532 2.99837
    endloop
  endfacet
  facet normal -0.706011 -0.654305 -0.270985
    outer loop
      vertex 125.6 16.327 0.709349
      vertex 125 16.7175 1.32968
      vertex 125 16.8616 0.981744
    endloop
  endfacet
  facet normal -0.705987 0.538484 0.460019
    outer loop
      vertex 125.6 21.4271 3.83468
      vertex 125 20.6971 3.76838
      vertex 125.6 21.1213 4.19264
    endloop
  endfacet
  facet normal -0.706019 -0.165299 0.688632
    outer loop
      vertex 125.6 18.5307 5.03438
      vertex 125 18.6246 4.44177
      vertex 125.6 18.0729 4.92449
    endloop
  endfacet
  facet normal -0.706005 -0.706028 -0.0555134
    outer loop
      vertex 125.6 16 2.07132
      vertex 125 16.6295 1.69588
      vertex 125.6 16.0369 1.60202
    endloop
  endfacet
  facet normal -0.706112 -0.458568 -0.539556
    outer loop
      vertex 125.529 16.9287 0
      vertex 125 17.3029 0.374265
      vertex 125.308 17.269 0
    endloop
  endfacet
  facet normal -0.706016 0.603882 -0.369956
    outer loop
      vertex 125.6 21.4271 0.307965
      vertex 125 21.1384 0.981744
      vertex 125.6 21.673 0.709349
    endloop
  endfacet
  facet normal -0.706059 -0.538561 -0.459817
    outer loop
      vertex 125.6 16.5729 0.307965
      vertex 125 17.0584 0.660636
      vertex 125 17.3029 0.374265
    endloop
  endfacet
  facet normal -0.706027 -0.459898 0.538535
    outer loop
      vertex 125 17.5893 4.01296
      vertex 125 17.3029 3.76838
      vertex 125.6 17.2366 4.49837
    endloop
  endfacet
  facet normal -0.70599 -0.46 0.538495
    outer loop
      vertex 125.6 17.2366 4.49837
      vertex 125 17.3029 3.76838
      vertex 125.6 16.8787 4.19264
    endloop
  endfacet
  facet normal -0.706005 0.706028 -0.0555134
    outer loop
      vertex 125.6 21.9631 1.60202
      vertex 125 21.3705 1.69588
      vertex 125.6 22 2.07132
    endloop
  endfacet
  facet normal -0.706014 0.0555746 0.706014
    outer loop
      vertex 125 19.3754 4.44177
      vertex 125 19 4.47132
      vertex 125.6 19 5.07132
    endloop
  endfacet
  facet normal -0.706012 0.270974 0.654309
    outer loop
      vertex 125 20.0896 4.20974
      vertex 125 19.7416 4.35386
      vertex 125.6 20.362 4.74434
    endloop
  endfacet
  facet normal -0.706005 -0.706028 0.0555134
    outer loop
      vertex 125.6 16.0369 2.54062
      vertex 125 16.6295 2.44676
      vertex 125.6 16 2.07132
    endloop
  endfacet
  facet normal -0.706061 -0.603777 -0.370042
    outer loop
      vertex 125.6 16.5729 0.307965
      vertex 125 16.8616 0.981744
      vertex 125 17.0584 0.660636
    endloop
  endfacet
  facet normal -0.706063 -0.538566 0.459806
    outer loop
      vertex 125 17.3029 3.76838
      vertex 125 17.0584 3.482
      vertex 125.6 16.5729 3.83468
    endloop
  endfacet
  facet normal -0.706024 -0.37004 0.603822
    outer loop
      vertex 125 17.9104 4.20974
      vertex 125 17.5893 4.01296
      vertex 125.6 17.2366 4.49837
    endloop
  endfacet
  facet normal -0.706027 0.459898 0.538535
    outer loop
      vertex 125 20.6971 3.76838
      vertex 125 20.4107 4.01296
      vertex 125.6 20.7634 4.49837
    endloop
  endfacet
  facet normal -0.706007 0.688636 -0.165333
    outer loop
      vertex 125.6 21.8532 1.14427
      vertex 125 21.3705 1.69588
      vertex 125.6 21.9631 1.60202
    endloop
  endfacet
  facet normal -0.706061 0.603777 -0.370042
    outer loop
      vertex 125.6 21.4271 0.307965
      vertex 125 20.9416 0.660636
      vertex 125 21.1384 0.981744
    endloop
  endfacet
  facet normal -0.706016 -0.603882 -0.369956
    outer loop
      vertex 125.6 16.327 0.709349
      vertex 125 16.8616 0.981744
      vertex 125.6 16.5729 0.307965
    endloop
  endfacet
  facet normal -0.706048 0.654232 -0.271067
    outer loop
      vertex 125.6 21.673 0.709349
      vertex 125 21.2825 1.32968
      vertex 125.6 21.8532 1.14427
    endloop
  endfacet
  facet normal -0.706018 0.706018 0.055475
    outer loop
      vertex 125 21.4 2.07132
      vertex 125 21.3705 2.44676
      vertex 125.6 22 2.07132
    endloop
  endfacet
  facet normal -0.706048 -0.654232 0.271067
    outer loop
      vertex 125.6 16.327 3.43329
      vertex 125 16.7175 2.81296
      vertex 125.6 16.1468 2.99837
    endloop
  endfacet
  facet normal -0.706064 0.60377 0.370047
    outer loop
      vertex 125 21.1384 3.1609
      vertex 125 20.9416 3.482
      vertex 125.6 21.4271 3.83468
    endloop
  endfacet
  facet normal -0.706058 -0.688552 -0.165463
    outer loop
      vertex 125.6 16.1468 1.14427
      vertex 125 16.6295 1.69588
      vertex 125 16.7175 1.32968
    endloop
  endfacet
  facet normal -0.705987 -0.538484 0.460019
    outer loop
      vertex 125.6 16.8787 4.19264
      vertex 125 17.3029 3.76838
      vertex 125.6 16.5729 3.83468
    endloop
  endfacet
  facet normal -0.706643 -0.369728 -0.603289
    outer loop
      vertex 125.16 17.4951 0
      vertex 125 17.5893 0.12968
      vertex 125 17.8009 0
    endloop
  endfacet
  facet normal -0.706063 0.538566 0.459806
    outer loop
      vertex 125 20.9416 3.482
      vertex 125 20.6971 3.76838
      vertex 125.6 21.4271 3.83468
    endloop
  endfacet
  facet normal -0.706015 0.603886 0.369953
    outer loop
      vertex 125.6 21.673 3.43329
      vertex 125 21.1384 3.1609
      vertex 125.6 21.4271 3.83468
    endloop
  endfacet
  facet normal -0.706015 0.370023 0.603843
    outer loop
      vertex 125.6 20.7634 4.49837
      vertex 125 20.0896 4.20974
      vertex 125.6 20.362 4.74434
    endloop
  endfacet
  facet normal -0.706024 -0.165311 0.688624
    outer loop
      vertex 125 18.6246 4.44177
      vertex 125 18.2584 4.35386
      vertex 125.6 18.0729 4.92449
    endloop
  endfacet
  facet normal -0.706015 -0.370023 0.603843
    outer loop
      vertex 125.6 17.638 4.74434
      vertex 125 17.9104 4.20974
      vertex 125.6 17.2366 4.49837
    endloop
  endfacet
  facet normal -0.706048 0.654232 0.271067
    outer loop
      vertex 125.6 21.8532 2.99837
      vertex 125 21.2825 2.81296
      vertex 125.6 21.673 3.43329
    endloop
  endfacet
  facet normal -0.706018 -0.706018 -0.055475
    outer loop
      vertex 125.6 16 2.07132
      vertex 125 16.6 2.07132
      vertex 125 16.6295 1.69588
    endloop
  endfacet
  facet normal -0.706064 -0.60377 0.370047
    outer loop
      vertex 125 17.0584 3.482
      vertex 125 16.8616 3.1609
      vertex 125.6 16.5729 3.83468
    endloop
  endfacet
  facet normal -0.705058 0.461515 -0.538422
    outer loop
      vertex 125.16 20.5049 0
      vertex 125 20.6971 0.374265
      vertex 125.308 20.731 0
    endloop
  endfacet
  facet normal -0.706638 0.459508 -0.538066
    outer loop
      vertex 125 20.6971 0.374265
      vertex 125.16 20.5049 0
      vertex 125 20.4107 0.12968
    endloop
  endfacet
  facet normal -0.706058 -0.688552 0.165463
    outer loop
      vertex 125 16.7175 2.81296
      vertex 125 16.6295 2.44676
      vertex 125.6 16.1468 2.99837
    endloop
  endfacet
  facet normal -0.706032 -0.27102 0.654268
    outer loop
      vertex 125.6 18.0729 4.92449
      vertex 125 18.2584 4.35386
      vertex 125.6 17.638 4.74434
    endloop
  endfacet
  facet normal -0.706059 0.538561 -0.459817
    outer loop
      vertex 125.6 21.4271 0.307965
      vertex 125 20.6971 0.374265
      vertex 125 20.9416 0.660636
    endloop
  endfacet
  facet normal -0.706638 -0.459508 -0.538066
    outer loop
      vertex 125.16 17.4951 0
      vertex 125 17.3029 0.374265
      vertex 125 17.5893 0.12968
    endloop
  endfacet
  facet normal -0.705058 -0.461515 -0.538422
    outer loop
      vertex 125 17.3029 0.374265
      vertex 125.16 17.4951 0
      vertex 125.308 17.269 0
    endloop
  endfacet
  facet normal -0.706007 -0.688636 0.165333
    outer loop
      vertex 125.6 16.1468 2.99837
      vertex 125 16.6295 2.44676
      vertex 125.6 16.0369 2.54062
    endloop
  endfacet
  facet normal -0.706012 -0.270974 0.654309
    outer loop
      vertex 125 18.2584 4.35386
      vertex 125 17.9104 4.20974
      vertex 125.6 17.638 4.74434
    endloop
  endfacet
  facet normal -0.706019 0.165299 0.688632
    outer loop
      vertex 125.6 19.9271 4.92449
      vertex 125 19.3754 4.44177
      vertex 125.6 19.4693 5.03438
    endloop
  endfacet
  facet normal -0.706015 -0.0555724 0.706013
    outer loop
      vertex 125.6 19 5.07132
      vertex 125 18.6246 4.44177
      vertex 125.6 18.5307 5.03438
    endloop
  endfacet
  facet normal -0.706024 0.37004 0.603822
    outer loop
      vertex 125 20.4107 4.01296
      vertex 125 20.0896 4.20974
      vertex 125.6 20.7634 4.49837
    endloop
  endfacet
  facet normal -1 0 0
    outer loop
      vertex 125 21.3705 1.69588
      vertex 125 21.3705 2.44676
      vertex 125 21.4 2.07132
    endloop
  endfacet
  facet normal -1 0 0
    outer loop
      vertex 125 21.2825 1.32968
      vertex 125 21.3705 2.44676
      vertex 125 21.3705 1.69588
    endloop
  endfacet
  facet normal -1 0 0
    outer loop
      vertex 125 21.2825 1.32968
      vertex 125 21.2825 2.81296
      vertex 125 21.3705 2.44676
    endloop
  endfacet
  facet normal -1 0 0
    outer loop
      vertex 125 21.1384 0.981744
      vertex 125 21.2825 2.81296
      vertex 125 21.2825 1.32968
    endloop
  endfacet
  facet normal -1 0 0
    outer loop
      vertex 125 21.1384 0.981744
      vertex 125 21.1384 3.1609
      vertex 125 21.2825 2.81296
    endloop
  endfacet
  facet normal -1 0 0
    outer loop
      vertex 125 20.9416 0.660636
      vertex 125 21.1384 3.1609
      vertex 125 21.1384 0.981744
    endloop
  endfacet
  facet normal -1 0 0
    outer loop
      vertex 125 20.9416 0.660636
      vertex 125 20.9416 3.482
      vertex 125 21.1384 3.1609
    endloop
  endfacet
  facet normal -1 0 0
    outer loop
      vertex 125 20.6971 0.374265
      vertex 125 20.9416 3.482
      vertex 125 20.9416 0.660636
    endloop
  endfacet
  facet normal -1 0 0
    outer loop
      vertex 125 20.6971 0.374265
      vertex 125 20.6971 3.76838
      vertex 125 20.9416 3.482
    endloop
  endfacet
  facet normal -1 0 0
    outer loop
      vertex 125 20.1991 0
      vertex 125 20.6971 0.374265
      vertex 125 20.4107 0.12968
    endloop
  endfacet
  facet normal -1 -0 0
    outer loop
      vertex 125 20.6971 0.374265
      vertex 125 20.1991 0
      vertex 125 20.6971 3.76838
    endloop
  endfacet
  facet normal -1 -0 0
    outer loop
      vertex 125 20.6971 3.76838
      vertex 125 20.1991 0
      vertex 125 20.4107 4.01296
    endloop
  endfacet
  facet normal -1 0 0
    outer loop
      vertex 125 20.1991 0
      vertex 125 20.0896 4.20974
      vertex 125 20.4107 4.01296
    endloop
  endfacet
  facet normal -1 0 0
    outer loop
      vertex 125 20.1991 0
      vertex 125 19.7416 4.35386
      vertex 125 20.0896 4.20974
    endloop
  endfacet
  facet normal -1 0 0
    outer loop
      vertex 125 20.1991 0
      vertex 125 19.3754 4.44177
      vertex 125 19.7416 4.35386
    endloop
  endfacet
  facet normal -1 0 0
    outer loop
      vertex 125 20.1991 0
      vertex 125 19 4.47132
      vertex 125 19.3754 4.44177
    endloop
  endfacet
  facet normal -1 0 0
    outer loop
      vertex 125 20.1991 0
      vertex 125 18.6246 4.44177
      vertex 125 19 4.47132
    endloop
  endfacet
  facet normal -1 0 0
    outer loop
      vertex 125 20.1991 0
      vertex 125 18.2584 4.35386
      vertex 125 18.6246 4.44177
    endloop
  endfacet
  facet normal -1 0 0
    outer loop
      vertex 125 20.1991 0
      vertex 125 17.9104 4.20974
      vertex 125 18.2584 4.35386
    endloop
  endfacet
  facet normal -1 0 0
    outer loop
      vertex 125 17.8009 0
      vertex 125 17.9104 4.20974
      vertex 125 20.1991 0
    endloop
  endfacet
  facet normal -1 0 0
    outer loop
      vertex 125 17.3029 0.374265
      vertex 125 17.8009 0
      vertex 125 17.5893 0.12968
    endloop
  endfacet
  facet normal -1 0 0
    outer loop
      vertex 125 17.8009 0
      vertex 125 17.5893 4.01296
      vertex 125 17.9104 4.20974
    endloop
  endfacet
  facet normal -1 0 0
    outer loop
      vertex 125 17.8009 0
      vertex 125 17.3029 0.374265
      vertex 125 17.5893 4.01296
    endloop
  endfacet
  facet normal -1 0 0
    outer loop
      vertex 125 17.3029 0.374265
      vertex 125 17.3029 3.76838
      vertex 125 17.5893 4.01296
    endloop
  endfacet
  facet normal -1 0 0
    outer loop
      vertex 125 17.0584 0.660636
      vertex 125 17.3029 3.76838
      vertex 125 17.3029 0.374265
    endloop
  endfacet
  facet normal -1 0 0
    outer loop
      vertex 125 17.0584 0.660636
      vertex 125 17.0584 3.482
      vertex 125 17.3029 3.76838
    endloop
  endfacet
  facet normal -1 0 0
    outer loop
      vertex 125 16.8616 0.981744
      vertex 125 17.0584 3.482
      vertex 125 17.0584 0.660636
    endloop
  endfacet
  facet normal -1 0 0
    outer loop
      vertex 125 16.8616 0.981744
      vertex 125 16.8616 3.1609
      vertex 125 17.0584 3.482
    endloop
  endfacet
  facet normal -1 0 0
    outer loop
      vertex 125 16.7175 1.32968
      vertex 125 16.8616 3.1609
      vertex 125 16.8616 0.981744
    endloop
  endfacet
  facet normal -1 0 0
    outer loop
      vertex 125 16.7175 1.32968
      vertex 125 16.7175 2.81296
      vertex 125 16.8616 3.1609
    endloop
  endfacet
  facet normal -1 0 0
    outer loop
      vertex 125 16.6295 1.69588
      vertex 125 16.7175 2.81296
      vertex 125 16.7175 1.32968
    endloop
  endfacet
  facet normal -1 0 0
    outer loop
      vertex 125 16.6295 1.69588
      vertex 125 16.6295 2.44676
      vertex 125 16.7175 2.81296
    endloop
  endfacet
  facet normal -1 0 -0
    outer loop
      vertex 125 16.6295 2.44676
      vertex 125 16.6295 1.69588
      vertex 125 16.6 2.07132
    endloop
  endfacet
  facet normal -0.706007 0.688636 0.165333
    outer loop
      vertex 125.6 21.9631 2.54062
      vertex 125 21.3705 2.44676
      vertex 125.6 21.8532 2.99837
    endloop
  endfacet
  facet normal -0.706005 0.706028 0.0555134
    outer loop
      vertex 125.6 22 2.07132
      vertex 125 21.3705 2.44676
      vertex 125.6 21.9631 2.54062
    endloop
  endfacet
  facet normal -0.706015 -0.603886 0.369953
    outer loop
      vertex 125.6 16.5729 3.83468
      vertex 125 16.8616 3.1609
      vertex 125.6 16.327 3.43329
    endloop
  endfacet
  facet normal -0.706018 -0.706018 0.055475
    outer loop
      vertex 125 16.6295 2.44676
      vertex 125 16.6 2.07132
      vertex 125.6 16 2.07132
    endloop
  endfacet
  facet normal -0.70601 0.654308 0.270983
    outer loop
      vertex 125 21.2825 2.81296
      vertex 125 21.1384 3.1609
      vertex 125.6 21.673 3.43329
    endloop
  endfacet
  facet normal -0 0.382699 0.923873
    outer loop
      vertex 125.6 20.362 4.74434
      vertex 153.4 19.9271 4.92449
      vertex 153.4 20.362 4.74434
    endloop
  endfacet
  facet normal 0 0.382699 0.923873
    outer loop
      vertex 153.4 19.9271 4.92449
      vertex 125.6 20.362 4.74434
      vertex 125.6 19.9271 4.92449
    endloop
  endfacet
  facet normal 0 -0.852705 -0.522393
    outer loop
      vertex 125.6 16.5729 0.307965
      vertex 153.4 16.327 0.709349
      vertex 125.6 16.327 0.709349
    endloop
  endfacet
  facet normal 0 -0.852705 -0.522393
    outer loop
      vertex 153.4 16.327 0.709349
      vertex 125.6 16.5729 0.307965
      vertex 153.4 16.5729 0.307965
    endloop
  endfacet
  facet normal 0 -0.923842 -0.382774
    outer loop
      vertex 125.6 16.327 0.709349
      vertex 153.4 16.1468 1.14427
      vertex 125.6 16.1468 1.14427
    endloop
  endfacet
  facet normal 0 -0.923842 -0.382774
    outer loop
      vertex 153.4 16.1468 1.14427
      vertex 125.6 16.327 0.709349
      vertex 153.4 16.327 0.709349
    endloop
  endfacet
  facet normal 0 0.923842 0.382775
    outer loop
      vertex 153.4 21.8532 2.99837
      vertex 125.6 21.673 3.43329
      vertex 153.4 21.673 3.43329
    endloop
  endfacet
  facet normal 0 0.923842 0.382775
    outer loop
      vertex 125.6 21.673 3.43329
      vertex 153.4 21.8532 2.99837
      vertex 125.6 21.8532 2.99837
    endloop
  endfacet
  facet normal 0 -0.923842 0.382775
    outer loop
      vertex 125.6 16.1468 2.99837
      vertex 153.4 16.327 3.43329
      vertex 125.6 16.327 3.43329
    endloop
  endfacet
  facet normal 0 -0.923842 0.382775
    outer loop
      vertex 153.4 16.327 3.43329
      vertex 125.6 16.1468 2.99837
      vertex 153.4 16.1468 2.99837
    endloop
  endfacet
  facet normal 0 0.852708 0.522387
    outer loop
      vertex 153.4 21.673 3.43329
      vertex 125.6 21.4271 3.83468
      vertex 153.4 21.4271 3.83468
    endloop
  endfacet
  facet normal 0 0.852708 0.522387
    outer loop
      vertex 125.6 21.4271 3.83468
      vertex 153.4 21.673 3.43329
      vertex 125.6 21.673 3.43329
    endloop
  endfacet
  facet normal 0 0.760317 -0.649552
    outer loop
      vertex 153.4 21.164 0
      vertex 125.6 21.4271 0.307965
      vertex 153.4 21.4271 0.307965
    endloop
  endfacet
  facet normal 0 0.760317 -0.649552
    outer loop
      vertex 125.6 21.4271 0.307965
      vertex 153.4 21.164 0
      vertex 125.6 21.164 0
    endloop
  endfacet
  facet normal 0 0.972368 0.233453
    outer loop
      vertex 153.4 21.9631 2.54062
      vertex 125.6 21.8532 2.99837
      vertex 153.4 21.8532 2.99837
    endloop
  endfacet
  facet normal 0 0.972368 0.233453
    outer loop
      vertex 125.6 21.8532 2.99837
      vertex 153.4 21.9631 2.54062
      vertex 125.6 21.9631 2.54062
    endloop
  endfacet
  facet normal 0 -0.382699 0.923873
    outer loop
      vertex 125.6 18.0729 4.92449
      vertex 153.4 17.638 4.74434
      vertex 153.4 18.0729 4.92449
    endloop
  endfacet
  facet normal 0 -0.382699 0.923873
    outer loop
      vertex 153.4 17.638 4.74434
      vertex 125.6 18.0729 4.92449
      vertex 125.6 17.638 4.74434
    endloop
  endfacet
  facet normal 0 0.996923 0.0783858
    outer loop
      vertex 153.4 22 2.07132
      vertex 125.6 21.9631 2.54062
      vertex 153.4 21.9631 2.54062
    endloop
  endfacet
  facet normal 0 0.996923 0.0783858
    outer loop
      vertex 125.6 21.9631 2.54062
      vertex 153.4 22 2.07132
      vertex 125.6 22 2.07132
    endloop
  endfacet
  facet normal 0 -0.972368 0.233453
    outer loop
      vertex 125.6 16.0369 2.54062
      vertex 153.4 16.1468 2.99837
      vertex 125.6 16.1468 2.99837
    endloop
  endfacet
  facet normal 0 -0.972368 0.233453
    outer loop
      vertex 153.4 16.1468 2.99837
      vertex 125.6 16.0369 2.54062
      vertex 153.4 16.0369 2.54062
    endloop
  endfacet
  facet normal 0 -0.649515 0.760349
    outer loop
      vertex 125.6 17.2366 4.49837
      vertex 153.4 16.8787 4.19264
      vertex 153.4 17.2366 4.49837
    endloop
  endfacet
  facet normal 0 -0.649515 0.760349
    outer loop
      vertex 153.4 16.8787 4.19264
      vertex 125.6 17.2366 4.49837
      vertex 125.6 16.8787 4.19264
    endloop
  endfacet
  facet normal 0 0.760329 0.649538
    outer loop
      vertex 153.4 21.4271 3.83468
      vertex 125.6 21.1213 4.19264
      vertex 153.4 21.1213 4.19264
    endloop
  endfacet
  facet normal 0 0.760329 0.649538
    outer loop
      vertex 125.6 21.1213 4.19264
      vertex 153.4 21.4271 3.83468
      vertex 125.6 21.4271 3.83468
    endloop
  endfacet
  facet normal 0 -0.996923 -0.0783858
    outer loop
      vertex 125.6 16.0369 1.60202
      vertex 153.4 16 2.07132
      vertex 125.6 16 2.07132
    endloop
  endfacet
  facet normal 0 -0.996923 -0.0783858
    outer loop
      vertex 153.4 16 2.07132
      vertex 125.6 16.0369 1.60202
      vertex 153.4 16.0369 1.60202
    endloop
  endfacet
  facet normal 0 -0.760329 0.649538
    outer loop
      vertex 125.6 16.5729 3.83468
      vertex 153.4 16.8787 4.19264
      vertex 125.6 16.8787 4.19264
    endloop
  endfacet
  facet normal 0 -0.760329 0.649538
    outer loop
      vertex 153.4 16.8787 4.19264
      vertex 125.6 16.5729 3.83468
      vertex 153.4 16.5729 3.83468
    endloop
  endfacet
  facet normal -0 0.649515 0.760349
    outer loop
      vertex 125.6 21.1213 4.19264
      vertex 153.4 20.7634 4.49837
      vertex 153.4 21.1213 4.19264
    endloop
  endfacet
  facet normal 0 0.649515 0.760349
    outer loop
      vertex 153.4 20.7634 4.49837
      vertex 125.6 21.1213 4.19264
      vertex 125.6 20.7634 4.49837
    endloop
  endfacet
  facet normal 0 0.996923 -0.0783858
    outer loop
      vertex 153.4 21.9631 1.60202
      vertex 125.6 22 2.07132
      vertex 153.4 22 2.07132
    endloop
  endfacet
  facet normal 0 0.996923 -0.0783858
    outer loop
      vertex 125.6 22 2.07132
      vertex 153.4 21.9631 1.60202
      vertex 125.6 21.9631 1.60202
    endloop
  endfacet
  facet normal 0 0.923842 -0.382774
    outer loop
      vertex 153.4 21.673 0.709349
      vertex 125.6 21.8532 1.14427
      vertex 153.4 21.8532 1.14427
    endloop
  endfacet
  facet normal 0 0.923842 -0.382774
    outer loop
      vertex 125.6 21.8532 1.14427
      vertex 153.4 21.673 0.709349
      vertex 125.6 21.673 0.709349
    endloop
  endfacet
  facet normal -0 0.233409 0.972379
    outer loop
      vertex 125.6 19.9271 4.92449
      vertex 153.4 19.4693 5.03438
      vertex 153.4 19.9271 4.92449
    endloop
  endfacet
  facet normal 0 0.233409 0.972379
    outer loop
      vertex 153.4 19.4693 5.03438
      vertex 125.6 19.9271 4.92449
      vertex 125.6 19.4693 5.03438
    endloop
  endfacet
  facet normal 0 -0.233409 0.972379
    outer loop
      vertex 125.6 18.5307 5.03438
      vertex 153.4 18.0729 4.92449
      vertex 153.4 18.5307 5.03438
    endloop
  endfacet
  facet normal 0 -0.233409 0.972379
    outer loop
      vertex 153.4 18.0729 4.92449
      vertex 125.6 18.5307 5.03438
      vertex 125.6 18.0729 4.92449
    endloop
  endfacet
  facet normal 0 0.852705 -0.522393
    outer loop
      vertex 153.4 21.4271 0.307965
      vertex 125.6 21.673 0.709349
      vertex 153.4 21.673 0.709349
    endloop
  endfacet
  facet normal 0 0.852705 -0.522393
    outer loop
      vertex 125.6 21.673 0.709349
      vertex 153.4 21.4271 0.307965
      vertex 125.6 21.4271 0.307965
    endloop
  endfacet
  facet normal 0 -0.972368 -0.233453
    outer loop
      vertex 125.6 16.1468 1.14427
      vertex 153.4 16.0369 1.60202
      vertex 125.6 16.0369 1.60202
    endloop
  endfacet
  facet normal 0 -0.972368 -0.233453
    outer loop
      vertex 153.4 16.0369 1.60202
      vertex 125.6 16.1468 1.14427
      vertex 153.4 16.1468 1.14427
    endloop
  endfacet
  facet normal 0 -0.522486 0.852648
    outer loop
      vertex 125.6 17.638 4.74434
      vertex 153.4 17.2366 4.49837
      vertex 153.4 17.638 4.74434
    endloop
  endfacet
  facet normal 0 -0.522486 0.852648
    outer loop
      vertex 153.4 17.2366 4.49837
      vertex 125.6 17.638 4.74434
      vertex 125.6 17.2366 4.49837
    endloop
  endfacet
  facet normal 0 -0.0784703 0.996916
    outer loop
      vertex 125.6 19 5.07132
      vertex 153.4 18.5307 5.03438
      vertex 153.4 19 5.07132
    endloop
  endfacet
  facet normal 0 -0.0784703 0.996916
    outer loop
      vertex 153.4 18.5307 5.03438
      vertex 125.6 19 5.07132
      vertex 125.6 18.5307 5.03438
    endloop
  endfacet
  facet normal 0 -0.996923 0.0783858
    outer loop
      vertex 125.6 16 2.07132
      vertex 153.4 16.0369 2.54062
      vertex 125.6 16.0369 2.54062
    endloop
  endfacet
  facet normal 0 -0.996923 0.0783858
    outer loop
      vertex 153.4 16.0369 2.54062
      vertex 125.6 16 2.07132
      vertex 153.4 16 2.07132
    endloop
  endfacet
  facet normal 0 0.972368 -0.233453
    outer loop
      vertex 153.4 21.8532 1.14427
      vertex 125.6 21.9631 1.60202
      vertex 153.4 21.9631 1.60202
    endloop
  endfacet
  facet normal 0 0.972368 -0.233453
    outer loop
      vertex 125.6 21.9631 1.60202
      vertex 153.4 21.8532 1.14427
      vertex 125.6 21.8532 1.14427
    endloop
  endfacet
  facet normal 0 -0.852708 0.522387
    outer loop
      vertex 125.6 16.327 3.43329
      vertex 153.4 16.5729 3.83468
      vertex 125.6 16.5729 3.83468
    endloop
  endfacet
  facet normal 0 -0.852708 0.522387
    outer loop
      vertex 153.4 16.5729 3.83468
      vertex 125.6 16.327 3.43329
      vertex 153.4 16.327 3.43329
    endloop
  endfacet
  facet normal -0 0.0784703 0.996916
    outer loop
      vertex 125.6 19.4693 5.03438
      vertex 153.4 19 5.07132
      vertex 153.4 19.4693 5.03438
    endloop
  endfacet
  facet normal 0 0.0784703 0.996916
    outer loop
      vertex 153.4 19 5.07132
      vertex 125.6 19.4693 5.03438
      vertex 125.6 19 5.07132
    endloop
  endfacet
  facet normal -0 0.522486 0.852648
    outer loop
      vertex 125.6 20.7634 4.49837
      vertex 153.4 20.362 4.74434
      vertex 153.4 20.7634 4.49837
    endloop
  endfacet
  facet normal 0 0.522486 0.852648
    outer loop
      vertex 153.4 20.362 4.74434
      vertex 125.6 20.7634 4.49837
      vertex 125.6 20.362 4.74434
    endloop
  endfacet
  facet normal 0 -0.760317 -0.649552
    outer loop
      vertex 125.6 16.836 0
      vertex 153.4 16.5729 0.307965
      vertex 125.6 16.5729 0.307965
    endloop
  endfacet
  facet normal 0 -0.760317 -0.649552
    outer loop
      vertex 153.4 16.5729 0.307965
      vertex 125.6 16.836 0
      vertex 153.4 16.836 0
    endloop
  endfacet
  facet normal 0.706063 -0.538566 0.459806
    outer loop
      vertex 154 17.3029 3.76838
      vertex 153.4 16.5729 3.83468
      vertex 154 17.0584 3.482
    endloop
  endfacet
  facet normal 0.706059 -0.538561 -0.459817
    outer loop
      vertex 154 17.0584 0.660636
      vertex 153.4 16.5729 0.307965
      vertex 154 17.3029 0.374265
    endloop
  endfacet
  facet normal 0.706112 0.458568 -0.539556
    outer loop
      vertex 153.692 20.731 0
      vertex 153.471 21.0713 0
      vertex 154 20.6971 0.374265
    endloop
  endfacet
  facet normal 0.706048 0.654232 -0.271067
    outer loop
      vertex 154 21.2825 1.32968
      vertex 153.4 21.673 0.709349
      vertex 153.4 21.8532 1.14427
    endloop
  endfacet
  facet normal 0.706016 0.603882 -0.369956
    outer loop
      vertex 154 21.1384 0.981744
      vertex 153.4 21.4271 0.307965
      vertex 153.4 21.673 0.709349
    endloop
  endfacet
  facet normal 0.70616 -0.538669 -0.459537
    outer loop
      vertex 153.4 16.5729 0.307965
      vertex 153.471 16.9287 0
      vertex 154 17.3029 0.374265
    endloop
  endfacet
  facet normal 0.70451 -0.539592 -0.460983
    outer loop
      vertex 153.471 16.9287 0
      vertex 153.4 16.5729 0.307965
      vertex 153.4 16.836 0
    endloop
  endfacet
  facet normal 1 0 0
    outer loop
      vertex 154 21.3705 2.44676
      vertex 154 21.3705 1.69588
      vertex 154 21.4 2.07132
    endloop
  endfacet
  facet normal 1 0 0
    outer loop
      vertex 154 21.2825 2.81296
      vertex 154 21.3705 1.69588
      vertex 154 21.3705 2.44676
    endloop
  endfacet
  facet normal 1 0 0
    outer loop
      vertex 154 21.2825 2.81296
      vertex 154 21.2825 1.32968
      vertex 154 21.3705 1.69588
    endloop
  endfacet
  facet normal 1 0 0
    outer loop
      vertex 154 21.1384 3.1609
      vertex 154 21.2825 1.32968
      vertex 154 21.2825 2.81296
    endloop
  endfacet
  facet normal 1 0 0
    outer loop
      vertex 154 21.1384 3.1609
      vertex 154 21.1384 0.981744
      vertex 154 21.2825 1.32968
    endloop
  endfacet
  facet normal 1 0 0
    outer loop
      vertex 154 20.9416 3.482
      vertex 154 21.1384 0.981744
      vertex 154 21.1384 3.1609
    endloop
  endfacet
  facet normal 1 0 0
    outer loop
      vertex 154 20.9416 3.482
      vertex 154 20.9416 0.660636
      vertex 154 21.1384 0.981744
    endloop
  endfacet
  facet normal 1 0 0
    outer loop
      vertex 154 20.6971 3.76838
      vertex 154 20.9416 0.660636
      vertex 154 20.9416 3.482
    endloop
  endfacet
  facet normal 1 0 0
    outer loop
      vertex 154 20.6971 3.76838
      vertex 154 20.6971 0.374265
      vertex 154 20.9416 0.660636
    endloop
  endfacet
  facet normal 1 0 0
    outer loop
      vertex 154 20.4107 4.01296
      vertex 154 20.6971 0.374265
      vertex 154 20.6971 3.76838
    endloop
  endfacet
  facet normal 1 0 0
    outer loop
      vertex 154 20.1991 0
      vertex 154 20.6971 0.374265
      vertex 154 20.4107 4.01296
    endloop
  endfacet
  facet normal 1 0 0
    outer loop
      vertex 154 20.6971 0.374265
      vertex 154 20.1991 0
      vertex 154 20.4107 0.12968
    endloop
  endfacet
  facet normal 1 0 0
    outer loop
      vertex 154 20.0896 4.20974
      vertex 154 20.1991 0
      vertex 154 20.4107 4.01296
    endloop
  endfacet
  facet normal 1 0 0
    outer loop
      vertex 154 19.7416 4.35386
      vertex 154 20.1991 0
      vertex 154 20.0896 4.20974
    endloop
  endfacet
  facet normal 1 0 0
    outer loop
      vertex 154 19.3754 4.44177
      vertex 154 20.1991 0
      vertex 154 19.7416 4.35386
    endloop
  endfacet
  facet normal 1 0 0
    outer loop
      vertex 154 19 4.47132
      vertex 154 20.1991 0
      vertex 154 19.3754 4.44177
    endloop
  endfacet
  facet normal 1 -0 0
    outer loop
      vertex 154 18.6246 4.44177
      vertex 154 20.1991 0
      vertex 154 19 4.47132
    endloop
  endfacet
  facet normal 1 -0 0
    outer loop
      vertex 154 18.2584 4.35386
      vertex 154 20.1991 0
      vertex 154 18.6246 4.44177
    endloop
  endfacet
  facet normal 1 -0 0
    outer loop
      vertex 154 17.9104 4.20974
      vertex 154 20.1991 0
      vertex 154 18.2584 4.35386
    endloop
  endfacet
  facet normal 1 0 0
    outer loop
      vertex 154 17.9104 4.20974
      vertex 154 17.8009 0
      vertex 154 20.1991 0
    endloop
  endfacet
  facet normal 1 -0 0
    outer loop
      vertex 154 17.5893 4.01296
      vertex 154 17.8009 0
      vertex 154 17.9104 4.20974
    endloop
  endfacet
  facet normal 1 -0 0
    outer loop
      vertex 154 17.3029 3.76838
      vertex 154 17.8009 0
      vertex 154 17.5893 4.01296
    endloop
  endfacet
  facet normal 1 -0 0
    outer loop
      vertex 154 17.3029 0.374265
      vertex 154 17.8009 0
      vertex 154 17.3029 3.76838
    endloop
  endfacet
  facet normal 1 0 0
    outer loop
      vertex 154 17.8009 0
      vertex 154 17.3029 0.374265
      vertex 154 17.5893 0.12968
    endloop
  endfacet
  facet normal 1 -0 0
    outer loop
      vertex 154 17.0584 3.482
      vertex 154 17.3029 0.374265
      vertex 154 17.3029 3.76838
    endloop
  endfacet
  facet normal 1 0 0
    outer loop
      vertex 154 17.0584 3.482
      vertex 154 17.0584 0.660636
      vertex 154 17.3029 0.374265
    endloop
  endfacet
  facet normal 1 -0 0
    outer loop
      vertex 154 16.8616 3.1609
      vertex 154 17.0584 0.660636
      vertex 154 17.0584 3.482
    endloop
  endfacet
  facet normal 1 0 0
    outer loop
      vertex 154 16.8616 3.1609
      vertex 154 16.8616 0.981744
      vertex 154 17.0584 0.660636
    endloop
  endfacet
  facet normal 1 -0 0
    outer loop
      vertex 154 16.7175 2.81296
      vertex 154 16.8616 0.981744
      vertex 154 16.8616 3.1609
    endloop
  endfacet
  facet normal 1 0 0
    outer loop
      vertex 154 16.7175 2.81296
      vertex 154 16.7175 1.32968
      vertex 154 16.8616 0.981744
    endloop
  endfacet
  facet normal 1 -0 0
    outer loop
      vertex 154 16.6295 2.44676
      vertex 154 16.7175 1.32968
      vertex 154 16.7175 2.81296
    endloop
  endfacet
  facet normal 1 0 0
    outer loop
      vertex 154 16.6295 2.44676
      vertex 154 16.6295 1.69588
      vertex 154 16.7175 1.32968
    endloop
  endfacet
  facet normal 1 0 -0
    outer loop
      vertex 154 16.6295 1.69588
      vertex 154 16.6295 2.44676
      vertex 154 16.6 2.07132
    endloop
  endfacet
  facet normal 0.706005 -0.706028 -0.0555134
    outer loop
      vertex 154 16.6295 1.69588
      vertex 153.4 16 2.07132
      vertex 153.4 16.0369 1.60202
    endloop
  endfacet
  facet normal 0.706015 -0.370023 0.603843
    outer loop
      vertex 153.4 17.638 4.74434
      vertex 153.4 17.2366 4.49837
      vertex 154 17.9104 4.20974
    endloop
  endfacet
  facet normal 0.706014 0.0555746 0.706014
    outer loop
      vertex 154 19.3754 4.44177
      vertex 153.4 19 5.07132
      vertex 154 19 4.47132
    endloop
  endfacet
  facet normal 0.706015 0.603886 0.369953
    outer loop
      vertex 153.4 21.673 3.43329
      vertex 153.4 21.4271 3.83468
      vertex 154 21.1384 3.1609
    endloop
  endfacet
  facet normal 0.706015 -0.0555724 0.706013
    outer loop
      vertex 153.4 19 5.07132
      vertex 153.4 18.5307 5.03438
      vertex 154 18.6246 4.44177
    endloop
  endfacet
  facet normal 0.70451 0.539592 -0.460983
    outer loop
      vertex 153.4 21.4271 0.307965
      vertex 153.471 21.0713 0
      vertex 153.4 21.164 0
    endloop
  endfacet
  facet normal 0.70616 0.538669 -0.459537
    outer loop
      vertex 153.471 21.0713 0
      vertex 153.4 21.4271 0.307965
      vertex 154 20.6971 0.374265
    endloop
  endfacet
  facet normal 0.706032 -0.27102 0.654268
    outer loop
      vertex 153.4 18.0729 4.92449
      vertex 153.4 17.638 4.74434
      vertex 154 18.2584 4.35386
    endloop
  endfacet
  facet normal 0.706012 -0.270974 0.654309
    outer loop
      vertex 154 18.2584 4.35386
      vertex 153.4 17.638 4.74434
      vertex 154 17.9104 4.20974
    endloop
  endfacet
  facet normal 0.706005 0.706028 -0.0555134
    outer loop
      vertex 154 21.3705 1.69588
      vertex 153.4 21.9631 1.60202
      vertex 153.4 22 2.07132
    endloop
  endfacet
  facet normal 0.706048 -0.654232 0.271067
    outer loop
      vertex 153.4 16.327 3.43329
      vertex 153.4 16.1468 2.99837
      vertex 154 16.7175 2.81296
    endloop
  endfacet
  facet normal 0.706005 0.706028 0.0555134
    outer loop
      vertex 153.4 22 2.07132
      vertex 153.4 21.9631 2.54062
      vertex 154 21.3705 2.44676
    endloop
  endfacet
  facet normal 0.706015 0.370023 0.603843
    outer loop
      vertex 153.4 20.7634 4.49837
      vertex 153.4 20.362 4.74434
      vertex 154 20.0896 4.20974
    endloop
  endfacet
  facet normal 0.70599 -0.46 0.538495
    outer loop
      vertex 153.4 17.2366 4.49837
      vertex 153.4 16.8787 4.19264
      vertex 154 17.3029 3.76838
    endloop
  endfacet
  facet normal 0.706024 -0.37004 0.603822
    outer loop
      vertex 154 17.9104 4.20974
      vertex 153.4 17.2366 4.49837
      vertex 154 17.5893 4.01296
    endloop
  endfacet
  facet normal 0.70599 0.46 0.538495
    outer loop
      vertex 153.4 21.1213 4.19264
      vertex 153.4 20.7634 4.49837
      vertex 154 20.6971 3.76838
    endloop
  endfacet
  facet normal 0.706014 -0.0555746 0.706014
    outer loop
      vertex 154 19 4.47132
      vertex 153.4 19 5.07132
      vertex 154 18.6246 4.44177
    endloop
  endfacet
  facet normal 0.706643 -0.369728 -0.603289
    outer loop
      vertex 154 17.5893 0.12968
      vertex 153.84 17.4951 0
      vertex 154 17.8009 0
    endloop
  endfacet
  facet normal 0.706024 -0.165311 0.688624
    outer loop
      vertex 154 18.6246 4.44177
      vertex 153.4 18.0729 4.92449
      vertex 154 18.2584 4.35386
    endloop
  endfacet
  facet normal 0.706058 -0.688552 -0.165463
    outer loop
      vertex 154 16.6295 1.69588
      vertex 153.4 16.1468 1.14427
      vertex 154 16.7175 1.32968
    endloop
  endfacet
  facet normal 0.705987 -0.538484 0.460019
    outer loop
      vertex 153.4 16.8787 4.19264
      vertex 153.4 16.5729 3.83468
      vertex 154 17.3029 3.76838
    endloop
  endfacet
  facet normal 0.706007 0.688636 -0.165333
    outer loop
      vertex 154 21.3705 1.69588
      vertex 153.4 21.8532 1.14427
      vertex 153.4 21.9631 1.60202
    endloop
  endfacet
  facet normal 0.706024 0.37004 0.603822
    outer loop
      vertex 154 20.4107 4.01296
      vertex 153.4 20.7634 4.49837
      vertex 154 20.0896 4.20974
    endloop
  endfacet
  facet normal 0.706032 0.27102 0.654268
    outer loop
      vertex 153.4 20.362 4.74434
      vertex 153.4 19.9271 4.92449
      vertex 154 19.7416 4.35386
    endloop
  endfacet
  facet normal 0.706016 -0.603882 -0.369956
    outer loop
      vertex 154 16.8616 0.981744
      vertex 153.4 16.327 0.709349
      vertex 153.4 16.5729 0.307965
    endloop
  endfacet
  facet normal 0.70601 -0.654308 0.270983
    outer loop
      vertex 154 16.8616 3.1609
      vertex 153.4 16.327 3.43329
      vertex 154 16.7175 2.81296
    endloop
  endfacet
  facet normal 0.705058 0.461515 -0.538422
    outer loop
      vertex 154 20.6971 0.374265
      vertex 153.84 20.5049 0
      vertex 153.692 20.731 0
    endloop
  endfacet
  facet normal 0.706638 0.459508 -0.538066
    outer loop
      vertex 153.84 20.5049 0
      vertex 154 20.6971 0.374265
      vertex 154 20.4107 0.12968
    endloop
  endfacet
  facet normal 0.706059 0.538561 -0.459817
    outer loop
      vertex 154 20.6971 0.374265
      vertex 153.4 21.4271 0.307965
      vertex 154 20.9416 0.660636
    endloop
  endfacet
  facet normal 0.706027 0.459898 0.538535
    outer loop
      vertex 154 20.6971 3.76838
      vertex 153.4 20.7634 4.49837
      vertex 154 20.4107 4.01296
    endloop
  endfacet
  facet normal 0.706643 0.369728 -0.603289
    outer loop
      vertex 154 20.1991 0
      vertex 153.84 20.5049 0
      vertex 154 20.4107 0.12968
    endloop
  endfacet
  facet normal 0.706638 -0.459508 -0.538066
    outer loop
      vertex 154 17.3029 0.374265
      vertex 153.84 17.4951 0
      vertex 154 17.5893 0.12968
    endloop
  endfacet
  facet normal 0.705058 -0.461515 -0.538422
    outer loop
      vertex 153.84 17.4951 0
      vertex 154 17.3029 0.374265
      vertex 153.692 17.269 0
    endloop
  endfacet
  facet normal 0.706019 0.165299 0.688632
    outer loop
      vertex 153.4 19.9271 4.92449
      vertex 153.4 19.4693 5.03438
      vertex 154 19.3754 4.44177
    endloop
  endfacet
  facet normal 0.706011 -0.654305 -0.270985
    outer loop
      vertex 154 16.7175 1.32968
      vertex 153.4 16.327 0.709349
      vertex 154 16.8616 0.981744
    endloop
  endfacet
  facet normal 0.706007 -0.688636 0.165333
    outer loop
      vertex 153.4 16.1468 2.99837
      vertex 153.4 16.0369 2.54062
      vertex 154 16.6295 2.44676
    endloop
  endfacet
  facet normal 0.706058 0.688552 -0.165463
    outer loop
      vertex 154 21.2825 1.32968
      vertex 153.4 21.8532 1.14427
      vertex 154 21.3705 1.69588
    endloop
  endfacet
  facet normal 0.706024 0.165311 0.688624
    outer loop
      vertex 154 19.7416 4.35386
      vertex 153.4 19.9271 4.92449
      vertex 154 19.3754 4.44177
    endloop
  endfacet
  facet normal 0.706015 0.0555724 0.706013
    outer loop
      vertex 153.4 19.4693 5.03438
      vertex 153.4 19 5.07132
      vertex 154 19.3754 4.44177
    endloop
  endfacet
  facet normal 0.706061 0.603777 -0.370042
    outer loop
      vertex 154 20.9416 0.660636
      vertex 153.4 21.4271 0.307965
      vertex 154 21.1384 0.981744
    endloop
  endfacet
  facet normal 0.70601 0.654308 0.270983
    outer loop
      vertex 154 21.2825 2.81296
      vertex 153.4 21.673 3.43329
      vertex 154 21.1384 3.1609
    endloop
  endfacet
  facet normal 0.706058 -0.688552 0.165463
    outer loop
      vertex 154 16.7175 2.81296
      vertex 153.4 16.1468 2.99837
      vertex 154 16.6295 2.44676
    endloop
  endfacet
  facet normal 0.706019 -0.165299 0.688632
    outer loop
      vertex 153.4 18.5307 5.03438
      vertex 153.4 18.0729 4.92449
      vertex 154 18.6246 4.44177
    endloop
  endfacet
  facet normal 0.706027 -0.459898 0.538535
    outer loop
      vertex 154 17.5893 4.01296
      vertex 153.4 17.2366 4.49837
      vertex 154 17.3029 3.76838
    endloop
  endfacet
  facet normal 0.706018 0.706018 -0.055475
    outer loop
      vertex 154 21.3705 1.69588
      vertex 153.4 22 2.07132
      vertex 154 21.4 2.07132
    endloop
  endfacet
  facet normal 0.706063 0.538566 0.459806
    outer loop
      vertex 154 20.9416 3.482
      vertex 153.4 21.4271 3.83468
      vertex 154 20.6971 3.76838
    endloop
  endfacet
  facet normal 0.706018 -0.706018 -0.055475
    outer loop
      vertex 154 16.6 2.07132
      vertex 153.4 16 2.07132
      vertex 154 16.6295 1.69588
    endloop
  endfacet
  facet normal 0.706007 -0.688636 -0.165333
    outer loop
      vertex 154 16.6295 1.69588
      vertex 153.4 16.0369 1.60202
      vertex 153.4 16.1468 1.14427
    endloop
  endfacet
  facet normal 0.705987 0.538484 0.460019
    outer loop
      vertex 153.4 21.4271 3.83468
      vertex 153.4 21.1213 4.19264
      vertex 154 20.6971 3.76838
    endloop
  endfacet
  facet normal 0.706064 -0.60377 0.370047
    outer loop
      vertex 154 17.0584 3.482
      vertex 153.4 16.5729 3.83468
      vertex 154 16.8616 3.1609
    endloop
  endfacet
  facet normal 0.706018 0.706018 0.055475
    outer loop
      vertex 154 21.4 2.07132
      vertex 153.4 22 2.07132
      vertex 154 21.3705 2.44676
    endloop
  endfacet
  facet normal 0.706007 0.688636 0.165333
    outer loop
      vertex 153.4 21.9631 2.54062
      vertex 153.4 21.8532 2.99837
      vertex 154 21.3705 2.44676
    endloop
  endfacet
  facet normal 0.706015 -0.603886 0.369953
    outer loop
      vertex 153.4 16.5729 3.83468
      vertex 153.4 16.327 3.43329
      vertex 154 16.8616 3.1609
    endloop
  endfacet
  facet normal 0.706061 -0.603777 -0.370042
    outer loop
      vertex 154 16.8616 0.981744
      vertex 153.4 16.5729 0.307965
      vertex 154 17.0584 0.660636
    endloop
  endfacet
  facet normal 0.706012 0.270974 0.654309
    outer loop
      vertex 154 20.0896 4.20974
      vertex 153.4 20.362 4.74434
      vertex 154 19.7416 4.35386
    endloop
  endfacet
  facet normal 0.706112 -0.458568 -0.539556
    outer loop
      vertex 154 17.3029 0.374265
      vertex 153.471 16.9287 0
      vertex 153.692 17.269 0
    endloop
  endfacet
  facet normal 0.706048 0.654232 0.271067
    outer loop
      vertex 153.4 21.8532 2.99837
      vertex 153.4 21.673 3.43329
      vertex 154 21.2825 2.81296
    endloop
  endfacet
  facet normal 0.706011 0.654305 -0.270985
    outer loop
      vertex 154 21.1384 0.981744
      vertex 153.4 21.673 0.709349
      vertex 154 21.2825 1.32968
    endloop
  endfacet
  facet normal 0.706048 -0.654232 -0.271067
    outer loop
      vertex 154 16.7175 1.32968
      vertex 153.4 16.1468 1.14427
      vertex 153.4 16.327 0.709349
    endloop
  endfacet
  facet normal 0.706058 0.688552 0.165463
    outer loop
      vertex 154 21.3705 2.44676
      vertex 153.4 21.8532 2.99837
      vertex 154 21.2825 2.81296
    endloop
  endfacet
  facet normal 0.706064 0.60377 0.370047
    outer loop
      vertex 154 21.1384 3.1609
      vertex 153.4 21.4271 3.83468
      vertex 154 20.9416 3.482
    endloop
  endfacet
  facet normal 0.706005 -0.706028 0.0555134
    outer loop
      vertex 153.4 16.0369 2.54062
      vertex 153.4 16 2.07132
      vertex 154 16.6295 2.44676
    endloop
  endfacet
  facet normal 0.706018 -0.706018 0.055475
    outer loop
      vertex 154 16.6295 2.44676
      vertex 153.4 16 2.07132
      vertex 154 16.6 2.07132
    endloop
  endfacet
  facet normal 0 0 -1
    outer loop
      vertex 153.84 17.4951 0
      vertex 154 20.1991 0
      vertex 154 17.8009 0
    endloop
  endfacet
  facet normal 0 0 -1
    outer loop
      vertex 153.84 17.4951 0
      vertex 153.84 20.5049 0
      vertex 154 20.1991 0
    endloop
  endfacet
  facet normal 0 0 -1
    outer loop
      vertex 153.692 17.269 0
      vertex 153.84 20.5049 0
      vertex 153.84 17.4951 0
    endloop
  endfacet
  facet normal 0 0 -1
    outer loop
      vertex 153.692 17.269 0
      vertex 153.692 20.731 0
      vertex 153.84 20.5049 0
    endloop
  endfacet
  facet normal 0 0 -1
    outer loop
      vertex 153.471 16.9287 0
      vertex 153.692 20.731 0
      vertex 153.692 17.269 0
    endloop
  endfacet
  facet normal 0 0 -1
    outer loop
      vertex 153.471 16.9287 0
      vertex 153.471 21.0713 0
      vertex 153.692 20.731 0
    endloop
  endfacet
  facet normal 0 0 -1
    outer loop
      vertex 153.4 16.836 0
      vertex 153.471 21.0713 0
      vertex 153.471 16.9287 0
    endloop
  endfacet
  facet normal 0 0 -1
    outer loop
      vertex 153.4 16.836 0
      vertex 153.4 21.164 0
      vertex 153.471 21.0713 0
    endloop
  endfacet
  facet normal 0 0 -1
    outer loop
      vertex 125.6 16.836 0
      vertex 153.4 21.164 0
      vertex 153.4 16.836 0
    endloop
  endfacet
  facet normal 0 0 -1
    outer loop
      vertex 125.6 16.836 0
      vertex 125.6 21.164 0
      vertex 153.4 21.164 0
    endloop
  endfacet
  facet normal 0 0 -1
    outer loop
      vertex 125.529 16.9287 0
      vertex 125.6 21.164 0
      vertex 125.6 16.836 0
    endloop
  endfacet
  facet normal 0 0 -1
    outer loop
      vertex 125.529 16.9287 0
      vertex 125.529 21.0713 0
      vertex 125.6 21.164 0
    endloop
  endfacet
  facet normal 0 0 -1
    outer loop
      vertex 125.308 17.269 0
      vertex 125.529 21.0713 0
      vertex 125.529 16.9287 0
    endloop
  endfacet
  facet normal 0 0 -1
    outer loop
      vertex 125.308 17.269 0
      vertex 125.308 20.731 0
      vertex 125.529 21.0713 0
    endloop
  endfacet
  facet normal 0 0 -1
    outer loop
      vertex 125.16 17.4951 0
      vertex 125.308 20.731 0
      vertex 125.308 17.269 0
    endloop
  endfacet
  facet normal 0 0 -1
    outer loop
      vertex 125.16 17.4951 0
      vertex 125.16 20.5049 0
      vertex 125.308 20.731 0
    endloop
  endfacet
  facet normal 0 0 -1
    outer loop
      vertex 125 17.8009 0
      vertex 125.16 20.5049 0
      vertex 125.16 17.4951 0
    endloop
  endfacet
  facet normal 0 0 -1
    outer loop
      vertex 125.16 20.5049 0
      vertex 125 17.8009 0
      vertex 125 20.1991 0
    endloop
  endfacet
  facet normal -0.706024 0.165311 0.688624
    outer loop
      vertex 160 19.7416 4.35386
      vertex 160 19.3754 4.44177
      vertex 160.6 19.9271 4.92449
    endloop
  endfacet
  facet normal -0.706014 -0.0555746 0.706014
    outer loop
      vertex 160 19 4.47132
      vertex 160 18.6246 4.44177
      vertex 160.6 19 5.07132
    endloop
  endfacet
  facet normal -0.706032 0.27102 0.654268
    outer loop
      vertex 160.6 20.362 4.74434
      vertex 160 19.7416 4.35386
      vertex 160.6 19.9271 4.92449
    endloop
  endfacet
  facet normal -0.706048 -0.654232 -0.271067
    outer loop
      vertex 160.6 16.1468 1.14427
      vertex 160 16.7175 1.32968
      vertex 160.6 16.327 0.709349
    endloop
  endfacet
  facet normal -0.706058 0.688552 -0.165463
    outer loop
      vertex 160.6 21.8532 1.14427
      vertex 160 21.2825 1.32968
      vertex 160 21.3705 1.69588
    endloop
  endfacet
  facet normal -0.70599 0.46 0.538495
    outer loop
      vertex 160.6 21.1213 4.19264
      vertex 160 20.6971 3.76838
      vertex 160.6 20.7634 4.49837
    endloop
  endfacet
  facet normal -0.706011 0.654305 -0.270985
    outer loop
      vertex 160.6 21.673 0.709349
      vertex 160 21.1384 0.981744
      vertex 160 21.2825 1.32968
    endloop
  endfacet
  facet normal -0.70451 0.539592 -0.460983
    outer loop
      vertex 160.529 21.0713 0
      vertex 160.6 21.4271 0.307965
      vertex 160.6 21.164 0
    endloop
  endfacet
  facet normal -0.70616 0.538669 -0.459537
    outer loop
      vertex 160.6 21.4271 0.307965
      vertex 160.529 21.0713 0
      vertex 160 20.6971 0.374265
    endloop
  endfacet
  facet normal -0.706018 0.706018 -0.055475
    outer loop
      vertex 160.6 22 2.07132
      vertex 160 21.3705 1.69588
      vertex 160 21.4 2.07132
    endloop
  endfacet
  facet normal -0.70601 -0.654308 0.270983
    outer loop
      vertex 160 16.8616 3.1609
      vertex 160 16.7175 2.81296
      vertex 160.6 16.327 3.43329
    endloop
  endfacet
  facet normal -0.706643 0.369728 -0.603289
    outer loop
      vertex 160.16 20.5049 0
      vertex 160 20.1991 0
      vertex 160 20.4107 0.12968
    endloop
  endfacet
  facet normal -0.706007 -0.688636 -0.165333
    outer loop
      vertex 160.6 16.0369 1.60202
      vertex 160 16.6295 1.69588
      vertex 160.6 16.1468 1.14427
    endloop
  endfacet
  facet normal -0.706015 0.0555724 0.706013
    outer loop
      vertex 160.6 19.4693 5.03438
      vertex 160 19.3754 4.44177
      vertex 160.6 19 5.07132
    endloop
  endfacet
  facet normal -0.70451 -0.539592 -0.460983
    outer loop
      vertex 160.6 16.5729 0.307965
      vertex 160.529 16.9287 0
      vertex 160.6 16.836 0
    endloop
  endfacet
  facet normal -0.70616 -0.538669 -0.459537
    outer loop
      vertex 160.529 16.9287 0
      vertex 160.6 16.5729 0.307965
      vertex 160 17.3029 0.374265
    endloop
  endfacet
  facet normal -0.706112 0.458568 -0.539556
    outer loop
      vertex 160.308 20.731 0
      vertex 160 20.6971 0.374265
      vertex 160.529 21.0713 0
    endloop
  endfacet
  facet normal -0.706058 0.688552 0.165463
    outer loop
      vertex 160 21.3705 2.44676
      vertex 160 21.2825 2.81296
      vertex 160.6 21.8532 2.99837
    endloop
  endfacet
  facet normal -0.706011 -0.654305 -0.270985
    outer loop
      vertex 160.6 16.327 0.709349
      vertex 160 16.7175 1.32968
      vertex 160 16.8616 0.981744
    endloop
  endfacet
  facet normal -0.705987 0.538484 0.460019
    outer loop
      vertex 160.6 21.4271 3.83468
      vertex 160 20.6971 3.76838
      vertex 160.6 21.1213 4.19264
    endloop
  endfacet
  facet normal -0.706019 -0.165299 0.688632
    outer loop
      vertex 160.6 18.5307 5.03438
      vertex 160 18.6246 4.44177
      vertex 160.6 18.0729 4.92449
    endloop
  endfacet
  facet normal -0.706005 -0.706028 -0.0555134
    outer loop
      vertex 160.6 16 2.07132
      vertex 160 16.6295 1.69588
      vertex 160.6 16.0369 1.60202
    endloop
  endfacet
  facet normal -0.706112 -0.458568 -0.539556
    outer loop
      vertex 160.529 16.9287 0
      vertex 160 17.3029 0.374265
      vertex 160.308 17.269 0
    endloop
  endfacet
  facet normal -0.706016 0.603882 -0.369956
    outer loop
      vertex 160.6 21.4271 0.307965
      vertex 160 21.1384 0.981744
      vertex 160.6 21.673 0.709349
    endloop
  endfacet
  facet normal -0.706059 -0.538561 -0.459817
    outer loop
      vertex 160.6 16.5729 0.307965
      vertex 160 17.0584 0.660636
      vertex 160 17.3029 0.374265
    endloop
  endfacet
  facet normal -0.706027 -0.459898 0.538535
    outer loop
      vertex 160 17.5893 4.01296
      vertex 160 17.3029 3.76838
      vertex 160.6 17.2366 4.49837
    endloop
  endfacet
  facet normal -0.70599 -0.46 0.538495
    outer loop
      vertex 160.6 17.2366 4.49837
      vertex 160 17.3029 3.76838
      vertex 160.6 16.8787 4.19264
    endloop
  endfacet
  facet normal -0.706005 0.706028 -0.0555134
    outer loop
      vertex 160.6 21.9631 1.60202
      vertex 160 21.3705 1.69588
      vertex 160.6 22 2.07132
    endloop
  endfacet
  facet normal -0.706014 0.0555746 0.706014
    outer loop
      vertex 160 19.3754 4.44177
      vertex 160 19 4.47132
      vertex 160.6 19 5.07132
    endloop
  endfacet
  facet normal -0.706012 0.270974 0.654309
    outer loop
      vertex 160 20.0896 4.20974
      vertex 160 19.7416 4.35386
      vertex 160.6 20.362 4.74434
    endloop
  endfacet
  facet normal -0.706005 -0.706028 0.0555134
    outer loop
      vertex 160.6 16.0369 2.54062
      vertex 160 16.6295 2.44676
      vertex 160.6 16 2.07132
    endloop
  endfacet
  facet normal -0.706061 -0.603777 -0.370042
    outer loop
      vertex 160.6 16.5729 0.307965
      vertex 160 16.8616 0.981744
      vertex 160 17.0584 0.660636
    endloop
  endfacet
  facet normal -0.706063 -0.538566 0.459806
    outer loop
      vertex 160 17.3029 3.76838
      vertex 160 17.0584 3.482
      vertex 160.6 16.5729 3.83468
    endloop
  endfacet
  facet normal -0.706024 -0.37004 0.603822
    outer loop
      vertex 160 17.9104 4.20974
      vertex 160 17.5893 4.01296
      vertex 160.6 17.2366 4.49837
    endloop
  endfacet
  facet normal -0.706027 0.459898 0.538535
    outer loop
      vertex 160 20.6971 3.76838
      vertex 160 20.4107 4.01296
      vertex 160.6 20.7634 4.49837
    endloop
  endfacet
  facet normal -0.706007 0.688636 -0.165333
    outer loop
      vertex 160.6 21.8532 1.14427
      vertex 160 21.3705 1.69588
      vertex 160.6 21.9631 1.60202
    endloop
  endfacet
  facet normal -0.706061 0.603777 -0.370042
    outer loop
      vertex 160.6 21.4271 0.307965
      vertex 160 20.9416 0.660636
      vertex 160 21.1384 0.981744
    endloop
  endfacet
  facet normal -0.706016 -0.603882 -0.369956
    outer loop
      vertex 160.6 16.327 0.709349
      vertex 160 16.8616 0.981744
      vertex 160.6 16.5729 0.307965
    endloop
  endfacet
  facet normal -0.706048 0.654232 -0.271067
    outer loop
      vertex 160.6 21.673 0.709349
      vertex 160 21.2825 1.32968
      vertex 160.6 21.8532 1.14427
    endloop
  endfacet
  facet normal -0.706018 0.706018 0.055475
    outer loop
      vertex 160 21.4 2.07132
      vertex 160 21.3705 2.44676
      vertex 160.6 22 2.07132
    endloop
  endfacet
  facet normal -0.706048 -0.654232 0.271067
    outer loop
      vertex 160.6 16.327 3.43329
      vertex 160 16.7175 2.81296
      vertex 160.6 16.1468 2.99837
    endloop
  endfacet
  facet normal -0.706064 0.60377 0.370047
    outer loop
      vertex 160 21.1384 3.1609
      vertex 160 20.9416 3.482
      vertex 160.6 21.4271 3.83468
    endloop
  endfacet
  facet normal -0.706058 -0.688552 -0.165463
    outer loop
      vertex 160.6 16.1468 1.14427
      vertex 160 16.6295 1.69588
      vertex 160 16.7175 1.32968
    endloop
  endfacet
  facet normal -0.705987 -0.538484 0.460019
    outer loop
      vertex 160.6 16.8787 4.19264
      vertex 160 17.3029 3.76838
      vertex 160.6 16.5729 3.83468
    endloop
  endfacet
  facet normal -0.706643 -0.369728 -0.603289
    outer loop
      vertex 160.16 17.4951 0
      vertex 160 17.5893 0.12968
      vertex 160 17.8009 0
    endloop
  endfacet
  facet normal -0.706063 0.538566 0.459806
    outer loop
      vertex 160 20.9416 3.482
      vertex 160 20.6971 3.76838
      vertex 160.6 21.4271 3.83468
    endloop
  endfacet
  facet normal -0.706015 0.603886 0.369953
    outer loop
      vertex 160.6 21.673 3.43329
      vertex 160 21.1384 3.1609
      vertex 160.6 21.4271 3.83468
    endloop
  endfacet
  facet normal -0.706015 0.370023 0.603843
    outer loop
      vertex 160.6 20.7634 4.49837
      vertex 160 20.0896 4.20974
      vertex 160.6 20.362 4.74434
    endloop
  endfacet
  facet normal -0.706024 -0.165311 0.688624
    outer loop
      vertex 160 18.6246 4.44177
      vertex 160 18.2584 4.35386
      vertex 160.6 18.0729 4.92449
    endloop
  endfacet
  facet normal -0.706015 -0.370023 0.603843
    outer loop
      vertex 160.6 17.638 4.74434
      vertex 160 17.9104 4.20974
      vertex 160.6 17.2366 4.49837
    endloop
  endfacet
  facet normal -0.706048 0.654232 0.271067
    outer loop
      vertex 160.6 21.8532 2.99837
      vertex 160 21.2825 2.81296
      vertex 160.6 21.673 3.43329
    endloop
  endfacet
  facet normal -0.706018 -0.706018 -0.055475
    outer loop
      vertex 160.6 16 2.07132
      vertex 160 16.6 2.07132
      vertex 160 16.6295 1.69588
    endloop
  endfacet
  facet normal -0.706064 -0.60377 0.370047
    outer loop
      vertex 160 17.0584 3.482
      vertex 160 16.8616 3.1609
      vertex 160.6 16.5729 3.83468
    endloop
  endfacet
  facet normal -0.705058 0.461515 -0.538422
    outer loop
      vertex 160.16 20.5049 0
      vertex 160 20.6971 0.374265
      vertex 160.308 20.731 0
    endloop
  endfacet
  facet normal -0.706638 0.459508 -0.538066
    outer loop
      vertex 160 20.6971 0.374265
      vertex 160.16 20.5049 0
      vertex 160 20.4107 0.12968
    endloop
  endfacet
  facet normal -0.706058 -0.688552 0.165463
    outer loop
      vertex 160 16.7175 2.81296
      vertex 160 16.6295 2.44676
      vertex 160.6 16.1468 2.99837
    endloop
  endfacet
  facet normal -0.706032 -0.27102 0.654268
    outer loop
      vertex 160.6 18.0729 4.92449
      vertex 160 18.2584 4.35386
      vertex 160.6 17.638 4.74434
    endloop
  endfacet
  facet normal -0.706059 0.538561 -0.459817
    outer loop
      vertex 160.6 21.4271 0.307965
      vertex 160 20.6971 0.374265
      vertex 160 20.9416 0.660636
    endloop
  endfacet
  facet normal -0.706638 -0.459508 -0.538066
    outer loop
      vertex 160.16 17.4951 0
      vertex 160 17.3029 0.374265
      vertex 160 17.5893 0.12968
    endloop
  endfacet
  facet normal -0.705058 -0.461515 -0.538422
    outer loop
      vertex 160 17.3029 0.374265
      vertex 160.16 17.4951 0
      vertex 160.308 17.269 0
    endloop
  endfacet
  facet normal -0.706007 -0.688636 0.165333
    outer loop
      vertex 160.6 16.1468 2.99837
      vertex 160 16.6295 2.44676
      vertex 160.6 16.0369 2.54062
    endloop
  endfacet
  facet normal -0.706012 -0.270974 0.654309
    outer loop
      vertex 160 18.2584 4.35386
      vertex 160 17.9104 4.20974
      vertex 160.6 17.638 4.74434
    endloop
  endfacet
  facet normal -0.706019 0.165299 0.688632
    outer loop
      vertex 160.6 19.9271 4.92449
      vertex 160 19.3754 4.44177
      vertex 160.6 19.4693 5.03438
    endloop
  endfacet
  facet normal -0.706015 -0.0555724 0.706013
    outer loop
      vertex 160.6 19 5.07132
      vertex 160 18.6246 4.44177
      vertex 160.6 18.5307 5.03438
    endloop
  endfacet
  facet normal -0.706024 0.37004 0.603822
    outer loop
      vertex 160 20.4107 4.01296
      vertex 160 20.0896 4.20974
      vertex 160.6 20.7634 4.49837
    endloop
  endfacet
  facet normal -1 0 0
    outer loop
      vertex 160 21.3705 1.69588
      vertex 160 21.3705 2.44676
      vertex 160 21.4 2.07132
    endloop
  endfacet
  facet normal -1 0 0
    outer loop
      vertex 160 21.2825 1.32968
      vertex 160 21.3705 2.44676
      vertex 160 21.3705 1.69588
    endloop
  endfacet
  facet normal -1 0 0
    outer loop
      vertex 160 21.2825 1.32968
      vertex 160 21.2825 2.81296
      vertex 160 21.3705 2.44676
    endloop
  endfacet
  facet normal -1 0 0
    outer loop
      vertex 160 21.1384 0.981744
      vertex 160 21.2825 2.81296
      vertex 160 21.2825 1.32968
    endloop
  endfacet
  facet normal -1 0 0
    outer loop
      vertex 160 21.1384 0.981744
      vertex 160 21.1384 3.1609
      vertex 160 21.2825 2.81296
    endloop
  endfacet
  facet normal -1 0 0
    outer loop
      vertex 160 20.9416 0.660636
      vertex 160 21.1384 3.1609
      vertex 160 21.1384 0.981744
    endloop
  endfacet
  facet normal -1 0 0
    outer loop
      vertex 160 20.9416 0.660636
      vertex 160 20.9416 3.482
      vertex 160 21.1384 3.1609
    endloop
  endfacet
  facet normal -1 0 0
    outer loop
      vertex 160 20.6971 0.374265
      vertex 160 20.9416 3.482
      vertex 160 20.9416 0.660636
    endloop
  endfacet
  facet normal -1 0 0
    outer loop
      vertex 160 20.6971 0.374265
      vertex 160 20.6971 3.76838
      vertex 160 20.9416 3.482
    endloop
  endfacet
  facet normal -1 0 0
    outer loop
      vertex 160 20.1991 0
      vertex 160 20.6971 0.374265
      vertex 160 20.4107 0.12968
    endloop
  endfacet
  facet normal -1 -0 0
    outer loop
      vertex 160 20.6971 0.374265
      vertex 160 20.1991 0
      vertex 160 20.6971 3.76838
    endloop
  endfacet
  facet normal -1 -0 0
    outer loop
      vertex 160 20.6971 3.76838
      vertex 160 20.1991 0
      vertex 160 20.4107 4.01296
    endloop
  endfacet
  facet normal -1 0 0
    outer loop
      vertex 160 20.1991 0
      vertex 160 20.0896 4.20974
      vertex 160 20.4107 4.01296
    endloop
  endfacet
  facet normal -1 0 0
    outer loop
      vertex 160 20.1991 0
      vertex 160 19.7416 4.35386
      vertex 160 20.0896 4.20974
    endloop
  endfacet
  facet normal -1 0 0
    outer loop
      vertex 160 20.1991 0
      vertex 160 19.3754 4.44177
      vertex 160 19.7416 4.35386
    endloop
  endfacet
  facet normal -1 0 0
    outer loop
      vertex 160 20.1991 0
      vertex 160 19 4.47132
      vertex 160 19.3754 4.44177
    endloop
  endfacet
  facet normal -1 0 0
    outer loop
      vertex 160 20.1991 0
      vertex 160 18.6246 4.44177
      vertex 160 19 4.47132
    endloop
  endfacet
  facet normal -1 0 0
    outer loop
      vertex 160 20.1991 0
      vertex 160 18.2584 4.35386
      vertex 160 18.6246 4.44177
    endloop
  endfacet
  facet normal -1 0 0
    outer loop
      vertex 160 20.1991 0
      vertex 160 17.9104 4.20974
      vertex 160 18.2584 4.35386
    endloop
  endfacet
  facet normal -1 0 0
    outer loop
      vertex 160 17.8009 0
      vertex 160 17.9104 4.20974
      vertex 160 20.1991 0
    endloop
  endfacet
  facet normal -1 0 0
    outer loop
      vertex 160 17.3029 0.374265
      vertex 160 17.8009 0
      vertex 160 17.5893 0.12968
    endloop
  endfacet
  facet normal -1 0 0
    outer loop
      vertex 160 17.8009 0
      vertex 160 17.5893 4.01296
      vertex 160 17.9104 4.20974
    endloop
  endfacet
  facet normal -1 0 0
    outer loop
      vertex 160 17.8009 0
      vertex 160 17.3029 0.374265
      vertex 160 17.5893 4.01296
    endloop
  endfacet
  facet normal -1 0 0
    outer loop
      vertex 160 17.3029 0.374265
      vertex 160 17.3029 3.76838
      vertex 160 17.5893 4.01296
    endloop
  endfacet
  facet normal -1 0 0
    outer loop
      vertex 160 17.0584 0.660636
      vertex 160 17.3029 3.76838
      vertex 160 17.3029 0.374265
    endloop
  endfacet
  facet normal -1 0 0
    outer loop
      vertex 160 17.0584 0.660636
      vertex 160 17.0584 3.482
      vertex 160 17.3029 3.76838
    endloop
  endfacet
  facet normal -1 0 0
    outer loop
      vertex 160 16.8616 0.981744
      vertex 160 17.0584 3.482
      vertex 160 17.0584 0.660636
    endloop
  endfacet
  facet normal -1 0 0
    outer loop
      vertex 160 16.8616 0.981744
      vertex 160 16.8616 3.1609
      vertex 160 17.0584 3.482
    endloop
  endfacet
  facet normal -1 0 0
    outer loop
      vertex 160 16.7175 1.32968
      vertex 160 16.8616 3.1609
      vertex 160 16.8616 0.981744
    endloop
  endfacet
  facet normal -1 0 0
    outer loop
      vertex 160 16.7175 1.32968
      vertex 160 16.7175 2.81296
      vertex 160 16.8616 3.1609
    endloop
  endfacet
  facet normal -1 0 0
    outer loop
      vertex 160 16.6295 1.69588
      vertex 160 16.7175 2.81296
      vertex 160 16.7175 1.32968
    endloop
  endfacet
  facet normal -1 0 0
    outer loop
      vertex 160 16.6295 1.69588
      vertex 160 16.6295 2.44676
      vertex 160 16.7175 2.81296
    endloop
  endfacet
  facet normal -1 0 -0
    outer loop
      vertex 160 16.6295 2.44676
      vertex 160 16.6295 1.69588
      vertex 160 16.6 2.07132
    endloop
  endfacet
  facet normal -0.706007 0.688636 0.165333
    outer loop
      vertex 160.6 21.9631 2.54062
      vertex 160 21.3705 2.44676
      vertex 160.6 21.8532 2.99837
    endloop
  endfacet
  facet normal -0.706005 0.706028 0.0555134
    outer loop
      vertex 160.6 22 2.07132
      vertex 160 21.3705 2.44676
      vertex 160.6 21.9631 2.54062
    endloop
  endfacet
  facet normal -0.706015 -0.603886 0.369953
    outer loop
      vertex 160.6 16.5729 3.83468
      vertex 160 16.8616 3.1609
      vertex 160.6 16.327 3.43329
    endloop
  endfacet
  facet normal -0.706018 -0.706018 0.055475
    outer loop
      vertex 160 16.6295 2.44676
      vertex 160 16.6 2.07132
      vertex 160.6 16 2.07132
    endloop
  endfacet
  facet normal -0.70601 0.654308 0.270983
    outer loop
      vertex 160 21.2825 2.81296
      vertex 160 21.1384 3.1609
      vertex 160.6 21.673 3.43329
    endloop
  endfacet
  facet normal -0 0.382699 0.923873
    outer loop
      vertex 160.6 20.362 4.74434
      vertex 188.4 19.9271 4.92449
      vertex 188.4 20.362 4.74434
    endloop
  endfacet
  facet normal 0 0.382699 0.923873
    outer loop
      vertex 188.4 19.9271 4.92449
      vertex 160.6 20.362 4.74434
      vertex 160.6 19.9271 4.92449
    endloop
  endfacet
  facet normal 0 -0.852705 -0.522393
    outer loop
      vertex 160.6 16.5729 0.307965
      vertex 188.4 16.327 0.709349
      vertex 160.6 16.327 0.709349
    endloop
  endfacet
  facet normal 0 -0.852705 -0.522393
    outer loop
      vertex 188.4 16.327 0.709349
      vertex 160.6 16.5729 0.307965
      vertex 188.4 16.5729 0.307965
    endloop
  endfacet
  facet normal 0 -0.923842 -0.382774
    outer loop
      vertex 160.6 16.327 0.709349
      vertex 188.4 16.1468 1.14427
      vertex 160.6 16.1468 1.14427
    endloop
  endfacet
  facet normal 0 -0.923842 -0.382774
    outer loop
      vertex 188.4 16.1468 1.14427
      vertex 160.6 16.327 0.709349
      vertex 188.4 16.327 0.709349
    endloop
  endfacet
  facet normal 0 0.923842 0.382775
    outer loop
      vertex 188.4 21.8532 2.99837
      vertex 160.6 21.673 3.43329
      vertex 188.4 21.673 3.43329
    endloop
  endfacet
  facet normal 0 0.923842 0.382775
    outer loop
      vertex 160.6 21.673 3.43329
      vertex 188.4 21.8532 2.99837
      vertex 160.6 21.8532 2.99837
    endloop
  endfacet
  facet normal 0 -0.923842 0.382775
    outer loop
      vertex 160.6 16.1468 2.99837
      vertex 188.4 16.327 3.43329
      vertex 160.6 16.327 3.43329
    endloop
  endfacet
  facet normal 0 -0.923842 0.382775
    outer loop
      vertex 188.4 16.327 3.43329
      vertex 160.6 16.1468 2.99837
      vertex 188.4 16.1468 2.99837
    endloop
  endfacet
  facet normal 0 0.852708 0.522387
    outer loop
      vertex 188.4 21.673 3.43329
      vertex 160.6 21.4271 3.83468
      vertex 188.4 21.4271 3.83468
    endloop
  endfacet
  facet normal 0 0.852708 0.522387
    outer loop
      vertex 160.6 21.4271 3.83468
      vertex 188.4 21.673 3.43329
      vertex 160.6 21.673 3.43329
    endloop
  endfacet
  facet normal 0 0.760317 -0.649552
    outer loop
      vertex 188.4 21.164 0
      vertex 160.6 21.4271 0.307965
      vertex 188.4 21.4271 0.307965
    endloop
  endfacet
  facet normal 0 0.760317 -0.649552
    outer loop
      vertex 160.6 21.4271 0.307965
      vertex 188.4 21.164 0
      vertex 160.6 21.164 0
    endloop
  endfacet
  facet normal 0 0.972368 0.233453
    outer loop
      vertex 188.4 21.9631 2.54062
      vertex 160.6 21.8532 2.99837
      vertex 188.4 21.8532 2.99837
    endloop
  endfacet
  facet normal 0 0.972368 0.233453
    outer loop
      vertex 160.6 21.8532 2.99837
      vertex 188.4 21.9631 2.54062
      vertex 160.6 21.9631 2.54062
    endloop
  endfacet
  facet normal 0 -0.382699 0.923873
    outer loop
      vertex 160.6 18.0729 4.92449
      vertex 188.4 17.638 4.74434
      vertex 188.4 18.0729 4.92449
    endloop
  endfacet
  facet normal 0 -0.382699 0.923873
    outer loop
      vertex 188.4 17.638 4.74434
      vertex 160.6 18.0729 4.92449
      vertex 160.6 17.638 4.74434
    endloop
  endfacet
  facet normal 0 0.996923 0.0783858
    outer loop
      vertex 188.4 22 2.07132
      vertex 160.6 21.9631 2.54062
      vertex 188.4 21.9631 2.54062
    endloop
  endfacet
  facet normal 0 0.996923 0.0783858
    outer loop
      vertex 160.6 21.9631 2.54062
      vertex 188.4 22 2.07132
      vertex 160.6 22 2.07132
    endloop
  endfacet
  facet normal 0 -0.972368 0.233453
    outer loop
      vertex 160.6 16.0369 2.54062
      vertex 188.4 16.1468 2.99837
      vertex 160.6 16.1468 2.99837
    endloop
  endfacet
  facet normal 0 -0.972368 0.233453
    outer loop
      vertex 188.4 16.1468 2.99837
      vertex 160.6 16.0369 2.54062
      vertex 188.4 16.0369 2.54062
    endloop
  endfacet
  facet normal 0 -0.649515 0.760349
    outer loop
      vertex 160.6 17.2366 4.49837
      vertex 188.4 16.8787 4.19264
      vertex 188.4 17.2366 4.49837
    endloop
  endfacet
  facet normal 0 -0.649515 0.760349
    outer loop
      vertex 188.4 16.8787 4.19264
      vertex 160.6 17.2366 4.49837
      vertex 160.6 16.8787 4.19264
    endloop
  endfacet
  facet normal 0 0.760329 0.649538
    outer loop
      vertex 188.4 21.4271 3.83468
      vertex 160.6 21.1213 4.19264
      vertex 188.4 21.1213 4.19264
    endloop
  endfacet
  facet normal 0 0.760329 0.649538
    outer loop
      vertex 160.6 21.1213 4.19264
      vertex 188.4 21.4271 3.83468
      vertex 160.6 21.4271 3.83468
    endloop
  endfacet
  facet normal 0 -0.996923 -0.0783858
    outer loop
      vertex 160.6 16.0369 1.60202
      vertex 188.4 16 2.07132
      vertex 160.6 16 2.07132
    endloop
  endfacet
  facet normal 0 -0.996923 -0.0783858
    outer loop
      vertex 188.4 16 2.07132
      vertex 160.6 16.0369 1.60202
      vertex 188.4 16.0369 1.60202
    endloop
  endfacet
  facet normal 0 -0.760329 0.649538
    outer loop
      vertex 160.6 16.5729 3.83468
      vertex 188.4 16.8787 4.19264
      vertex 160.6 16.8787 4.19264
    endloop
  endfacet
  facet normal 0 -0.760329 0.649538
    outer loop
      vertex 188.4 16.8787 4.19264
      vertex 160.6 16.5729 3.83468
      vertex 188.4 16.5729 3.83468
    endloop
  endfacet
  facet normal -0 0.649515 0.760349
    outer loop
      vertex 160.6 21.1213 4.19264
      vertex 188.4 20.7634 4.49837
      vertex 188.4 21.1213 4.19264
    endloop
  endfacet
  facet normal 0 0.649515 0.760349
    outer loop
      vertex 188.4 20.7634 4.49837
      vertex 160.6 21.1213 4.19264
      vertex 160.6 20.7634 4.49837
    endloop
  endfacet
  facet normal 0 0.996923 -0.0783858
    outer loop
      vertex 188.4 21.9631 1.60202
      vertex 160.6 22 2.07132
      vertex 188.4 22 2.07132
    endloop
  endfacet
  facet normal 0 0.996923 -0.0783858
    outer loop
      vertex 160.6 22 2.07132
      vertex 188.4 21.9631 1.60202
      vertex 160.6 21.9631 1.60202
    endloop
  endfacet
  facet normal 0 0.923842 -0.382774
    outer loop
      vertex 188.4 21.673 0.709349
      vertex 160.6 21.8532 1.14427
      vertex 188.4 21.8532 1.14427
    endloop
  endfacet
  facet normal 0 0.923842 -0.382774
    outer loop
      vertex 160.6 21.8532 1.14427
      vertex 188.4 21.673 0.709349
      vertex 160.6 21.673 0.709349
    endloop
  endfacet
  facet normal -0 0.233409 0.972379
    outer loop
      vertex 160.6 19.9271 4.92449
      vertex 188.4 19.4693 5.03438
      vertex 188.4 19.9271 4.92449
    endloop
  endfacet
  facet normal 0 0.233409 0.972379
    outer loop
      vertex 188.4 19.4693 5.03438
      vertex 160.6 19.9271 4.92449
      vertex 160.6 19.4693 5.03438
    endloop
  endfacet
  facet normal 0 -0.233409 0.972379
    outer loop
      vertex 160.6 18.5307 5.03438
      vertex 188.4 18.0729 4.92449
      vertex 188.4 18.5307 5.03438
    endloop
  endfacet
  facet normal 0 -0.233409 0.972379
    outer loop
      vertex 188.4 18.0729 4.92449
      vertex 160.6 18.5307 5.03438
      vertex 160.6 18.0729 4.92449
    endloop
  endfacet
  facet normal 0 0.852705 -0.522393
    outer loop
      vertex 188.4 21.4271 0.307965
      vertex 160.6 21.673 0.709349
      vertex 188.4 21.673 0.709349
    endloop
  endfacet
  facet normal 0 0.852705 -0.522393
    outer loop
      vertex 160.6 21.673 0.709349
      vertex 188.4 21.4271 0.307965
      vertex 160.6 21.4271 0.307965
    endloop
  endfacet
  facet normal 0 -0.972368 -0.233453
    outer loop
      vertex 160.6 16.1468 1.14427
      vertex 188.4 16.0369 1.60202
      vertex 160.6 16.0369 1.60202
    endloop
  endfacet
  facet normal 0 -0.972368 -0.233453
    outer loop
      vertex 188.4 16.0369 1.60202
      vertex 160.6 16.1468 1.14427
      vertex 188.4 16.1468 1.14427
    endloop
  endfacet
  facet normal 0 -0.522486 0.852648
    outer loop
      vertex 160.6 17.638 4.74434
      vertex 188.4 17.2366 4.49837
      vertex 188.4 17.638 4.74434
    endloop
  endfacet
  facet normal 0 -0.522486 0.852648
    outer loop
      vertex 188.4 17.2366 4.49837
      vertex 160.6 17.638 4.74434
      vertex 160.6 17.2366 4.49837
    endloop
  endfacet
  facet normal 0 -0.0784703 0.996916
    outer loop
      vertex 160.6 19 5.07132
      vertex 188.4 18.5307 5.03438
      vertex 188.4 19 5.07132
    endloop
  endfacet
  facet normal 0 -0.0784703 0.996916
    outer loop
      vertex 188.4 18.5307 5.03438
      vertex 160.6 19 5.07132
      vertex 160.6 18.5307 5.03438
    endloop
  endfacet
  facet normal 0 -0.996923 0.0783858
    outer loop
      vertex 160.6 16 2.07132
      vertex 188.4 16.0369 2.54062
      vertex 160.6 16.0369 2.54062
    endloop
  endfacet
  facet normal 0 -0.996923 0.0783858
    outer loop
      vertex 188.4 16.0369 2.54062
      vertex 160.6 16 2.07132
      vertex 188.4 16 2.07132
    endloop
  endfacet
  facet normal 0 0.972368 -0.233453
    outer loop
      vertex 188.4 21.8532 1.14427
      vertex 160.6 21.9631 1.60202
      vertex 188.4 21.9631 1.60202
    endloop
  endfacet
  facet normal 0 0.972368 -0.233453
    outer loop
      vertex 160.6 21.9631 1.60202
      vertex 188.4 21.8532 1.14427
      vertex 160.6 21.8532 1.14427
    endloop
  endfacet
  facet normal 0 -0.852708 0.522387
    outer loop
      vertex 160.6 16.327 3.43329
      vertex 188.4 16.5729 3.83468
      vertex 160.6 16.5729 3.83468
    endloop
  endfacet
  facet normal 0 -0.852708 0.522387
    outer loop
      vertex 188.4 16.5729 3.83468
      vertex 160.6 16.327 3.43329
      vertex 188.4 16.327 3.43329
    endloop
  endfacet
  facet normal -0 0.0784703 0.996916
    outer loop
      vertex 160.6 19.4693 5.03438
      vertex 188.4 19 5.07132
      vertex 188.4 19.4693 5.03438
    endloop
  endfacet
  facet normal 0 0.0784703 0.996916
    outer loop
      vertex 188.4 19 5.07132
      vertex 160.6 19.4693 5.03438
      vertex 160.6 19 5.07132
    endloop
  endfacet
  facet normal -0 0.522486 0.852648
    outer loop
      vertex 160.6 20.7634 4.49837
      vertex 188.4 20.362 4.74434
      vertex 188.4 20.7634 4.49837
    endloop
  endfacet
  facet normal 0 0.522486 0.852648
    outer loop
      vertex 188.4 20.362 4.74434
      vertex 160.6 20.7634 4.49837
      vertex 160.6 20.362 4.74434
    endloop
  endfacet
  facet normal 0 -0.760317 -0.649552
    outer loop
      vertex 160.6 16.836 0
      vertex 188.4 16.5729 0.307965
      vertex 160.6 16.5729 0.307965
    endloop
  endfacet
  facet normal 0 -0.760317 -0.649552
    outer loop
      vertex 188.4 16.5729 0.307965
      vertex 160.6 16.836 0
      vertex 188.4 16.836 0
    endloop
  endfacet
  facet normal 0.706063 -0.538566 0.459806
    outer loop
      vertex 189 17.3029 3.76838
      vertex 188.4 16.5729 3.83468
      vertex 189 17.0584 3.482
    endloop
  endfacet
  facet normal 0.706059 -0.538561 -0.459817
    outer loop
      vertex 189 17.0584 0.660636
      vertex 188.4 16.5729 0.307965
      vertex 189 17.3029 0.374265
    endloop
  endfacet
  facet normal 0.706112 0.458568 -0.539556
    outer loop
      vertex 188.692 20.731 0
      vertex 188.471 21.0713 0
      vertex 189 20.6971 0.374265
    endloop
  endfacet
  facet normal 0.706048 0.654232 -0.271067
    outer loop
      vertex 189 21.2825 1.32968
      vertex 188.4 21.673 0.709349
      vertex 188.4 21.8532 1.14427
    endloop
  endfacet
  facet normal 0.706016 0.603882 -0.369956
    outer loop
      vertex 189 21.1384 0.981744
      vertex 188.4 21.4271 0.307965
      vertex 188.4 21.673 0.709349
    endloop
  endfacet
  facet normal 0.70616 -0.538669 -0.459537
    outer loop
      vertex 188.4 16.5729 0.307965
      vertex 188.471 16.9287 0
      vertex 189 17.3029 0.374265
    endloop
  endfacet
  facet normal 0.70451 -0.539592 -0.460983
    outer loop
      vertex 188.471 16.9287 0
      vertex 188.4 16.5729 0.307965
      vertex 188.4 16.836 0
    endloop
  endfacet
  facet normal 1 0 0
    outer loop
      vertex 189 21.3705 2.44676
      vertex 189 21.3705 1.69588
      vertex 189 21.4 2.07132
    endloop
  endfacet
  facet normal 1 0 0
    outer loop
      vertex 189 21.2825 2.81296
      vertex 189 21.3705 1.69588
      vertex 189 21.3705 2.44676
    endloop
  endfacet
  facet normal 1 0 0
    outer loop
      vertex 189 21.2825 2.81296
      vertex 189 21.2825 1.32968
      vertex 189 21.3705 1.69588
    endloop
  endfacet
  facet normal 1 0 0
    outer loop
      vertex 189 21.1384 3.1609
      vertex 189 21.2825 1.32968
      vertex 189 21.2825 2.81296
    endloop
  endfacet
  facet normal 1 0 0
    outer loop
      vertex 189 21.1384 3.1609
      vertex 189 21.1384 0.981744
      vertex 189 21.2825 1.32968
    endloop
  endfacet
  facet normal 1 0 0
    outer loop
      vertex 189 20.9416 3.482
      vertex 189 21.1384 0.981744
      vertex 189 21.1384 3.1609
    endloop
  endfacet
  facet normal 1 0 0
    outer loop
      vertex 189 20.9416 3.482
      vertex 189 20.9416 0.660636
      vertex 189 21.1384 0.981744
    endloop
  endfacet
  facet normal 1 0 0
    outer loop
      vertex 189 20.6971 3.76838
      vertex 189 20.9416 0.660636
      vertex 189 20.9416 3.482
    endloop
  endfacet
  facet normal 1 0 0
    outer loop
      vertex 189 20.6971 3.76838
      vertex 189 20.6971 0.374265
      vertex 189 20.9416 0.660636
    endloop
  endfacet
  facet normal 1 0 0
    outer loop
      vertex 189 20.4107 4.01296
      vertex 189 20.6971 0.374265
      vertex 189 20.6971 3.76838
    endloop
  endfacet
  facet normal 1 0 0
    outer loop
      vertex 189 20.1991 0
      vertex 189 20.6971 0.374265
      vertex 189 20.4107 4.01296
    endloop
  endfacet
  facet normal 1 0 0
    outer loop
      vertex 189 20.6971 0.374265
      vertex 189 20.1991 0
      vertex 189 20.4107 0.12968
    endloop
  endfacet
  facet normal 1 0 0
    outer loop
      vertex 189 20.0896 4.20974
      vertex 189 20.1991 0
      vertex 189 20.4107 4.01296
    endloop
  endfacet
  facet normal 1 0 0
    outer loop
      vertex 189 19.7416 4.35386
      vertex 189 20.1991 0
      vertex 189 20.0896 4.20974
    endloop
  endfacet
  facet normal 1 0 0
    outer loop
      vertex 189 19.3754 4.44177
      vertex 189 20.1991 0
      vertex 189 19.7416 4.35386
    endloop
  endfacet
  facet normal 1 0 0
    outer loop
      vertex 189 19 4.47132
      vertex 189 20.1991 0
      vertex 189 19.3754 4.44177
    endloop
  endfacet
  facet normal 1 -0 0
    outer loop
      vertex 189 18.6246 4.44177
      vertex 189 20.1991 0
      vertex 189 19 4.47132
    endloop
  endfacet
  facet normal 1 -0 0
    outer loop
      vertex 189 18.2584 4.35386
      vertex 189 20.1991 0
      vertex 189 18.6246 4.44177
    endloop
  endfacet
  facet normal 1 -0 0
    outer loop
      vertex 189 17.9104 4.20974
      vertex 189 20.1991 0
      vertex 189 18.2584 4.35386
    endloop
  endfacet
  facet normal 1 0 0
    outer loop
      vertex 189 17.9104 4.20974
      vertex 189 17.8009 0
      vertex 189 20.1991 0
    endloop
  endfacet
  facet normal 1 -0 0
    outer loop
      vertex 189 17.5893 4.01296
      vertex 189 17.8009 0
      vertex 189 17.9104 4.20974
    endloop
  endfacet
  facet normal 1 -0 0
    outer loop
      vertex 189 17.3029 3.76838
      vertex 189 17.8009 0
      vertex 189 17.5893 4.01296
    endloop
  endfacet
  facet normal 1 -0 0
    outer loop
      vertex 189 17.3029 0.374265
      vertex 189 17.8009 0
      vertex 189 17.3029 3.76838
    endloop
  endfacet
  facet normal 1 0 0
    outer loop
      vertex 189 17.8009 0
      vertex 189 17.3029 0.374265
      vertex 189 17.5893 0.12968
    endloop
  endfacet
  facet normal 1 -0 0
    outer loop
      vertex 189 17.0584 3.482
      vertex 189 17.3029 0.374265
      vertex 189 17.3029 3.76838
    endloop
  endfacet
  facet normal 1 0 0
    outer loop
      vertex 189 17.0584 3.482
      vertex 189 17.0584 0.660636
      vertex 189 17.3029 0.374265
    endloop
  endfacet
  facet normal 1 -0 0
    outer loop
      vertex 189 16.8616 3.1609
      vertex 189 17.0584 0.660636
      vertex 189 17.0584 3.482
    endloop
  endfacet
  facet normal 1 0 0
    outer loop
      vertex 189 16.8616 3.1609
      vertex 189 16.8616 0.981744
      vertex 189 17.0584 0.660636
    endloop
  endfacet
  facet normal 1 -0 0
    outer loop
      vertex 189 16.7175 2.81296
      vertex 189 16.8616 0.981744
      vertex 189 16.8616 3.1609
    endloop
  endfacet
  facet normal 1 0 0
    outer loop
      vertex 189 16.7175 2.81296
      vertex 189 16.7175 1.32968
      vertex 189 16.8616 0.981744
    endloop
  endfacet
  facet normal 1 -0 0
    outer loop
      vertex 189 16.6295 2.44676
      vertex 189 16.7175 1.32968
      vertex 189 16.7175 2.81296
    endloop
  endfacet
  facet normal 1 0 0
    outer loop
      vertex 189 16.6295 2.44676
      vertex 189 16.6295 1.69588
      vertex 189 16.7175 1.32968
    endloop
  endfacet
  facet normal 1 0 -0
    outer loop
      vertex 189 16.6295 1.69588
      vertex 189 16.6295 2.44676
      vertex 189 16.6 2.07132
    endloop
  endfacet
  facet normal 0.706005 -0.706028 -0.0555134
    outer loop
      vertex 189 16.6295 1.69588
      vertex 188.4 16 2.07132
      vertex 188.4 16.0369 1.60202
    endloop
  endfacet
  facet normal 0.706015 -0.370023 0.603843
    outer loop
      vertex 188.4 17.638 4.74434
      vertex 188.4 17.2366 4.49837
      vertex 189 17.9104 4.20974
    endloop
  endfacet
  facet normal 0.706014 0.0555746 0.706014
    outer loop
      vertex 189 19.3754 4.44177
      vertex 188.4 19 5.07132
      vertex 189 19 4.47132
    endloop
  endfacet
  facet normal 0.706015 0.603886 0.369953
    outer loop
      vertex 188.4 21.673 3.43329
      vertex 188.4 21.4271 3.83468
      vertex 189 21.1384 3.1609
    endloop
  endfacet
  facet normal 0.706015 -0.0555724 0.706013
    outer loop
      vertex 188.4 19 5.07132
      vertex 188.4 18.5307 5.03438
      vertex 189 18.6246 4.44177
    endloop
  endfacet
  facet normal 0.70451 0.539592 -0.460983
    outer loop
      vertex 188.4 21.4271 0.307965
      vertex 188.471 21.0713 0
      vertex 188.4 21.164 0
    endloop
  endfacet
  facet normal 0.70616 0.538669 -0.459537
    outer loop
      vertex 188.471 21.0713 0
      vertex 188.4 21.4271 0.307965
      vertex 189 20.6971 0.374265
    endloop
  endfacet
  facet normal 0.706032 -0.27102 0.654268
    outer loop
      vertex 188.4 18.0729 4.92449
      vertex 188.4 17.638 4.74434
      vertex 189 18.2584 4.35386
    endloop
  endfacet
  facet normal 0.706012 -0.270974 0.654309
    outer loop
      vertex 189 18.2584 4.35386
      vertex 188.4 17.638 4.74434
      vertex 189 17.9104 4.20974
    endloop
  endfacet
  facet normal 0.706005 0.706028 -0.0555134
    outer loop
      vertex 189 21.3705 1.69588
      vertex 188.4 21.9631 1.60202
      vertex 188.4 22 2.07132
    endloop
  endfacet
  facet normal 0.706048 -0.654232 0.271067
    outer loop
      vertex 188.4 16.327 3.43329
      vertex 188.4 16.1468 2.99837
      vertex 189 16.7175 2.81296
    endloop
  endfacet
  facet normal 0.706005 0.706028 0.0555134
    outer loop
      vertex 188.4 22 2.07132
      vertex 188.4 21.9631 2.54062
      vertex 189 21.3705 2.44676
    endloop
  endfacet
  facet normal 0.706015 0.370023 0.603843
    outer loop
      vertex 188.4 20.7634 4.49837
      vertex 188.4 20.362 4.74434
      vertex 189 20.0896 4.20974
    endloop
  endfacet
  facet normal 0.70599 -0.46 0.538495
    outer loop
      vertex 188.4 17.2366 4.49837
      vertex 188.4 16.8787 4.19264
      vertex 189 17.3029 3.76838
    endloop
  endfacet
  facet normal 0.706024 -0.37004 0.603822
    outer loop
      vertex 189 17.9104 4.20974
      vertex 188.4 17.2366 4.49837
      vertex 189 17.5893 4.01296
    endloop
  endfacet
  facet normal 0.70599 0.46 0.538495
    outer loop
      vertex 188.4 21.1213 4.19264
      vertex 188.4 20.7634 4.49837
      vertex 189 20.6971 3.76838
    endloop
  endfacet
  facet normal 0.706014 -0.0555746 0.706014
    outer loop
      vertex 189 19 4.47132
      vertex 188.4 19 5.07132
      vertex 189 18.6246 4.44177
    endloop
  endfacet
  facet normal 0.706643 -0.369728 -0.603289
    outer loop
      vertex 189 17.5893 0.12968
      vertex 188.84 17.4951 0
      vertex 189 17.8009 0
    endloop
  endfacet
  facet normal 0.706024 -0.165311 0.688624
    outer loop
      vertex 189 18.6246 4.44177
      vertex 188.4 18.0729 4.92449
      vertex 189 18.2584 4.35386
    endloop
  endfacet
  facet normal 0.706058 -0.688552 -0.165463
    outer loop
      vertex 189 16.6295 1.69588
      vertex 188.4 16.1468 1.14427
      vertex 189 16.7175 1.32968
    endloop
  endfacet
  facet normal 0.705987 -0.538484 0.460019
    outer loop
      vertex 188.4 16.8787 4.19264
      vertex 188.4 16.5729 3.83468
      vertex 189 17.3029 3.76838
    endloop
  endfacet
  facet normal 0.706007 0.688636 -0.165333
    outer loop
      vertex 189 21.3705 1.69588
      vertex 188.4 21.8532 1.14427
      vertex 188.4 21.9631 1.60202
    endloop
  endfacet
  facet normal 0.706024 0.37004 0.603822
    outer loop
      vertex 189 20.4107 4.01296
      vertex 188.4 20.7634 4.49837
      vertex 189 20.0896 4.20974
    endloop
  endfacet
  facet normal 0.706032 0.27102 0.654268
    outer loop
      vertex 188.4 20.362 4.74434
      vertex 188.4 19.9271 4.92449
      vertex 189 19.7416 4.35386
    endloop
  endfacet
  facet normal 0.706016 -0.603882 -0.369956
    outer loop
      vertex 189 16.8616 0.981744
      vertex 188.4 16.327 0.709349
      vertex 188.4 16.5729 0.307965
    endloop
  endfacet
  facet normal 0.70601 -0.654308 0.270983
    outer loop
      vertex 189 16.8616 3.1609
      vertex 188.4 16.327 3.43329
      vertex 189 16.7175 2.81296
    endloop
  endfacet
  facet normal 0.705058 0.461515 -0.538422
    outer loop
      vertex 189 20.6971 0.374265
      vertex 188.84 20.5049 0
      vertex 188.692 20.731 0
    endloop
  endfacet
  facet normal 0.706638 0.459508 -0.538066
    outer loop
      vertex 188.84 20.5049 0
      vertex 189 20.6971 0.374265
      vertex 189 20.4107 0.12968
    endloop
  endfacet
  facet normal 0.706059 0.538561 -0.459817
    outer loop
      vertex 189 20.6971 0.374265
      vertex 188.4 21.4271 0.307965
      vertex 189 20.9416 0.660636
    endloop
  endfacet
  facet normal 0.706027 0.459898 0.538535
    outer loop
      vertex 189 20.6971 3.76838
      vertex 188.4 20.7634 4.49837
      vertex 189 20.4107 4.01296
    endloop
  endfacet
  facet normal 0.706643 0.369728 -0.603289
    outer loop
      vertex 189 20.1991 0
      vertex 188.84 20.5049 0
      vertex 189 20.4107 0.12968
    endloop
  endfacet
  facet normal 0.706638 -0.459508 -0.538066
    outer loop
      vertex 189 17.3029 0.374265
      vertex 188.84 17.4951 0
      vertex 189 17.5893 0.12968
    endloop
  endfacet
  facet normal 0.705058 -0.461515 -0.538422
    outer loop
      vertex 188.84 17.4951 0
      vertex 189 17.3029 0.374265
      vertex 188.692 17.269 0
    endloop
  endfacet
  facet normal 0.706019 0.165299 0.688632
    outer loop
      vertex 188.4 19.9271 4.92449
      vertex 188.4 19.4693 5.03438
      vertex 189 19.3754 4.44177
    endloop
  endfacet
  facet normal 0.706011 -0.654305 -0.270985
    outer loop
      vertex 189 16.7175 1.32968
      vertex 188.4 16.327 0.709349
      vertex 189 16.8616 0.981744
    endloop
  endfacet
  facet normal 0.706007 -0.688636 0.165333
    outer loop
      vertex 188.4 16.1468 2.99837
      vertex 188.4 16.0369 2.54062
      vertex 189 16.6295 2.44676
    endloop
  endfacet
  facet normal 0.706058 0.688552 -0.165463
    outer loop
      vertex 189 21.2825 1.32968
      vertex 188.4 21.8532 1.14427
      vertex 189 21.3705 1.69588
    endloop
  endfacet
  facet normal 0.706024 0.165311 0.688624
    outer loop
      vertex 189 19.7416 4.35386
      vertex 188.4 19.9271 4.92449
      vertex 189 19.3754 4.44177
    endloop
  endfacet
  facet normal 0.706015 0.0555724 0.706013
    outer loop
      vertex 188.4 19.4693 5.03438
      vertex 188.4 19 5.07132
      vertex 189 19.3754 4.44177
    endloop
  endfacet
  facet normal 0.706061 0.603777 -0.370042
    outer loop
      vertex 189 20.9416 0.660636
      vertex 188.4 21.4271 0.307965
      vertex 189 21.1384 0.981744
    endloop
  endfacet
  facet normal 0.70601 0.654308 0.270983
    outer loop
      vertex 189 21.2825 2.81296
      vertex 188.4 21.673 3.43329
      vertex 189 21.1384 3.1609
    endloop
  endfacet
  facet normal 0.706058 -0.688552 0.165463
    outer loop
      vertex 189 16.7175 2.81296
      vertex 188.4 16.1468 2.99837
      vertex 189 16.6295 2.44676
    endloop
  endfacet
  facet normal 0.706019 -0.165299 0.688632
    outer loop
      vertex 188.4 18.5307 5.03438
      vertex 188.4 18.0729 4.92449
      vertex 189 18.6246 4.44177
    endloop
  endfacet
  facet normal 0.706027 -0.459898 0.538535
    outer loop
      vertex 189 17.5893 4.01296
      vertex 188.4 17.2366 4.49837
      vertex 189 17.3029 3.76838
    endloop
  endfacet
  facet normal 0.706018 0.706018 -0.055475
    outer loop
      vertex 189 21.3705 1.69588
      vertex 188.4 22 2.07132
      vertex 189 21.4 2.07132
    endloop
  endfacet
  facet normal 0.706063 0.538566 0.459806
    outer loop
      vertex 189 20.9416 3.482
      vertex 188.4 21.4271 3.83468
      vertex 189 20.6971 3.76838
    endloop
  endfacet
  facet normal 0.706018 -0.706018 -0.055475
    outer loop
      vertex 189 16.6 2.07132
      vertex 188.4 16 2.07132
      vertex 189 16.6295 1.69588
    endloop
  endfacet
  facet normal 0.706007 -0.688636 -0.165333
    outer loop
      vertex 189 16.6295 1.69588
      vertex 188.4 16.0369 1.60202
      vertex 188.4 16.1468 1.14427
    endloop
  endfacet
  facet normal 0.705987 0.538484 0.460019
    outer loop
      vertex 188.4 21.4271 3.83468
      vertex 188.4 21.1213 4.19264
      vertex 189 20.6971 3.76838
    endloop
  endfacet
  facet normal 0.706064 -0.60377 0.370047
    outer loop
      vertex 189 17.0584 3.482
      vertex 188.4 16.5729 3.83468
      vertex 189 16.8616 3.1609
    endloop
  endfacet
  facet normal 0.706018 0.706018 0.055475
    outer loop
      vertex 189 21.4 2.07132
      vertex 188.4 22 2.07132
      vertex 189 21.3705 2.44676
    endloop
  endfacet
  facet normal 0.706007 0.688636 0.165333
    outer loop
      vertex 188.4 21.9631 2.54062
      vertex 188.4 21.8532 2.99837
      vertex 189 21.3705 2.44676
    endloop
  endfacet
  facet normal 0.706015 -0.603886 0.369953
    outer loop
      vertex 188.4 16.5729 3.83468
      vertex 188.4 16.327 3.43329
      vertex 189 16.8616 3.1609
    endloop
  endfacet
  facet normal 0.706061 -0.603777 -0.370042
    outer loop
      vertex 189 16.8616 0.981744
      vertex 188.4 16.5729 0.307965
      vertex 189 17.0584 0.660636
    endloop
  endfacet
  facet normal 0.706012 0.270974 0.654309
    outer loop
      vertex 189 20.0896 4.20974
      vertex 188.4 20.362 4.74434
      vertex 189 19.7416 4.35386
    endloop
  endfacet
  facet normal 0.706112 -0.458568 -0.539556
    outer loop
      vertex 189 17.3029 0.374265
      vertex 188.471 16.9287 0
      vertex 188.692 17.269 0
    endloop
  endfacet
  facet normal 0.706048 0.654232 0.271067
    outer loop
      vertex 188.4 21.8532 2.99837
      vertex 188.4 21.673 3.43329
      vertex 189 21.2825 2.81296
    endloop
  endfacet
  facet normal 0.706011 0.654305 -0.270985
    outer loop
      vertex 189 21.1384 0.981744
      vertex 188.4 21.673 0.709349
      vertex 189 21.2825 1.32968
    endloop
  endfacet
  facet normal 0.706048 -0.654232 -0.271067
    outer loop
      vertex 189 16.7175 1.32968
      vertex 188.4 16.1468 1.14427
      vertex 188.4 16.327 0.709349
    endloop
  endfacet
  facet normal 0.706058 0.688552 0.165463
    outer loop
      vertex 189 21.3705 2.44676
      vertex 188.4 21.8532 2.99837
      vertex 189 21.2825 2.81296
    endloop
  endfacet
  facet normal 0.706064 0.60377 0.370047
    outer loop
      vertex 189 21.1384 3.1609
      vertex 188.4 21.4271 3.83468
      vertex 189 20.9416 3.482
    endloop
  endfacet
  facet normal 0.706005 -0.706028 0.0555134
    outer loop
      vertex 188.4 16.0369 2.54062
      vertex 188.4 16 2.07132
      vertex 189 16.6295 2.44676
    endloop
  endfacet
  facet normal 0.706018 -0.706018 0.055475
    outer loop
      vertex 189 16.6295 2.44676
      vertex 188.4 16 2.07132
      vertex 189 16.6 2.07132
    endloop
  endfacet
  facet normal 0 0 -1
    outer loop
      vertex 188.84 17.4951 0
      vertex 189 20.1991 0
      vertex 189 17.8009 0
    endloop
  endfacet
  facet normal 0 0 -1
    outer loop
      vertex 188.84 17.4951 0
      vertex 188.84 20.5049 0
      vertex 189 20.1991 0
    endloop
  endfacet
  facet normal 0 0 -1
    outer loop
      vertex 188.692 17.269 0
      vertex 188.84 20.5049 0
      vertex 188.84 17.4951 0
    endloop
  endfacet
  facet normal 0 0 -1
    outer loop
      vertex 188.692 17.269 0
      vertex 188.692 20.731 0
      vertex 188.84 20.5049 0
    endloop
  endfacet
  facet normal 0 0 -1
    outer loop
      vertex 188.471 16.9287 0
      vertex 188.692 20.731 0
      vertex 188.692 17.269 0
    endloop
  endfacet
  facet normal 0 0 -1
    outer loop
      vertex 188.471 16.9287 0
      vertex 188.471 21.0713 0
      vertex 188.692 20.731 0
    endloop
  endfacet
  facet normal 0 0 -1
    outer loop
      vertex 188.4 16.836 0
      vertex 188.471 21.0713 0
      vertex 188.471 16.9287 0
    endloop
  endfacet
  facet normal 0 0 -1
    outer loop
      vertex 188.4 16.836 0
      vertex 188.4 21.164 0
      vertex 188.471 21.0713 0
    endloop
  endfacet
  facet normal 0 0 -1
    outer loop
      vertex 160.6 16.836 0
      vertex 188.4 21.164 0
      vertex 188.4 16.836 0
    endloop
  endfacet
  facet normal 0 0 -1
    outer loop
      vertex 160.6 16.836 0
      vertex 160.6 21.164 0
      vertex 188.4 21.164 0
    endloop
  endfacet
  facet normal 0 0 -1
    outer loop
      vertex 160.529 16.9287 0
      vertex 160.6 21.164 0
      vertex 160.6 16.836 0
    endloop
  endfacet
  facet normal 0 0 -1
    outer loop
      vertex 160.529 16.9287 0
      vertex 160.529 21.0713 0
      vertex 160.6 21.164 0
    endloop
  endfacet
  facet normal 0 0 -1
    outer loop
      vertex 160.308 17.269 0
      vertex 160.529 21.0713 0
      vertex 160.529 16.9287 0
    endloop
  endfacet
  facet normal 0 0 -1
    outer loop
      vertex 160.308 17.269 0
      vertex 160.308 20.731 0
      vertex 160.529 21.0713 0
    endloop
  endfacet
  facet normal 0 0 -1
    outer loop
      vertex 160.16 17.4951 0
      vertex 160.308 20.731 0
      vertex 160.308 17.269 0
    endloop
  endfacet
  facet normal 0 0 -1
    outer loop
      vertex 160.16 17.4951 0
      vertex 160.16 20.5049 0
      vertex 160.308 20.731 0
    endloop
  endfacet
  facet normal 0 0 -1
    outer loop
      vertex 160 17.8009 0
      vertex 160.16 20.5049 0
      vertex 160.16 17.4951 0
    endloop
  endfacet
  facet normal 0 0 -1
    outer loop
      vertex 160.16 20.5049 0
      vertex 160 17.8009 0
      vertex 160 20.1991 0
    endloop
  endfacet
endsolid OpenSCAD_Model
