solid OpenSCAD_Model
  facet normal 0 -0.0683017 0.997665
    outer loop
      vertex 0 115.565 45.4876
      vertex 182.25 115.305 45.4698
      vertex 182.25 115.565 45.4876
    endloop
  endfacet
  facet normal 0 -0.0683017 0.997665
    outer loop
      vertex 182.25 115.305 45.4698
      vertex 0 115.565 45.4876
      vertex 0 115.305 45.4698
    endloop
  endfacet
  facet normal -0 0.084838 0.996395
    outer loop
      vertex 0 115.305 45.4698
      vertex 182.25 115.029 45.4933
      vertex 182.25 115.305 45.4698
    endloop
  endfacet
  facet normal 0 0.084838 0.996395
    outer loop
      vertex 182.25 115.029 45.4933
      vertex 0 115.305 45.4698
      vertex 0 115.029 45.4933
    endloop
  endfacet
  facet normal -0 0.194811 0.980841
    outer loop
      vertex 0 115.029 45.4933
      vertex 182.25 114.74 45.5507
      vertex 182.25 115.029 45.4933
    endloop
  endfacet
  facet normal 0 0.194811 0.980841
    outer loop
      vertex 182.25 114.74 45.5507
      vertex 0 115.029 45.4933
      vertex 0 114.74 45.5507
    endloop
  endfacet
  facet normal -0 0.2632 0.964741
    outer loop
      vertex 0 114.74 45.5507
      vertex 182.25 114.442 45.632
      vertex 182.25 114.74 45.5507
    endloop
  endfacet
  facet normal 0 0.2632 0.964741
    outer loop
      vertex 182.25 114.442 45.632
      vertex 0 114.74 45.5507
      vertex 0 114.442 45.632
    endloop
  endfacet
  facet normal -0 0.29633 0.955086
    outer loop
      vertex 0 114.442 45.632
      vertex 182.25 113.838 45.8194
      vertex 182.25 114.442 45.632
    endloop
  endfacet
  facet normal 0 0.29633 0.955086
    outer loop
      vertex 182.25 113.838 45.8194
      vertex 0 114.442 45.632
      vertex 0 113.838 45.8194
    endloop
  endfacet
  facet normal -0 0.2632 0.964741
    outer loop
      vertex 0 113.838 45.8194
      vertex 182.25 113.54 45.9007
      vertex 182.25 113.838 45.8194
    endloop
  endfacet
  facet normal 0 0.2632 0.964741
    outer loop
      vertex 182.25 113.54 45.9007
      vertex 0 113.838 45.8194
      vertex 0 113.54 45.9007
    endloop
  endfacet
  facet normal -0 0.194811 0.980841
    outer loop
      vertex 0 113.54 45.9007
      vertex 182.25 113.251 45.9581
      vertex 182.25 113.54 45.9007
    endloop
  endfacet
  facet normal 0 0.194811 0.980841
    outer loop
      vertex 182.25 113.251 45.9581
      vertex 0 113.54 45.9007
      vertex 0 113.251 45.9581
    endloop
  endfacet
  facet normal -0 0.0851964 0.996364
    outer loop
      vertex 0 113.251 45.9581
      vertex 182.25 112.975 45.9817
      vertex 182.25 113.251 45.9581
    endloop
  endfacet
  facet normal 0 0.0851964 0.996364
    outer loop
      vertex 182.25 112.975 45.9817
      vertex 0 113.251 45.9581
      vertex 0 112.975 45.9817
    endloop
  endfacet
  facet normal 0 -0.0686836 0.997638
    outer loop
      vertex 0 112.975 45.9817
      vertex 182.25 112.715 45.9638
      vertex 182.25 112.975 45.9817
    endloop
  endfacet
  facet normal 0 -0.0686836 0.997638
    outer loop
      vertex 182.25 112.715 45.9638
      vertex 0 112.975 45.9817
      vertex 0 112.715 45.9638
    endloop
  endfacet
  facet normal 0 -0.255061 0.966925
    outer loop
      vertex 0 112.715 45.9638
      vertex 182.25 112.472 45.8997
      vertex 182.25 112.715 45.9638
    endloop
  endfacet
  facet normal 0 -0.255061 0.966925
    outer loop
      vertex 182.25 112.472 45.8997
      vertex 0 112.715 45.9638
      vertex 0 112.472 45.8997
    endloop
  endfacet
  facet normal 0 -0.445302 0.89538
    outer loop
      vertex 0 112.472 45.8997
      vertex 182.25 112.247 45.7878
      vertex 182.25 112.472 45.8997
    endloop
  endfacet
  facet normal 0 -0.445302 0.89538
    outer loop
      vertex 182.25 112.247 45.7878
      vertex 0 112.472 45.8997
      vertex 0 112.247 45.7878
    endloop
  endfacet
  facet normal 0 -0.605132 0.796125
    outer loop
      vertex 0 112.247 45.7878
      vertex 182.25 112.039 45.6297
      vertex 182.25 112.247 45.7878
    endloop
  endfacet
  facet normal 0 -0.605132 0.796125
    outer loop
      vertex 182.25 112.039 45.6297
      vertex 0 112.247 45.7878
      vertex 0 112.039 45.6297
    endloop
  endfacet
  facet normal 0 -0.720694 0.693253
    outer loop
      vertex 0 111.847 45.4301
      vertex 182.25 112.039 45.6297
      vertex 0 112.039 45.6297
    endloop
  endfacet
  facet normal 0 -0.720694 0.693253
    outer loop
      vertex 182.25 112.039 45.6297
      vertex 0 111.847 45.4301
      vertex 182.25 111.847 45.4301
    endloop
  endfacet
  facet normal 0 -0.793508 0.60856
    outer loop
      vertex 0 111.668 45.1967
      vertex 182.25 111.847 45.4301
      vertex 0 111.847 45.4301
    endloop
  endfacet
  facet normal 0 -0.793508 0.60856
    outer loop
      vertex 182.25 111.847 45.4301
      vertex 0 111.668 45.1967
      vertex 182.25 111.668 45.1967
    endloop
  endfacet
  facet normal 0 -0.834338 0.551253
    outer loop
      vertex 0 111.498 44.9394
      vertex 182.25 111.668 45.1967
      vertex 0 111.668 45.1967
    endloop
  endfacet
  facet normal 0 -0.834338 0.551253
    outer loop
      vertex 182.25 111.668 45.1967
      vertex 0 111.498 44.9394
      vertex 182.25 111.498 44.9394
    endloop
  endfacet
  facet normal 0 -0.851615 0.524168
    outer loop
      vertex 0 111.166 44.4
      vertex 182.25 111.498 44.9394
      vertex 0 111.498 44.9394
    endloop
  endfacet
  facet normal 0 -0.851615 0.524168
    outer loop
      vertex 182.25 111.498 44.9394
      vertex 0 111.166 44.4
      vertex 182.25 111.166 44.4
    endloop
  endfacet
  facet normal 0 -0.834338 0.551253
    outer loop
      vertex 0 110.996 44.1427
      vertex 182.25 111.166 44.4
      vertex 0 111.166 44.4
    endloop
  endfacet
  facet normal 0 -0.834338 0.551253
    outer loop
      vertex 182.25 111.166 44.4
      vertex 0 110.996 44.1427
      vertex 182.25 110.996 44.1427
    endloop
  endfacet
  facet normal 0 -0.793508 0.60856
    outer loop
      vertex 0 110.817 43.9093
      vertex 182.25 110.996 44.1427
      vertex 0 110.996 44.1427
    endloop
  endfacet
  facet normal 0 -0.793508 0.60856
    outer loop
      vertex 182.25 110.996 44.1427
      vertex 0 110.817 43.9093
      vertex 182.25 110.817 43.9093
    endloop
  endfacet
  facet normal 0 -0.720521 0.693433
    outer loop
      vertex 0 110.625 43.7098
      vertex 182.25 110.817 43.9093
      vertex 0 110.817 43.9093
    endloop
  endfacet
  facet normal 0 -0.720521 0.693433
    outer loop
      vertex 182.25 110.817 43.9093
      vertex 0 110.625 43.7098
      vertex 182.25 110.625 43.7098
    endloop
  endfacet
  facet normal 0 -0.605374 0.795941
    outer loop
      vertex 0 110.625 43.7098
      vertex 182.25 110.417 43.5516
      vertex 182.25 110.625 43.7098
    endloop
  endfacet
  facet normal 0 -0.605374 0.795941
    outer loop
      vertex 182.25 110.417 43.5516
      vertex 0 110.625 43.7098
      vertex 0 110.417 43.5516
    endloop
  endfacet
  facet normal 0 -0.445302 0.89538
    outer loop
      vertex 0 110.417 43.5516
      vertex 182.25 110.192 43.4397
      vertex 182.25 110.417 43.5516
    endloop
  endfacet
  facet normal 0 -0.445302 0.89538
    outer loop
      vertex 182.25 110.192 43.4397
      vertex 0 110.417 43.5516
      vertex 0 110.192 43.4397
    endloop
  endfacet
  facet normal 0 -0.351982 0.936007
    outer loop
      vertex 0 110.192 43.4397
      vertex 182.25 104.03 41.1225
      vertex 182.25 110.192 43.4397
    endloop
  endfacet
  facet normal 0 -0.351982 0.936007
    outer loop
      vertex 182.25 104.03 41.1225
      vertex 0 110.192 43.4397
      vertex 0 104.03 41.1225
    endloop
  endfacet
  facet normal 0 -0.255061 0.966925
    outer loop
      vertex 0 104.03 41.1225
      vertex 182.25 103.787 41.0584
      vertex 182.25 104.03 41.1225
    endloop
  endfacet
  facet normal 0 -0.255061 0.966925
    outer loop
      vertex 182.25 103.787 41.0584
      vertex 0 104.03 41.1225
      vertex 0 103.787 41.0584
    endloop
  endfacet
  facet normal 0 -0.0686836 0.997638
    outer loop
      vertex 0 103.787 41.0584
      vertex 182.25 103.527 41.0405
      vertex 182.25 103.787 41.0584
    endloop
  endfacet
  facet normal 0 -0.0686836 0.997638
    outer loop
      vertex 182.25 103.527 41.0405
      vertex 0 103.787 41.0584
      vertex 0 103.527 41.0405
    endloop
  endfacet
  facet normal -0 0.0851964 0.996364
    outer loop
      vertex 0 103.527 41.0405
      vertex 182.25 103.251 41.0641
      vertex 182.25 103.527 41.0405
    endloop
  endfacet
  facet normal 0 0.0851964 0.996364
    outer loop
      vertex 182.25 103.251 41.0641
      vertex 0 103.527 41.0405
      vertex 0 103.251 41.0641
    endloop
  endfacet
  facet normal -0 0.194811 0.980841
    outer loop
      vertex 0 103.251 41.0641
      vertex 182.25 102.962 41.1215
      vertex 182.25 103.251 41.0641
    endloop
  endfacet
  facet normal 0 0.194811 0.980841
    outer loop
      vertex 182.25 102.962 41.1215
      vertex 0 103.251 41.0641
      vertex 0 102.962 41.1215
    endloop
  endfacet
  facet normal -0 0.264024 0.964516
    outer loop
      vertex 0 102.962 41.1215
      vertex 182.25 102.665 41.2028
      vertex 182.25 102.962 41.1215
    endloop
  endfacet
  facet normal 0 0.264024 0.964516
    outer loop
      vertex 182.25 102.665 41.2028
      vertex 0 102.962 41.1215
      vertex 0 102.665 41.2028
    endloop
  endfacet
  facet normal -0 0.295883 0.955224
    outer loop
      vertex 0 102.665 41.2028
      vertex 182.25 102.06 41.3902
      vertex 182.25 102.665 41.2028
    endloop
  endfacet
  facet normal 0 0.295883 0.955224
    outer loop
      vertex 182.25 102.06 41.3902
      vertex 0 102.665 41.2028
      vertex 0 102.06 41.3902
    endloop
  endfacet
  facet normal -0 0.2632 0.964741
    outer loop
      vertex 0 102.06 41.3902
      vertex 182.25 101.762 41.4715
      vertex 182.25 102.06 41.3902
    endloop
  endfacet
  facet normal 0 0.2632 0.964741
    outer loop
      vertex 182.25 101.762 41.4715
      vertex 0 102.06 41.3902
      vertex 0 101.762 41.4715
    endloop
  endfacet
  facet normal -0 0.195461 0.980711
    outer loop
      vertex 0 101.762 41.4715
      vertex 182.25 101.474 41.5289
      vertex 182.25 101.762 41.4715
    endloop
  endfacet
  facet normal 0 0.195461 0.980711
    outer loop
      vertex 182.25 101.474 41.5289
      vertex 0 101.762 41.4715
      vertex 0 101.474 41.5289
    endloop
  endfacet
  facet normal -0 0.084838 0.996395
    outer loop
      vertex 0 101.474 41.5289
      vertex 182.25 101.198 41.5524
      vertex 182.25 101.474 41.5289
    endloop
  endfacet
  facet normal 0 0.084838 0.996395
    outer loop
      vertex 182.25 101.198 41.5524
      vertex 0 101.474 41.5289
      vertex 0 101.198 41.5524
    endloop
  endfacet
  facet normal 0 -0.0684217 0.997656
    outer loop
      vertex 0 101.198 41.5524
      vertex 182.25 100.937 41.5345
      vertex 182.25 101.198 41.5524
    endloop
  endfacet
  facet normal 0 -0.0684217 0.997656
    outer loop
      vertex 182.25 100.937 41.5345
      vertex 0 101.198 41.5524
      vertex 0 100.937 41.5345
    endloop
  endfacet
  facet normal 0 -0.254689 0.967023
    outer loop
      vertex 0 100.937 41.5345
      vertex 182.25 100.694 41.4705
      vertex 182.25 100.937 41.5345
    endloop
  endfacet
  facet normal 0 -0.254689 0.967023
    outer loop
      vertex 182.25 100.694 41.4705
      vertex 0 100.937 41.5345
      vertex 0 100.694 41.4705
    endloop
  endfacet
  facet normal 0 -0.445302 0.89538
    outer loop
      vertex 0 100.694 41.4705
      vertex 182.25 100.469 41.3586
      vertex 182.25 100.694 41.4705
    endloop
  endfacet
  facet normal 0 -0.445302 0.89538
    outer loop
      vertex 182.25 100.469 41.3586
      vertex 0 100.694 41.4705
      vertex 0 100.469 41.3586
    endloop
  endfacet
  facet normal 0 -0.607222 0.794532
    outer loop
      vertex 0 100.469 41.3586
      vertex 182.25 100.262 41.2004
      vertex 182.25 100.469 41.3586
    endloop
  endfacet
  facet normal 0 -0.607222 0.794532
    outer loop
      vertex 182.25 100.262 41.2004
      vertex 0 100.469 41.3586
      vertex 0 100.262 41.2004
    endloop
  endfacet
  facet normal 0 -0.720521 0.693433
    outer loop
      vertex 0 100.07 41.0009
      vertex 182.25 100.262 41.2004
      vertex 0 100.262 41.2004
    endloop
  endfacet
  facet normal 0 -0.720521 0.693433
    outer loop
      vertex 182.25 100.262 41.2004
      vertex 0 100.07 41.0009
      vertex 182.25 100.07 41.0009
    endloop
  endfacet
  facet normal 0 -0.792195 0.610268
    outer loop
      vertex 0 99.8902 40.7675
      vertex 182.25 100.07 41.0009
      vertex 0 100.07 41.0009
    endloop
  endfacet
  facet normal 0 -0.792195 0.610268
    outer loop
      vertex 182.25 100.07 41.0009
      vertex 0 99.8902 40.7675
      vertex 182.25 99.8902 40.7675
    endloop
  endfacet
  facet normal 0 -0.833989 0.551781
    outer loop
      vertex 0 99.7199 40.5101
      vertex 182.25 99.8902 40.7675
      vertex 0 99.8902 40.7675
    endloop
  endfacet
  facet normal 0 -0.833989 0.551781
    outer loop
      vertex 182.25 99.8902 40.7675
      vertex 0 99.7199 40.5101
      vertex 182.25 99.7199 40.5101
    endloop
  endfacet
  facet normal 0 -0.851994 0.523551
    outer loop
      vertex 0 99.3885 39.9708
      vertex 182.25 99.7199 40.5101
      vertex 0 99.7199 40.5101
    endloop
  endfacet
  facet normal 0 -0.851994 0.523551
    outer loop
      vertex 182.25 99.7199 40.5101
      vertex 0 99.3885 39.9708
      vertex 182.25 99.3885 39.9708
    endloop
  endfacet
  facet normal 0 -0.833891 0.55193
    outer loop
      vertex 0 99.2182 39.7135
      vertex 182.25 99.3885 39.9708
      vertex 0 99.3885 39.9708
    endloop
  endfacet
  facet normal 0 -0.833891 0.55193
    outer loop
      vertex 182.25 99.3885 39.9708
      vertex 0 99.2182 39.7135
      vertex 182.25 99.2182 39.7135
    endloop
  endfacet
  facet normal 0 -0.793015 0.609202
    outer loop
      vertex 0 99.0389 39.4801
      vertex 182.25 99.2182 39.7135
      vertex 0 99.2182 39.7135
    endloop
  endfacet
  facet normal 0 -0.793015 0.609202
    outer loop
      vertex 182.25 99.2182 39.7135
      vertex 0 99.0389 39.4801
      vertex 182.25 99.0389 39.4801
    endloop
  endfacet
  facet normal 0 -0.720514 0.69344
    outer loop
      vertex 0 98.8468 39.2805
      vertex 182.25 99.0389 39.4801
      vertex 0 99.0389 39.4801
    endloop
  endfacet
  facet normal 0 -0.720514 0.69344
    outer loop
      vertex 182.25 99.0389 39.4801
      vertex 0 98.8468 39.2805
      vertex 182.25 98.8468 39.2805
    endloop
  endfacet
  facet normal 0 -0.60587 0.795564
    outer loop
      vertex 0 98.8468 39.2805
      vertex 182.25 98.6392 39.1224
      vertex 182.25 98.8468 39.2805
    endloop
  endfacet
  facet normal 0 -0.60587 0.795564
    outer loop
      vertex 182.25 98.6392 39.1224
      vertex 0 98.8468 39.2805
      vertex 0 98.6392 39.1224
    endloop
  endfacet
  facet normal 0 -0.445461 0.895301
    outer loop
      vertex 0 98.6392 39.1224
      vertex 182.25 98.4143 39.0105
      vertex 182.25 98.6392 39.1224
    endloop
  endfacet
  facet normal 0 -0.445461 0.895301
    outer loop
      vertex 182.25 98.4143 39.0105
      vertex 0 98.6392 39.1224
      vertex 0 98.4143 39.0105
    endloop
  endfacet
  facet normal 0 -0.352001 0.936
    outer loop
      vertex 0 98.4143 39.0105
      vertex 182.25 92.2524 36.6932
      vertex 182.25 98.4143 39.0105
    endloop
  endfacet
  facet normal 0 -0.352001 0.936
    outer loop
      vertex 182.25 92.2524 36.6932
      vertex 0 98.4143 39.0105
      vertex 0 92.2524 36.6932
    endloop
  endfacet
  facet normal 0 -0.255061 0.966925
    outer loop
      vertex 0 92.2524 36.6932
      vertex 182.25 92.0094 36.6291
      vertex 182.25 92.2524 36.6932
    endloop
  endfacet
  facet normal 0 -0.255061 0.966925
    outer loop
      vertex 182.25 92.0094 36.6291
      vertex 0 92.2524 36.6932
      vertex 0 92.0094 36.6291
    endloop
  endfacet
  facet normal 0 -0.0682233 0.99767
    outer loop
      vertex 0 92.0094 36.6291
      vertex 182.25 91.7491 36.6113
      vertex 182.25 92.0094 36.6291
    endloop
  endfacet
  facet normal 0 -0.0682233 0.99767
    outer loop
      vertex 182.25 91.7491 36.6113
      vertex 0 92.0094 36.6291
      vertex 0 91.7491 36.6113
    endloop
  endfacet
  facet normal -0 0.084838 0.996395
    outer loop
      vertex 0 91.7491 36.6113
      vertex 182.25 91.4731 36.6348
      vertex 182.25 91.7491 36.6113
    endloop
  endfacet
  facet normal 0 0.084838 0.996395
    outer loop
      vertex 182.25 91.4731 36.6348
      vertex 0 91.7491 36.6113
      vertex 0 91.4731 36.6348
    endloop
  endfacet
  facet normal -0 0.195005 0.980802
    outer loop
      vertex 0 91.4731 36.6348
      vertex 182.25 91.1844 36.6922
      vertex 182.25 91.4731 36.6348
    endloop
  endfacet
  facet normal 0 0.195005 0.980802
    outer loop
      vertex 182.25 91.1844 36.6922
      vertex 0 91.4731 36.6348
      vertex 0 91.1844 36.6922
    endloop
  endfacet
  facet normal -0 0.263529 0.964652
    outer loop
      vertex 0 91.1844 36.6922
      vertex 182.25 90.8868 36.7735
      vertex 182.25 91.1844 36.6922
    endloop
  endfacet
  facet normal 0 0.263529 0.964652
    outer loop
      vertex 182.25 90.8868 36.7735
      vertex 0 91.1844 36.6922
      vertex 0 90.8868 36.7735
    endloop
  endfacet
  facet normal -0 0.296017 0.955183
    outer loop
      vertex 0 90.8868 36.7735
      vertex 182.25 90.2821 36.9609
      vertex 182.25 90.8868 36.7735
    endloop
  endfacet
  facet normal 0 0.296017 0.955183
    outer loop
      vertex 182.25 90.2821 36.9609
      vertex 0 90.8868 36.7735
      vertex 0 90.2821 36.9609
    endloop
  endfacet
  facet normal -0 0.263446 0.964674
    outer loop
      vertex 0 90.2821 36.9609
      vertex 182.25 89.9844 37.0422
      vertex 182.25 90.2821 36.9609
    endloop
  endfacet
  facet normal 0 0.263446 0.964674
    outer loop
      vertex 182.25 89.9844 37.0422
      vertex 0 90.2821 36.9609
      vertex 0 89.9844 37.0422
    endloop
  endfacet
  facet normal -0 0.19507 0.980789
    outer loop
      vertex 0 89.9844 37.0422
      vertex 182.25 89.6958 37.0996
      vertex 182.25 89.9844 37.0422
    endloop
  endfacet
  facet normal 0 0.19507 0.980789
    outer loop
      vertex 182.25 89.6958 37.0996
      vertex 0 89.9844 37.0422
      vertex 0 89.6958 37.0996
    endloop
  endfacet
  facet normal -0 0.0851964 0.996364
    outer loop
      vertex 0 89.6958 37.0996
      vertex 182.25 89.4198 37.1232
      vertex 182.25 89.6958 37.0996
    endloop
  endfacet
  facet normal 0 0.0851964 0.996364
    outer loop
      vertex 182.25 89.4198 37.1232
      vertex 0 89.6958 37.0996
      vertex 0 89.4198 37.1232
    endloop
  endfacet
  facet normal 0 -0.0685786 0.997646
    outer loop
      vertex 0 89.4198 37.1232
      vertex 182.25 89.1594 37.1053
      vertex 182.25 89.4198 37.1232
    endloop
  endfacet
  facet normal 0 -0.0685786 0.997646
    outer loop
      vertex 182.25 89.1594 37.1053
      vertex 0 89.4198 37.1232
      vertex 0 89.1594 37.1053
    endloop
  endfacet
  facet normal 0 -0.255061 0.966925
    outer loop
      vertex 0 89.1594 37.1053
      vertex 182.25 88.9164 37.0412
      vertex 182.25 89.1594 37.1053
    endloop
  endfacet
  facet normal 0 -0.255061 0.966925
    outer loop
      vertex 182.25 88.9164 37.0412
      vertex 0 89.1594 37.1053
      vertex 0 88.9164 37.0412
    endloop
  endfacet
  facet normal 0 -0.445302 0.89538
    outer loop
      vertex 0 88.9164 37.0412
      vertex 182.25 88.6914 36.9293
      vertex 182.25 88.9164 37.0412
    endloop
  endfacet
  facet normal 0 -0.445302 0.89538
    outer loop
      vertex 182.25 88.6914 36.9293
      vertex 0 88.9164 37.0412
      vertex 0 88.6914 36.9293
    endloop
  endfacet
  facet normal 0 -0.60587 0.795564
    outer loop
      vertex 0 88.6914 36.9293
      vertex 182.25 88.4838 36.7712
      vertex 182.25 88.6914 36.9293
    endloop
  endfacet
  facet normal 0 -0.60587 0.795564
    outer loop
      vertex 182.25 88.4838 36.7712
      vertex 0 88.6914 36.9293
      vertex 0 88.4838 36.7712
    endloop
  endfacet
  facet normal 0 -0.720694 0.693253
    outer loop
      vertex 0 88.2918 36.5716
      vertex 182.25 88.4838 36.7712
      vertex 0 88.4838 36.7712
    endloop
  endfacet
  facet normal 0 -0.720694 0.693253
    outer loop
      vertex 182.25 88.4838 36.7712
      vertex 0 88.2918 36.5716
      vertex 182.25 88.2918 36.5716
    endloop
  endfacet
  facet normal 0 -0.792851 0.609415
    outer loop
      vertex 0 88.1124 36.3382
      vertex 182.25 88.2918 36.5716
      vertex 0 88.2918 36.5716
    endloop
  endfacet
  facet normal 0 -0.792851 0.609415
    outer loop
      vertex 182.25 88.2918 36.5716
      vertex 0 88.1124 36.3382
      vertex 182.25 88.1124 36.3382
    endloop
  endfacet
  facet normal 0 -0.833891 0.55193
    outer loop
      vertex 0 87.9421 36.0809
      vertex 182.25 88.1124 36.3382
      vertex 0 88.1124 36.3382
    endloop
  endfacet
  facet normal 0 -0.833891 0.55193
    outer loop
      vertex 182.25 88.1124 36.3382
      vertex 0 87.9421 36.0809
      vertex 182.25 87.9421 36.0809
    endloop
  endfacet
  facet normal 0 -0.852108 0.523366
    outer loop
      vertex 0 87.6108 35.5415
      vertex 182.25 87.9421 36.0809
      vertex 0 87.9421 36.0809
    endloop
  endfacet
  facet normal 0 -0.852108 0.523366
    outer loop
      vertex 182.25 87.9421 36.0809
      vertex 0 87.6108 35.5415
      vertex 182.25 87.6108 35.5415
    endloop
  endfacet
  facet normal 0 -0.833741 0.552155
    outer loop
      vertex 0 87.4404 35.2842
      vertex 182.25 87.6108 35.5415
      vertex 0 87.6108 35.5415
    endloop
  endfacet
  facet normal 0 -0.833741 0.552155
    outer loop
      vertex 182.25 87.6108 35.5415
      vertex 0 87.4404 35.2842
      vertex 182.25 87.4404 35.2842
    endloop
  endfacet
  facet normal 0 -0.793015 0.609202
    outer loop
      vertex 0 87.2611 35.0508
      vertex 182.25 87.4404 35.2842
      vertex 0 87.4404 35.2842
    endloop
  endfacet
  facet normal 0 -0.793015 0.609202
    outer loop
      vertex 182.25 87.4404 35.2842
      vertex 0 87.2611 35.0508
      vertex 182.25 87.2611 35.0508
    endloop
  endfacet
  facet normal 0 -0.720521 0.693433
    outer loop
      vertex 0 87.0691 34.8513
      vertex 182.25 87.2611 35.0508
      vertex 0 87.2611 35.0508
    endloop
  endfacet
  facet normal 0 -0.720521 0.693433
    outer loop
      vertex 182.25 87.2611 35.0508
      vertex 0 87.0691 34.8513
      vertex 182.25 87.0691 34.8513
    endloop
  endfacet
  facet normal 0 -0.606112 0.795379
    outer loop
      vertex 0 87.0691 34.8513
      vertex 182.25 86.8615 34.6931
      vertex 182.25 87.0691 34.8513
    endloop
  endfacet
  facet normal 0 -0.606112 0.795379
    outer loop
      vertex 182.25 86.8615 34.6931
      vertex 0 87.0691 34.8513
      vertex 0 86.8615 34.6931
    endloop
  endfacet
  facet normal 0 -0.445302 0.89538
    outer loop
      vertex 0 86.8615 34.6931
      vertex 182.25 86.6365 34.5812
      vertex 182.25 86.8615 34.6931
    endloop
  endfacet
  facet normal 0 -0.445302 0.89538
    outer loop
      vertex 182.25 86.6365 34.5812
      vertex 0 86.8615 34.6931
      vertex 0 86.6365 34.5812
    endloop
  endfacet
  facet normal 0 -0.351992 0.936003
    outer loop
      vertex 0 86.6365 34.5812
      vertex 182.25 80.4747 32.264
      vertex 182.25 86.6365 34.5812
    endloop
  endfacet
  facet normal 0 -0.351992 0.936003
    outer loop
      vertex 182.25 80.4747 32.264
      vertex 0 86.6365 34.5812
      vertex 0 80.4747 32.264
    endloop
  endfacet
  facet normal 0 -0.255061 0.966925
    outer loop
      vertex 0 80.4747 32.264
      vertex 182.25 80.2317 32.1999
      vertex 182.25 80.4747 32.264
    endloop
  endfacet
  facet normal 0 -0.255061 0.966925
    outer loop
      vertex 182.25 80.2317 32.1999
      vertex 0 80.4747 32.264
      vertex 0 80.2317 32.1999
    endloop
  endfacet
  facet normal 0 -0.0685786 0.997646
    outer loop
      vertex 0 80.2317 32.1999
      vertex 182.25 79.9713 32.182
      vertex 182.25 80.2317 32.1999
    endloop
  endfacet
  facet normal 0 -0.0685786 0.997646
    outer loop
      vertex 182.25 79.9713 32.182
      vertex 0 80.2317 32.1999
      vertex 0 79.9713 32.182
    endloop
  endfacet
  facet normal -0 0.0851964 0.996364
    outer loop
      vertex 0 79.9713 32.182
      vertex 182.25 79.6953 32.2056
      vertex 182.25 79.9713 32.182
    endloop
  endfacet
  facet normal 0 0.0851964 0.996364
    outer loop
      vertex 182.25 79.6953 32.2056
      vertex 0 79.9713 32.182
      vertex 0 79.6953 32.2056
    endloop
  endfacet
  facet normal -0 0.19507 0.980789
    outer loop
      vertex 0 79.6953 32.2056
      vertex 182.25 79.4067 32.263
      vertex 182.25 79.6953 32.2056
    endloop
  endfacet
  facet normal 0 0.19507 0.980789
    outer loop
      vertex 182.25 79.4067 32.263
      vertex 0 79.6953 32.2056
      vertex 0 79.4067 32.263
    endloop
  endfacet
  facet normal -0 0.263446 0.964674
    outer loop
      vertex 0 79.4067 32.263
      vertex 182.25 79.109 32.3443
      vertex 182.25 79.4067 32.263
    endloop
  endfacet
  facet normal 0 0.263446 0.964674
    outer loop
      vertex 182.25 79.109 32.3443
      vertex 0 79.4067 32.263
      vertex 0 79.109 32.3443
    endloop
  endfacet
  facet normal -0 0.295872 0.955227
    outer loop
      vertex 0 79.109 32.3443
      vertex 182.25 78.5043 32.5316
      vertex 182.25 79.109 32.3443
    endloop
  endfacet
  facet normal 0 0.295872 0.955227
    outer loop
      vertex 182.25 78.5043 32.5316
      vertex 0 79.109 32.3443
      vertex 0 78.5043 32.5316
    endloop
  endfacet
  facet normal -0 0.26383 0.964569
    outer loop
      vertex 0 78.5043 32.5316
      vertex 182.25 78.2067 32.613
      vertex 182.25 78.5043 32.5316
    endloop
  endfacet
  facet normal 0 0.26383 0.964569
    outer loop
      vertex 182.25 78.2067 32.613
      vertex 0 78.5043 32.5316
      vertex 0 78.2067 32.613
    endloop
  endfacet
  facet normal -0 0.194679 0.980867
    outer loop
      vertex 0 78.2067 32.613
      vertex 182.25 77.918 32.6703
      vertex 182.25 78.2067 32.613
    endloop
  endfacet
  facet normal 0 0.194679 0.980867
    outer loop
      vertex 182.25 77.918 32.6703
      vertex 0 78.2067 32.613
      vertex 0 77.918 32.6703
    endloop
  endfacet
  facet normal -0 0.0851964 0.996364
    outer loop
      vertex 0 77.918 32.6703
      vertex 182.25 77.642 32.6939
      vertex 182.25 77.918 32.6703
    endloop
  endfacet
  facet normal 0 0.0851964 0.996364
    outer loop
      vertex 182.25 77.642 32.6939
      vertex 0 77.918 32.6703
      vertex 0 77.642 32.6939
    endloop
  endfacet
  facet normal 0 -0.0686048 0.997644
    outer loop
      vertex 0 77.642 32.6939
      vertex 182.25 77.3817 32.676
      vertex 182.25 77.642 32.6939
    endloop
  endfacet
  facet normal 0 -0.0686048 0.997644
    outer loop
      vertex 182.25 77.3817 32.676
      vertex 0 77.642 32.6939
      vertex 0 77.3817 32.676
    endloop
  endfacet
  facet normal 0 -0.254689 0.967023
    outer loop
      vertex 0 77.3817 32.676
      vertex 182.25 77.1387 32.612
      vertex 182.25 77.3817 32.676
    endloop
  endfacet
  facet normal 0 -0.254689 0.967023
    outer loop
      vertex 182.25 77.1387 32.612
      vertex 0 77.3817 32.676
      vertex 0 77.1387 32.612
    endloop
  endfacet
  facet normal 0 -0.445621 0.895222
    outer loop
      vertex 0 77.1387 32.612
      vertex 182.25 76.9137 32.5
      vertex 182.25 77.1387 32.612
    endloop
  endfacet
  facet normal 0 -0.445621 0.895222
    outer loop
      vertex 182.25 76.9137 32.5
      vertex 0 77.1387 32.612
      vertex 0 76.9137 32.5
    endloop
  endfacet
  facet normal 0 -0.605685 0.795704
    outer loop
      vertex 0 76.9137 32.5
      vertex 182.25 76.706 32.3419
      vertex 182.25 76.9137 32.5
    endloop
  endfacet
  facet normal 0 -0.605685 0.795704
    outer loop
      vertex 182.25 76.706 32.3419
      vertex 0 76.9137 32.5
      vertex 0 76.706 32.3419
    endloop
  endfacet
  facet normal 0 -0.720694 0.693253
    outer loop
      vertex 0 76.514 32.1423
      vertex 182.25 76.706 32.3419
      vertex 0 76.706 32.3419
    endloop
  endfacet
  facet normal 0 -0.720694 0.693253
    outer loop
      vertex 182.25 76.706 32.3419
      vertex 0 76.514 32.1423
      vertex 182.25 76.514 32.1423
    endloop
  endfacet
  facet normal 0 -0.792889 0.609366
    outer loop
      vertex 0 76.3347 31.909
      vertex 182.25 76.514 32.1423
      vertex 0 76.514 32.1423
    endloop
  endfacet
  facet normal 0 -0.792889 0.609366
    outer loop
      vertex 182.25 76.514 32.1423
      vertex 0 76.3347 31.909
      vertex 182.25 76.3347 31.909
    endloop
  endfacet
  facet normal 0 -0.833741 0.552155
    outer loop
      vertex 0 76.1643 31.6517
      vertex 182.25 76.3347 31.909
      vertex 0 76.3347 31.909
    endloop
  endfacet
  facet normal 0 -0.833741 0.552155
    outer loop
      vertex 182.25 76.3347 31.909
      vertex 0 76.1643 31.6517
      vertex 182.25 76.1643 31.6517
    endloop
  endfacet
  facet normal 0 -0.852108 0.523366
    outer loop
      vertex 0 75.833 31.1123
      vertex 182.25 76.1643 31.6517
      vertex 0 76.1643 31.6517
    endloop
  endfacet
  facet normal 0 -0.852108 0.523366
    outer loop
      vertex 182.25 76.1643 31.6517
      vertex 0 75.833 31.1123
      vertex 182.25 75.833 31.1123
    endloop
  endfacet
  facet normal 0 -0.833891 0.55193
    outer loop
      vertex 0 75.6627 30.855
      vertex 182.25 75.833 31.1123
      vertex 0 75.833 31.1123
    endloop
  endfacet
  facet normal 0 -0.833891 0.55193
    outer loop
      vertex 182.25 75.833 31.1123
      vertex 0 75.6627 30.855
      vertex 182.25 75.6627 30.855
    endloop
  endfacet
  facet normal 0 -0.792851 0.609415
    outer loop
      vertex 0 75.4833 30.6216
      vertex 182.25 75.6627 30.855
      vertex 0 75.6627 30.855
    endloop
  endfacet
  facet normal 0 -0.792851 0.609415
    outer loop
      vertex 182.25 75.6627 30.855
      vertex 0 75.4833 30.6216
      vertex 182.25 75.4833 30.6216
    endloop
  endfacet
  facet normal 0 -0.720694 0.693253
    outer loop
      vertex 0 75.2913 30.422
      vertex 182.25 75.4833 30.6216
      vertex 0 75.4833 30.6216
    endloop
  endfacet
  facet normal 0 -0.720694 0.693253
    outer loop
      vertex 182.25 75.4833 30.6216
      vertex 0 75.2913 30.422
      vertex 182.25 75.2913 30.422
    endloop
  endfacet
  facet normal 0 -0.60587 0.795564
    outer loop
      vertex 0 75.2913 30.422
      vertex 182.25 75.0837 30.2639
      vertex 182.25 75.2913 30.422
    endloop
  endfacet
  facet normal 0 -0.60587 0.795564
    outer loop
      vertex 182.25 75.0837 30.2639
      vertex 0 75.2913 30.422
      vertex 0 75.0837 30.2639
    endloop
  endfacet
  facet normal 0 -0.445302 0.89538
    outer loop
      vertex 0 75.0837 30.2639
      vertex 182.25 74.8587 30.152
      vertex 182.25 75.0837 30.2639
    endloop
  endfacet
  facet normal 0 -0.445302 0.89538
    outer loop
      vertex 182.25 74.8587 30.152
      vertex 0 75.0837 30.2639
      vertex 0 74.8587 30.152
    endloop
  endfacet
  facet normal 0 -0.352001 0.936
    outer loop
      vertex 0 74.8587 30.152
      vertex 182.25 68.6968 27.8347
      vertex 182.25 74.8587 30.152
    endloop
  endfacet
  facet normal 0 -0.352001 0.936
    outer loop
      vertex 182.25 68.6968 27.8347
      vertex 0 74.8587 30.152
      vertex 0 68.6968 27.8347
    endloop
  endfacet
  facet normal 0 -0.255159 0.966899
    outer loop
      vertex 0 68.6968 27.8347
      vertex 182.25 68.4539 27.7706
      vertex 182.25 68.6968 27.8347
    endloop
  endfacet
  facet normal 0 -0.255159 0.966899
    outer loop
      vertex 182.25 68.4539 27.7706
      vertex 0 68.6968 27.8347
      vertex 0 68.4539 27.7706
    endloop
  endfacet
  facet normal 0 -0.0681972 0.997672
    outer loop
      vertex 0 68.4539 27.7706
      vertex 182.25 68.1935 27.7528
      vertex 182.25 68.4539 27.7706
    endloop
  endfacet
  facet normal 0 -0.0681972 0.997672
    outer loop
      vertex 182.25 68.1935 27.7528
      vertex 0 68.4539 27.7706
      vertex 0 68.1935 27.7528
    endloop
  endfacet
  facet normal -0 0.0848685 0.996392
    outer loop
      vertex 0 68.1935 27.7528
      vertex 182.25 67.9176 27.7763
      vertex 182.25 68.1935 27.7528
    endloop
  endfacet
  facet normal 0 0.0848685 0.996392
    outer loop
      vertex 182.25 67.9176 27.7763
      vertex 0 68.1935 27.7528
      vertex 0 67.9176 27.7763
    endloop
  endfacet
  facet normal -0 0.195005 0.980802
    outer loop
      vertex 0 67.9176 27.7763
      vertex 182.25 67.6289 27.8337
      vertex 182.25 67.9176 27.7763
    endloop
  endfacet
  facet normal 0 0.195005 0.980802
    outer loop
      vertex 182.25 67.6289 27.8337
      vertex 0 67.9176 27.7763
      vertex 0 67.6289 27.8337
    endloop
  endfacet
  facet normal -0 0.263446 0.964674
    outer loop
      vertex 0 67.6289 27.8337
      vertex 182.25 67.3312 27.915
      vertex 182.25 67.6289 27.8337
    endloop
  endfacet
  facet normal 0 0.263446 0.964674
    outer loop
      vertex 182.25 67.3312 27.915
      vertex 0 67.6289 27.8337
      vertex 0 67.3312 27.915
    endloop
  endfacet
  facet normal -0 0.296061 0.955169
    outer loop
      vertex 0 67.3312 27.915
      vertex 182.25 66.7266 28.1024
      vertex 182.25 67.3312 27.915
    endloop
  endfacet
  facet normal 0 0.296061 0.955169
    outer loop
      vertex 182.25 66.7266 28.1024
      vertex 0 67.3312 27.915
      vertex 0 66.7266 28.1024
    endloop
  endfacet
  facet normal -0 0.263446 0.964674
    outer loop
      vertex 0 66.7266 28.1024
      vertex 182.25 66.4289 28.1837
      vertex 182.25 66.7266 28.1024
    endloop
  endfacet
  facet normal 0 0.263446 0.964674
    outer loop
      vertex 182.25 66.4289 28.1837
      vertex 0 66.7266 28.1024
      vertex 0 66.4289 28.1837
    endloop
  endfacet
  facet normal -0 0.195005 0.980802
    outer loop
      vertex 0 66.4289 28.1837
      vertex 182.25 66.1402 28.2411
      vertex 182.25 66.4289 28.1837
    endloop
  endfacet
  facet normal 0 0.195005 0.980802
    outer loop
      vertex 182.25 66.1402 28.2411
      vertex 0 66.4289 28.1837
      vertex 0 66.1402 28.2411
    endloop
  endfacet
  facet normal -0 0.085227 0.996362
    outer loop
      vertex 0 66.1402 28.2411
      vertex 182.25 65.8643 28.2647
      vertex 182.25 66.1402 28.2411
    endloop
  endfacet
  facet normal 0 0.085227 0.996362
    outer loop
      vertex 182.25 65.8643 28.2647
      vertex 0 66.1402 28.2411
      vertex 0 65.8643 28.2647
    endloop
  endfacet
  facet normal 0 -0.0685786 0.997646
    outer loop
      vertex 0 65.8643 28.2647
      vertex 182.25 65.6039 28.2468
      vertex 182.25 65.8643 28.2647
    endloop
  endfacet
  facet normal 0 -0.0685786 0.997646
    outer loop
      vertex 182.25 65.6039 28.2468
      vertex 0 65.8643 28.2647
      vertex 0 65.6039 28.2468
    endloop
  endfacet
  facet normal 0 -0.255061 0.966925
    outer loop
      vertex 0 65.6039 28.2468
      vertex 182.25 65.3609 28.1827
      vertex 182.25 65.6039 28.2468
    endloop
  endfacet
  facet normal 0 -0.255061 0.966925
    outer loop
      vertex 182.25 65.3609 28.1827
      vertex 0 65.6039 28.2468
      vertex 0 65.3609 28.1827
    endloop
  endfacet
  facet normal 0 -0.445302 0.89538
    outer loop
      vertex 0 65.3609 28.1827
      vertex 182.25 65.1359 28.0708
      vertex 182.25 65.3609 28.1827
    endloop
  endfacet
  facet normal 0 -0.445302 0.89538
    outer loop
      vertex 182.25 65.1359 28.0708
      vertex 0 65.3609 28.1827
      vertex 0 65.1359 28.0708
    endloop
  endfacet
  facet normal 0 -0.60587 0.795564
    outer loop
      vertex 0 65.1359 28.0708
      vertex 182.25 64.9283 27.9127
      vertex 182.25 65.1359 28.0708
    endloop
  endfacet
  facet normal 0 -0.60587 0.795564
    outer loop
      vertex 182.25 64.9283 27.9127
      vertex 0 65.1359 28.0708
      vertex 0 64.9283 27.9127
    endloop
  endfacet
  facet normal 0 -0.720514 0.69344
    outer loop
      vertex 0 64.7362 27.7131
      vertex 182.25 64.9283 27.9127
      vertex 0 64.9283 27.9127
    endloop
  endfacet
  facet normal 0 -0.720514 0.69344
    outer loop
      vertex 182.25 64.9283 27.9127
      vertex 0 64.7362 27.7131
      vertex 182.25 64.7362 27.7131
    endloop
  endfacet
  facet normal 0 -0.793015 0.609202
    outer loop
      vertex 0 64.5569 27.4797
      vertex 182.25 64.7362 27.7131
      vertex 0 64.7362 27.7131
    endloop
  endfacet
  facet normal 0 -0.793015 0.609202
    outer loop
      vertex 182.25 64.7362 27.7131
      vertex 0 64.5569 27.4797
      vertex 182.25 64.5569 27.4797
    endloop
  endfacet
  facet normal 0 -0.833891 0.55193
    outer loop
      vertex 0 64.3866 27.2224
      vertex 182.25 64.5569 27.4797
      vertex 0 64.5569 27.4797
    endloop
  endfacet
  facet normal 0 -0.833891 0.55193
    outer loop
      vertex 182.25 64.5569 27.4797
      vertex 0 64.3866 27.2224
      vertex 182.25 64.3866 27.2224
    endloop
  endfacet
  facet normal 0 -0.852038 0.52348
    outer loop
      vertex 0 64.0552 26.683
      vertex 182.25 64.3866 27.2224
      vertex 0 64.3866 27.2224
    endloop
  endfacet
  facet normal 0 -0.852038 0.52348
    outer loop
      vertex 182.25 64.3866 27.2224
      vertex 0 64.0552 26.683
      vertex 182.25 64.0552 26.683
    endloop
  endfacet
  facet normal 0 -0.833891 0.55193
    outer loop
      vertex 0 63.8849 26.4257
      vertex 182.25 64.0552 26.683
      vertex 0 64.0552 26.683
    endloop
  endfacet
  facet normal 0 -0.833891 0.55193
    outer loop
      vertex 182.25 64.0552 26.683
      vertex 0 63.8849 26.4257
      vertex 182.25 63.8849 26.4257
    endloop
  endfacet
  facet normal 0 -0.793015 0.609202
    outer loop
      vertex 0 63.7056 26.1923
      vertex 182.25 63.8849 26.4257
      vertex 0 63.8849 26.4257
    endloop
  endfacet
  facet normal 0 -0.793015 0.609202
    outer loop
      vertex 182.25 63.8849 26.4257
      vertex 0 63.7056 26.1923
      vertex 182.25 63.7056 26.1923
    endloop
  endfacet
  facet normal 0 -0.72034 0.693621
    outer loop
      vertex 0 63.5135 25.9928
      vertex 182.25 63.7056 26.1923
      vertex 0 63.7056 26.1923
    endloop
  endfacet
  facet normal 0 -0.72034 0.693621
    outer loop
      vertex 182.25 63.7056 26.1923
      vertex 0 63.5135 25.9928
      vertex 182.25 63.5135 25.9928
    endloop
  endfacet
  facet normal 0 -0.606112 0.795379
    outer loop
      vertex 0 63.5135 25.9928
      vertex 182.25 63.3059 25.8346
      vertex 182.25 63.5135 25.9928
    endloop
  endfacet
  facet normal 0 -0.606112 0.795379
    outer loop
      vertex 182.25 63.3059 25.8346
      vertex 0 63.5135 25.9928
      vertex 0 63.3059 25.8346
    endloop
  endfacet
  facet normal 0 -0.445142 0.89546
    outer loop
      vertex 0 63.3059 25.8346
      vertex 182.25 63.081 25.7228
      vertex 182.25 63.3059 25.8346
    endloop
  endfacet
  facet normal 0 -0.445142 0.89546
    outer loop
      vertex 182.25 63.081 25.7228
      vertex 0 63.3059 25.8346
      vertex 0 63.081 25.7228
    endloop
  endfacet
  facet normal 0 -0.352001 0.936
    outer loop
      vertex 0 63.081 25.7228
      vertex 182.25 56.9191 23.4055
      vertex 182.25 63.081 25.7228
    endloop
  endfacet
  facet normal 0 -0.352001 0.936
    outer loop
      vertex 182.25 56.9191 23.4055
      vertex 0 63.081 25.7228
      vertex 0 56.9191 23.4055
    endloop
  endfacet
  facet normal 0 -0.255061 0.966925
    outer loop
      vertex 0 56.9191 23.4055
      vertex 182.25 56.6761 23.3414
      vertex 182.25 56.9191 23.4055
    endloop
  endfacet
  facet normal 0 -0.255061 0.966925
    outer loop
      vertex 182.25 56.6761 23.3414
      vertex 0 56.9191 23.4055
      vertex 0 56.6761 23.3414
    endloop
  endfacet
  facet normal 0 -0.0685786 0.997646
    outer loop
      vertex 0 56.6761 23.3414
      vertex 182.25 56.4157 23.3235
      vertex 182.25 56.6761 23.3414
    endloop
  endfacet
  facet normal 0 -0.0685786 0.997646
    outer loop
      vertex 182.25 56.4157 23.3235
      vertex 0 56.6761 23.3414
      vertex 0 56.4157 23.3235
    endloop
  endfacet
  facet normal -0 0.085227 0.996362
    outer loop
      vertex 0 56.4157 23.3235
      vertex 182.25 56.1398 23.3471
      vertex 182.25 56.4157 23.3235
    endloop
  endfacet
  facet normal 0 0.085227 0.996362
    outer loop
      vertex 182.25 56.1398 23.3471
      vertex 0 56.4157 23.3235
      vertex 0 56.1398 23.3471
    endloop
  endfacet
  facet normal -0 0.195005 0.980802
    outer loop
      vertex 0 56.1398 23.3471
      vertex 182.25 55.8511 23.4045
      vertex 182.25 56.1398 23.3471
    endloop
  endfacet
  facet normal 0 0.195005 0.980802
    outer loop
      vertex 182.25 55.8511 23.4045
      vertex 0 56.1398 23.3471
      vertex 0 55.8511 23.4045
    endloop
  endfacet
  facet normal -0 0.263446 0.964674
    outer loop
      vertex 0 55.8511 23.4045
      vertex 182.25 55.5534 23.4858
      vertex 182.25 55.8511 23.4045
    endloop
  endfacet
  facet normal 0 0.263446 0.964674
    outer loop
      vertex 182.25 55.5534 23.4858
      vertex 0 55.8511 23.4045
      vertex 0 55.5534 23.4858
    endloop
  endfacet
  facet normal -0 0.296061 0.955169
    outer loop
      vertex 0 55.5534 23.4858
      vertex 182.25 54.9488 23.6732
      vertex 182.25 55.5534 23.4858
    endloop
  endfacet
  facet normal 0 0.296061 0.955169
    outer loop
      vertex 182.25 54.9488 23.6732
      vertex 0 55.5534 23.4858
      vertex 0 54.9488 23.6732
    endloop
  endfacet
  facet normal -0 0.263446 0.964674
    outer loop
      vertex 0 54.9488 23.6732
      vertex 182.25 54.6511 23.7545
      vertex 182.25 54.9488 23.6732
    endloop
  endfacet
  facet normal 0 0.263446 0.964674
    outer loop
      vertex 182.25 54.6511 23.7545
      vertex 0 54.9488 23.6732
      vertex 0 54.6511 23.7545
    endloop
  endfacet
  facet normal -0 0.194679 0.980867
    outer loop
      vertex 0 54.6511 23.7545
      vertex 182.25 54.3624 23.8118
      vertex 182.25 54.6511 23.7545
    endloop
  endfacet
  facet normal 0 0.194679 0.980867
    outer loop
      vertex 182.25 54.3624 23.8118
      vertex 0 54.6511 23.7545
      vertex 0 54.3624 23.8118
    endloop
  endfacet
  facet normal -0 0.085227 0.996362
    outer loop
      vertex 0 54.3624 23.8118
      vertex 182.25 54.0865 23.8354
      vertex 182.25 54.3624 23.8118
    endloop
  endfacet
  facet normal 0 0.085227 0.996362
    outer loop
      vertex 182.25 54.0865 23.8354
      vertex 0 54.3624 23.8118
      vertex 0 54.0865 23.8354
    endloop
  endfacet
  facet normal 0 -0.0681972 0.997672
    outer loop
      vertex 0 54.0865 23.8354
      vertex 182.25 53.8261 23.8176
      vertex 182.25 54.0865 23.8354
    endloop
  endfacet
  facet normal 0 -0.0681972 0.997672
    outer loop
      vertex 182.25 53.8261 23.8176
      vertex 0 54.0865 23.8354
      vertex 0 53.8261 23.8176
    endloop
  endfacet
  facet normal 0 -0.255061 0.966925
    outer loop
      vertex 0 53.8261 23.8176
      vertex 182.25 53.5831 23.7535
      vertex 182.25 53.8261 23.8176
    endloop
  endfacet
  facet normal 0 -0.255061 0.966925
    outer loop
      vertex 182.25 53.5831 23.7535
      vertex 0 53.8261 23.8176
      vertex 0 53.5831 23.7535
    endloop
  endfacet
  facet normal 0 -0.445621 0.895222
    outer loop
      vertex 0 53.5831 23.7535
      vertex 182.25 53.3581 23.6415
      vertex 182.25 53.5831 23.7535
    endloop
  endfacet
  facet normal 0 -0.445621 0.895222
    outer loop
      vertex 182.25 53.3581 23.6415
      vertex 0 53.5831 23.7535
      vertex 0 53.3581 23.6415
    endloop
  endfacet
  facet normal 0 -0.60587 0.795564
    outer loop
      vertex 0 53.3581 23.6415
      vertex 182.25 53.1505 23.4834
      vertex 182.25 53.3581 23.6415
    endloop
  endfacet
  facet normal 0 -0.60587 0.795564
    outer loop
      vertex 182.25 53.1505 23.4834
      vertex 0 53.3581 23.6415
      vertex 0 53.1505 23.4834
    endloop
  endfacet
  facet normal 0 -0.720514 0.69344
    outer loop
      vertex 0 52.9584 23.2838
      vertex 182.25 53.1505 23.4834
      vertex 0 53.1505 23.4834
    endloop
  endfacet
  facet normal 0 -0.720514 0.69344
    outer loop
      vertex 182.25 53.1505 23.4834
      vertex 0 52.9584 23.2838
      vertex 182.25 52.9584 23.2838
    endloop
  endfacet
  facet normal 0 -0.792889 0.609366
    outer loop
      vertex 0 52.7791 23.0505
      vertex 182.25 52.9584 23.2838
      vertex 0 52.9584 23.2838
    endloop
  endfacet
  facet normal 0 -0.792889 0.609366
    outer loop
      vertex 182.25 52.9584 23.2838
      vertex 0 52.7791 23.0505
      vertex 182.25 52.7791 23.0505
    endloop
  endfacet
  facet normal 0 -0.833891 0.55193
    outer loop
      vertex 0 52.6088 22.7932
      vertex 182.25 52.7791 23.0505
      vertex 0 52.7791 23.0505
    endloop
  endfacet
  facet normal 0 -0.833891 0.55193
    outer loop
      vertex 182.25 52.7791 23.0505
      vertex 0 52.6088 22.7932
      vertex 182.25 52.6088 22.7932
    endloop
  endfacet
  facet normal 0 -0.852038 0.52348
    outer loop
      vertex 0 52.2774 22.2538
      vertex 182.25 52.6088 22.7932
      vertex 0 52.6088 22.7932
    endloop
  endfacet
  facet normal 0 -0.852038 0.52348
    outer loop
      vertex 182.25 52.6088 22.7932
      vertex 0 52.2774 22.2538
      vertex 182.25 52.2774 22.2538
    endloop
  endfacet
  facet normal 0 -0.833891 0.55193
    outer loop
      vertex 0 52.1071 21.9965
      vertex 182.25 52.2774 22.2538
      vertex 0 52.2774 22.2538
    endloop
  endfacet
  facet normal 0 -0.833891 0.55193
    outer loop
      vertex 182.25 52.2774 22.2538
      vertex 0 52.1071 21.9965
      vertex 182.25 52.1071 21.9965
    endloop
  endfacet
  facet normal 0 -0.793015 0.609202
    outer loop
      vertex 0 51.9278 21.7631
      vertex 182.25 52.1071 21.9965
      vertex 0 52.1071 21.9965
    endloop
  endfacet
  facet normal 0 -0.793015 0.609202
    outer loop
      vertex 182.25 52.1071 21.9965
      vertex 0 51.9278 21.7631
      vertex 182.25 51.9278 21.7631
    endloop
  endfacet
  facet normal 0 -0.720514 0.69344
    outer loop
      vertex 0 51.7357 21.5635
      vertex 182.25 51.9278 21.7631
      vertex 0 51.9278 21.7631
    endloop
  endfacet
  facet normal 0 -0.720514 0.69344
    outer loop
      vertex 182.25 51.9278 21.7631
      vertex 0 51.7357 21.5635
      vertex 182.25 51.7357 21.5635
    endloop
  endfacet
  facet normal 0 -0.60587 0.795564
    outer loop
      vertex 0 51.7357 21.5635
      vertex 182.25 51.5281 21.4054
      vertex 182.25 51.7357 21.5635
    endloop
  endfacet
  facet normal 0 -0.60587 0.795564
    outer loop
      vertex 182.25 51.5281 21.4054
      vertex 0 51.7357 21.5635
      vertex 0 51.5281 21.4054
    endloop
  endfacet
  facet normal 0 -0.445302 0.89538
    outer loop
      vertex 0 51.5281 21.4054
      vertex 182.25 51.3031 21.2935
      vertex 182.25 51.5281 21.4054
    endloop
  endfacet
  facet normal 0 -0.445302 0.89538
    outer loop
      vertex 182.25 51.3031 21.2935
      vertex 0 51.5281 21.4054
      vertex 0 51.3031 21.2935
    endloop
  endfacet
  facet normal 0 -0.352006 0.935998
    outer loop
      vertex 0 51.3031 21.2935
      vertex 182.25 45.1413 18.9762
      vertex 182.25 51.3031 21.2935
    endloop
  endfacet
  facet normal 0 -0.352006 0.935998
    outer loop
      vertex 182.25 45.1413 18.9762
      vertex 0 51.3031 21.2935
      vertex 0 45.1413 18.9762
    endloop
  endfacet
  facet normal 0 -0.255061 0.966925
    outer loop
      vertex 0 45.1413 18.9762
      vertex 182.25 44.8983 18.9121
      vertex 182.25 45.1413 18.9762
    endloop
  endfacet
  facet normal 0 -0.255061 0.966925
    outer loop
      vertex 182.25 44.8983 18.9121
      vertex 0 45.1413 18.9762
      vertex 0 44.8983 18.9121
    endloop
  endfacet
  facet normal 0 -0.0682233 0.99767
    outer loop
      vertex 0 44.8983 18.9121
      vertex 182.25 44.638 18.8943
      vertex 182.25 44.8983 18.9121
    endloop
  endfacet
  facet normal 0 -0.0682233 0.99767
    outer loop
      vertex 182.25 44.638 18.8943
      vertex 0 44.8983 18.9121
      vertex 0 44.638 18.8943
    endloop
  endfacet
  facet normal -0 0.084838 0.996395
    outer loop
      vertex 0 44.638 18.8943
      vertex 182.25 44.362 18.9178
      vertex 182.25 44.638 18.8943
    endloop
  endfacet
  facet normal 0 0.084838 0.996395
    outer loop
      vertex 182.25 44.362 18.9178
      vertex 0 44.638 18.8943
      vertex 0 44.362 18.9178
    endloop
  endfacet
  facet normal -0 0.195005 0.980802
    outer loop
      vertex 0 44.362 18.9178
      vertex 182.25 44.0733 18.9752
      vertex 182.25 44.362 18.9178
    endloop
  endfacet
  facet normal 0 0.195005 0.980802
    outer loop
      vertex 182.25 44.0733 18.9752
      vertex 0 44.362 18.9178
      vertex 0 44.0733 18.9752
    endloop
  endfacet
  facet normal -0 0.263529 0.964652
    outer loop
      vertex 0 44.0733 18.9752
      vertex 182.25 43.7757 19.0565
      vertex 182.25 44.0733 18.9752
    endloop
  endfacet
  facet normal 0 0.263529 0.964652
    outer loop
      vertex 182.25 43.7757 19.0565
      vertex 0 44.0733 18.9752
      vertex 0 43.7757 19.0565
    endloop
  endfacet
  facet normal -0 0.296017 0.955183
    outer loop
      vertex 0 43.7757 19.0565
      vertex 182.25 43.171 19.2439
      vertex 182.25 43.7757 19.0565
    endloop
  endfacet
  facet normal 0 0.296017 0.955183
    outer loop
      vertex 182.25 43.171 19.2439
      vertex 0 43.7757 19.0565
      vertex 0 43.171 19.2439
    endloop
  endfacet
  facet normal -0 0.263446 0.964674
    outer loop
      vertex 0 43.171 19.2439
      vertex 182.25 42.8733 19.3252
      vertex 182.25 43.171 19.2439
    endloop
  endfacet
  facet normal 0 0.263446 0.964674
    outer loop
      vertex 182.25 42.8733 19.3252
      vertex 0 43.171 19.2439
      vertex 0 42.8733 19.3252
    endloop
  endfacet
  facet normal -0 0.19507 0.980789
    outer loop
      vertex 0 42.8733 19.3252
      vertex 182.25 42.5847 19.3826
      vertex 182.25 42.8733 19.3252
    endloop
  endfacet
  facet normal 0 0.19507 0.980789
    outer loop
      vertex 182.25 42.5847 19.3826
      vertex 0 42.8733 19.3252
      vertex 0 42.5847 19.3826
    endloop
  endfacet
  facet normal -0 0.0851964 0.996364
    outer loop
      vertex 0 42.5847 19.3826
      vertex 182.25 42.3087 19.4062
      vertex 182.25 42.5847 19.3826
    endloop
  endfacet
  facet normal 0 0.0851964 0.996364
    outer loop
      vertex 182.25 42.3087 19.4062
      vertex 0 42.5847 19.3826
      vertex 0 42.3087 19.4062
    endloop
  endfacet
  facet normal 0 -0.0685786 0.997646
    outer loop
      vertex 0 42.3087 19.4062
      vertex 182.25 42.0483 19.3883
      vertex 182.25 42.3087 19.4062
    endloop
  endfacet
  facet normal 0 -0.0685786 0.997646
    outer loop
      vertex 182.25 42.0483 19.3883
      vertex 0 42.3087 19.4062
      vertex 0 42.0483 19.3883
    endloop
  endfacet
  facet normal 0 -0.255061 0.966925
    outer loop
      vertex 0 42.0483 19.3883
      vertex 182.25 41.8053 19.3242
      vertex 182.25 42.0483 19.3883
    endloop
  endfacet
  facet normal 0 -0.255061 0.966925
    outer loop
      vertex 182.25 41.8053 19.3242
      vertex 0 42.0483 19.3883
      vertex 0 41.8053 19.3242
    endloop
  endfacet
  facet normal 0 -0.445302 0.89538
    outer loop
      vertex 0 41.8053 19.3242
      vertex 182.25 41.5803 19.2123
      vertex 182.25 41.8053 19.3242
    endloop
  endfacet
  facet normal 0 -0.445302 0.89538
    outer loop
      vertex 182.25 41.5803 19.2123
      vertex 0 41.8053 19.3242
      vertex 0 41.5803 19.2123
    endloop
  endfacet
  facet normal 0 -0.60587 0.795564
    outer loop
      vertex 0 41.5803 19.2123
      vertex 182.25 41.3727 19.0542
      vertex 182.25 41.5803 19.2123
    endloop
  endfacet
  facet normal 0 -0.60587 0.795564
    outer loop
      vertex 182.25 41.3727 19.0542
      vertex 0 41.5803 19.2123
      vertex 0 41.3727 19.0542
    endloop
  endfacet
  facet normal 0 -0.720514 0.69344
    outer loop
      vertex 0 41.1806 18.8546
      vertex 182.25 41.3727 19.0542
      vertex 0 41.3727 19.0542
    endloop
  endfacet
  facet normal 0 -0.720514 0.69344
    outer loop
      vertex 182.25 41.3727 19.0542
      vertex 0 41.1806 18.8546
      vertex 182.25 41.1806 18.8546
    endloop
  endfacet
  facet normal 0 -0.793015 0.609202
    outer loop
      vertex 0 41.0013 18.6212
      vertex 182.25 41.1806 18.8546
      vertex 0 41.1806 18.8546
    endloop
  endfacet
  facet normal 0 -0.793015 0.609202
    outer loop
      vertex 182.25 41.1806 18.8546
      vertex 0 41.0013 18.6212
      vertex 182.25 41.0013 18.6212
    endloop
  endfacet
  facet normal 0 -0.833891 0.55193
    outer loop
      vertex 0 40.831 18.3639
      vertex 182.25 41.0013 18.6212
      vertex 0 41.0013 18.6212
    endloop
  endfacet
  facet normal 0 -0.833891 0.55193
    outer loop
      vertex 182.25 41.0013 18.6212
      vertex 0 40.831 18.3639
      vertex 182.25 40.831 18.3639
    endloop
  endfacet
  facet normal 0 -0.852108 0.523366
    outer loop
      vertex 0 40.4997 17.8245
      vertex 182.25 40.831 18.3639
      vertex 0 40.831 18.3639
    endloop
  endfacet
  facet normal 0 -0.852108 0.523366
    outer loop
      vertex 182.25 40.831 18.3639
      vertex 0 40.4997 17.8245
      vertex 182.25 40.4997 17.8245
    endloop
  endfacet
  facet normal 0 -0.833741 0.552155
    outer loop
      vertex 0 40.3293 17.5672
      vertex 182.25 40.4997 17.8245
      vertex 0 40.4997 17.8245
    endloop
  endfacet
  facet normal 0 -0.833741 0.552155
    outer loop
      vertex 182.25 40.4997 17.8245
      vertex 0 40.3293 17.5672
      vertex 182.25 40.3293 17.5672
    endloop
  endfacet
  facet normal 0 -0.793015 0.609202
    outer loop
      vertex 0 40.15 17.3338
      vertex 182.25 40.3293 17.5672
      vertex 0 40.3293 17.5672
    endloop
  endfacet
  facet normal 0 -0.793015 0.609202
    outer loop
      vertex 182.25 40.3293 17.5672
      vertex 0 40.15 17.3338
      vertex 182.25 40.15 17.3338
    endloop
  endfacet
  facet normal 0 -0.720521 0.693433
    outer loop
      vertex 0 39.958 17.1343
      vertex 182.25 40.15 17.3338
      vertex 0 40.15 17.3338
    endloop
  endfacet
  facet normal 0 -0.720521 0.693433
    outer loop
      vertex 182.25 40.15 17.3338
      vertex 0 39.958 17.1343
      vertex 182.25 39.958 17.1343
    endloop
  endfacet
  facet normal 0 -0.605928 0.79552
    outer loop
      vertex 0 39.958 17.1343
      vertex 182.25 39.7503 16.9761
      vertex 182.25 39.958 17.1343
    endloop
  endfacet
  facet normal 0 -0.605928 0.79552
    outer loop
      vertex 182.25 39.7503 16.9761
      vertex 0 39.958 17.1343
      vertex 0 39.7503 16.9761
    endloop
  endfacet
  facet normal 0 -0.445302 0.89538
    outer loop
      vertex 0 39.7503 16.9761
      vertex 182.25 39.5253 16.8642
      vertex 182.25 39.7503 16.9761
    endloop
  endfacet
  facet normal 0 -0.445302 0.89538
    outer loop
      vertex 182.25 39.5253 16.8642
      vertex 0 39.7503 16.9761
      vertex 0 39.5253 16.8642
    endloop
  endfacet
  facet normal 0 -0.351992 0.936003
    outer loop
      vertex 0 39.5253 16.8642
      vertex 182.25 33.3635 14.547
      vertex 182.25 39.5253 16.8642
    endloop
  endfacet
  facet normal 0 -0.351992 0.936003
    outer loop
      vertex 182.25 33.3635 14.547
      vertex 0 39.5253 16.8642
      vertex 0 33.3635 14.547
    endloop
  endfacet
  facet normal 0 -0.255159 0.966899
    outer loop
      vertex 0 33.3635 14.547
      vertex 182.25 33.1206 14.4829
      vertex 182.25 33.3635 14.547
    endloop
  endfacet
  facet normal 0 -0.255159 0.966899
    outer loop
      vertex 182.25 33.1206 14.4829
      vertex 0 33.3635 14.547
      vertex 0 33.1206 14.4829
    endloop
  endfacet
  facet normal 0 -0.0685786 0.997646
    outer loop
      vertex 0 33.1206 14.4829
      vertex 182.25 32.8602 14.465
      vertex 182.25 33.1206 14.4829
    endloop
  endfacet
  facet normal 0 -0.0685786 0.997646
    outer loop
      vertex 182.25 32.8602 14.465
      vertex 0 33.1206 14.4829
      vertex 0 32.8602 14.465
    endloop
  endfacet
  facet normal -0 0.0851964 0.996364
    outer loop
      vertex 0 32.8602 14.465
      vertex 182.25 32.5842 14.4886
      vertex 182.25 32.8602 14.465
    endloop
  endfacet
  facet normal 0 0.0851964 0.996364
    outer loop
      vertex 182.25 32.5842 14.4886
      vertex 0 32.8602 14.465
      vertex 0 32.5842 14.4886
    endloop
  endfacet
  facet normal -0 0.195005 0.980802
    outer loop
      vertex 0 32.5842 14.4886
      vertex 182.25 32.2955 14.546
      vertex 182.25 32.5842 14.4886
    endloop
  endfacet
  facet normal 0 0.195005 0.980802
    outer loop
      vertex 182.25 32.2955 14.546
      vertex 0 32.5842 14.4886
      vertex 0 32.2955 14.546
    endloop
  endfacet
  facet normal -0 0.263529 0.964652
    outer loop
      vertex 0 32.2955 14.546
      vertex 182.25 31.9979 14.6273
      vertex 182.25 32.2955 14.546
    endloop
  endfacet
  facet normal 0 0.263529 0.964652
    outer loop
      vertex 182.25 31.9979 14.6273
      vertex 0 32.2955 14.546
      vertex 0 31.9979 14.6273
    endloop
  endfacet
  facet normal -0 0.296017 0.955183
    outer loop
      vertex 0 31.9979 14.6273
      vertex 182.25 31.3932 14.8147
      vertex 182.25 31.9979 14.6273
    endloop
  endfacet
  facet normal 0 0.296017 0.955183
    outer loop
      vertex 182.25 31.3932 14.8147
      vertex 0 31.9979 14.6273
      vertex 0 31.3932 14.8147
    endloop
  endfacet
  facet normal -0 0.263529 0.964652
    outer loop
      vertex 0 31.3932 14.8147
      vertex 182.25 31.0956 14.896
      vertex 182.25 31.3932 14.8147
    endloop
  endfacet
  facet normal 0 0.263529 0.964652
    outer loop
      vertex 182.25 31.0956 14.896
      vertex 0 31.3932 14.8147
      vertex 0 31.0956 14.896
    endloop
  endfacet
  facet normal -0 0.195005 0.980802
    outer loop
      vertex 0 31.0956 14.896
      vertex 182.25 30.8069 14.9534
      vertex 182.25 31.0956 14.896
    endloop
  endfacet
  facet normal 0 0.195005 0.980802
    outer loop
      vertex 182.25 30.8069 14.9534
      vertex 0 31.0956 14.896
      vertex 0 30.8069 14.9534
    endloop
  endfacet
  facet normal -0 0.084838 0.996395
    outer loop
      vertex 0 30.8069 14.9534
      vertex 182.25 30.5309 14.9769
      vertex 182.25 30.8069 14.9534
    endloop
  endfacet
  facet normal 0 0.084838 0.996395
    outer loop
      vertex 182.25 30.5309 14.9769
      vertex 0 30.8069 14.9534
      vertex 0 30.5309 14.9769
    endloop
  endfacet
  facet normal 0 -0.0685786 0.997646
    outer loop
      vertex 0 30.5309 14.9769
      vertex 182.25 30.2705 14.959
      vertex 182.25 30.5309 14.9769
    endloop
  endfacet
  facet normal 0 -0.0685786 0.997646
    outer loop
      vertex 182.25 30.2705 14.959
      vertex 0 30.5309 14.9769
      vertex 0 30.2705 14.959
    endloop
  endfacet
  facet normal 0 -0.254689 0.967023
    outer loop
      vertex 0 30.2705 14.959
      vertex 182.25 30.0275 14.895
      vertex 182.25 30.2705 14.959
    endloop
  endfacet
  facet normal 0 -0.254689 0.967023
    outer loop
      vertex 182.25 30.0275 14.895
      vertex 0 30.2705 14.959
      vertex 0 30.0275 14.895
    endloop
  endfacet
  facet normal 0 -0.445461 0.895301
    outer loop
      vertex 0 30.0275 14.895
      vertex 182.25 29.8026 14.7831
      vertex 182.25 30.0275 14.895
    endloop
  endfacet
  facet normal 0 -0.445461 0.895301
    outer loop
      vertex 182.25 29.8026 14.7831
      vertex 0 30.0275 14.895
      vertex 0 29.8026 14.7831
    endloop
  endfacet
  facet normal 0 -0.605928 0.79552
    outer loop
      vertex 0 29.8026 14.7831
      vertex 182.25 29.5949 14.6249
      vertex 182.25 29.8026 14.7831
    endloop
  endfacet
  facet normal 0 -0.605928 0.79552
    outer loop
      vertex 182.25 29.5949 14.6249
      vertex 0 29.8026 14.7831
      vertex 0 29.5949 14.6249
    endloop
  endfacet
  facet normal 0 -0.720521 0.693433
    outer loop
      vertex 0 29.4029 14.4254
      vertex 182.25 29.5949 14.6249
      vertex 0 29.5949 14.6249
    endloop
  endfacet
  facet normal 0 -0.720521 0.693433
    outer loop
      vertex 182.25 29.5949 14.6249
      vertex 0 29.4029 14.4254
      vertex 182.25 29.4029 14.4254
    endloop
  endfacet
  facet normal 0 -0.792851 0.609415
    outer loop
      vertex 0 29.2235 14.192
      vertex 182.25 29.4029 14.4254
      vertex 0 29.4029 14.4254
    endloop
  endfacet
  facet normal 0 -0.792851 0.609415
    outer loop
      vertex 182.25 29.4029 14.4254
      vertex 0 29.2235 14.192
      vertex 182.25 29.2235 14.192
    endloop
  endfacet
  facet normal 0 -0.833891 0.55193
    outer loop
      vertex 0 29.0532 13.9347
      vertex 182.25 29.2235 14.192
      vertex 0 29.2235 14.192
    endloop
  endfacet
  facet normal 0 -0.833891 0.55193
    outer loop
      vertex 182.25 29.2235 14.192
      vertex 0 29.0532 13.9347
      vertex 182.25 29.0532 13.9347
    endloop
  endfacet
  facet normal 0 -0.852108 0.523366
    outer loop
      vertex 0 28.7219 13.3953
      vertex 182.25 29.0532 13.9347
      vertex 0 29.0532 13.9347
    endloop
  endfacet
  facet normal 0 -0.852108 0.523366
    outer loop
      vertex 182.25 29.0532 13.9347
      vertex 0 28.7219 13.3953
      vertex 182.25 28.7219 13.3953
    endloop
  endfacet
  facet normal 0 -0.833741 0.552155
    outer loop
      vertex 0 28.5515 13.138
      vertex 182.25 28.7219 13.3953
      vertex 0 28.7219 13.3953
    endloop
  endfacet
  facet normal 0 -0.833741 0.552155
    outer loop
      vertex 182.25 28.7219 13.3953
      vertex 0 28.5515 13.138
      vertex 182.25 28.5515 13.138
    endloop
  endfacet
  facet normal 0 -0.793015 0.609202
    outer loop
      vertex 0 28.3722 12.9046
      vertex 182.25 28.5515 13.138
      vertex 0 28.5515 13.138
    endloop
  endfacet
  facet normal 0 -0.793015 0.609202
    outer loop
      vertex 182.25 28.5515 13.138
      vertex 0 28.3722 12.9046
      vertex 182.25 28.3722 12.9046
    endloop
  endfacet
  facet normal 0 -0.720694 0.693253
    outer loop
      vertex 0 28.1802 12.705
      vertex 182.25 28.3722 12.9046
      vertex 0 28.3722 12.9046
    endloop
  endfacet
  facet normal 0 -0.720694 0.693253
    outer loop
      vertex 182.25 28.3722 12.9046
      vertex 0 28.1802 12.705
      vertex 182.25 28.1802 12.705
    endloop
  endfacet
  facet normal 0 -0.605685 0.795704
    outer loop
      vertex 0 28.1802 12.705
      vertex 182.25 27.9725 12.5469
      vertex 182.25 28.1802 12.705
    endloop
  endfacet
  facet normal 0 -0.605685 0.795704
    outer loop
      vertex 182.25 27.9725 12.5469
      vertex 0 28.1802 12.705
      vertex 0 27.9725 12.5469
    endloop
  endfacet
  facet normal 0 -0.445461 0.895301
    outer loop
      vertex 0 27.9725 12.5469
      vertex 182.25 27.7476 12.435
      vertex 182.25 27.9725 12.5469
    endloop
  endfacet
  facet normal 0 -0.445461 0.895301
    outer loop
      vertex 182.25 27.7476 12.435
      vertex 0 27.9725 12.5469
      vertex 0 27.7476 12.435
    endloop
  endfacet
  facet normal 0 -0.352001 0.936
    outer loop
      vertex 0 27.7476 12.435
      vertex 182.25 21.5857 10.1177
      vertex 182.25 27.7476 12.435
    endloop
  endfacet
  facet normal 0 -0.352001 0.936
    outer loop
      vertex 182.25 21.5857 10.1177
      vertex 0 27.7476 12.435
      vertex 0 21.5857 10.1177
    endloop
  endfacet
  facet normal 0 -0.255159 0.966899
    outer loop
      vertex 0 21.5857 10.1177
      vertex 182.25 21.3428 10.0536
      vertex 182.25 21.5857 10.1177
    endloop
  endfacet
  facet normal 0 -0.255159 0.966899
    outer loop
      vertex 182.25 21.3428 10.0536
      vertex 0 21.5857 10.1177
      vertex 0 21.3428 10.0536
    endloop
  endfacet
  facet normal 0 -0.0681972 0.997672
    outer loop
      vertex 0 21.3428 10.0536
      vertex 182.25 21.0824 10.0358
      vertex 182.25 21.3428 10.0536
    endloop
  endfacet
  facet normal 0 -0.0681972 0.997672
    outer loop
      vertex 182.25 21.0824 10.0358
      vertex 0 21.3428 10.0536
      vertex 0 21.0824 10.0358
    endloop
  endfacet
  facet normal -0 0.084838 0.996395
    outer loop
      vertex 0 21.0824 10.0358
      vertex 182.25 20.8064 10.0593
      vertex 182.25 21.0824 10.0358
    endloop
  endfacet
  facet normal 0 0.084838 0.996395
    outer loop
      vertex 182.25 20.8064 10.0593
      vertex 0 21.0824 10.0358
      vertex 0 20.8064 10.0593
    endloop
  endfacet
  facet normal -0 0.19507 0.980789
    outer loop
      vertex 0 20.8064 10.0593
      vertex 182.25 20.5178 10.1167
      vertex 182.25 20.8064 10.0593
    endloop
  endfacet
  facet normal 0 0.19507 0.980789
    outer loop
      vertex 182.25 20.5178 10.1167
      vertex 0 20.8064 10.0593
      vertex 0 20.5178 10.1167
    endloop
  endfacet
  facet normal -0 0.263446 0.964674
    outer loop
      vertex 0 20.5178 10.1167
      vertex 182.25 20.2201 10.198
      vertex 182.25 20.5178 10.1167
    endloop
  endfacet
  facet normal 0 0.263446 0.964674
    outer loop
      vertex 182.25 20.2201 10.198
      vertex 0 20.5178 10.1167
      vertex 0 20.2201 10.198
    endloop
  endfacet
  facet normal -0 0.296017 0.955183
    outer loop
      vertex 0 20.2201 10.198
      vertex 182.25 19.6154 10.3854
      vertex 182.25 20.2201 10.198
    endloop
  endfacet
  facet normal 0 0.296017 0.955183
    outer loop
      vertex 182.25 19.6154 10.3854
      vertex 0 20.2201 10.198
      vertex 0 19.6154 10.3854
    endloop
  endfacet
  facet normal -0 0.263529 0.964652
    outer loop
      vertex 0 19.6154 10.3854
      vertex 182.25 19.3178 10.4667
      vertex 182.25 19.6154 10.3854
    endloop
  endfacet
  facet normal 0 0.263529 0.964652
    outer loop
      vertex 182.25 19.3178 10.4667
      vertex 0 19.6154 10.3854
      vertex 0 19.3178 10.4667
    endloop
  endfacet
  facet normal -0 0.195005 0.980802
    outer loop
      vertex 0 19.3178 10.4667
      vertex 182.25 19.0291 10.5241
      vertex 182.25 19.3178 10.4667
    endloop
  endfacet
  facet normal 0 0.195005 0.980802
    outer loop
      vertex 182.25 19.0291 10.5241
      vertex 0 19.3178 10.4667
      vertex 0 19.0291 10.5241
    endloop
  endfacet
  facet normal -0 0.0851964 0.996364
    outer loop
      vertex 0 19.0291 10.5241
      vertex 182.25 18.7531 10.5477
      vertex 182.25 19.0291 10.5241
    endloop
  endfacet
  facet normal 0 0.0851964 0.996364
    outer loop
      vertex 182.25 18.7531 10.5477
      vertex 0 19.0291 10.5241
      vertex 0 18.7531 10.5477
    endloop
  endfacet
  facet normal 0 -0.0686048 0.997644
    outer loop
      vertex 0 18.7531 10.5477
      vertex 182.25 18.4928 10.5298
      vertex 182.25 18.7531 10.5477
    endloop
  endfacet
  facet normal 0 -0.0686048 0.997644
    outer loop
      vertex 182.25 18.4928 10.5298
      vertex 0 18.7531 10.5477
      vertex 0 18.4928 10.5298
    endloop
  endfacet
  facet normal 0 -0.255061 0.966925
    outer loop
      vertex 0 18.4928 10.5298
      vertex 182.25 18.2498 10.4657
      vertex 182.25 18.4928 10.5298
    endloop
  endfacet
  facet normal 0 -0.255061 0.966925
    outer loop
      vertex 182.25 18.2498 10.4657
      vertex 0 18.4928 10.5298
      vertex 0 18.2498 10.4657
    endloop
  endfacet
  facet normal 0 -0.445302 0.89538
    outer loop
      vertex 0 18.2498 10.4657
      vertex 182.25 18.0248 10.3538
      vertex 182.25 18.2498 10.4657
    endloop
  endfacet
  facet normal 0 -0.445302 0.89538
    outer loop
      vertex 182.25 18.0248 10.3538
      vertex 0 18.2498 10.4657
      vertex 0 18.0248 10.3538
    endloop
  endfacet
  facet normal 0 -0.605685 0.795704
    outer loop
      vertex 0 18.0248 10.3538
      vertex 182.25 17.8171 10.1957
      vertex 182.25 18.0248 10.3538
    endloop
  endfacet
  facet normal 0 -0.605685 0.795704
    outer loop
      vertex 182.25 17.8171 10.1957
      vertex 0 18.0248 10.3538
      vertex 0 17.8171 10.1957
    endloop
  endfacet
  facet normal 0 -0.720712 0.693235
    outer loop
      vertex 0 17.6251 9.99609
      vertex 182.25 17.8171 10.1957
      vertex 0 17.8171 10.1957
    endloop
  endfacet
  facet normal 0 -0.720712 0.693235
    outer loop
      vertex 182.25 17.8171 10.1957
      vertex 0 17.6251 9.99609
      vertex 182.25 17.6251 9.99609
    endloop
  endfacet
  facet normal 0 -0.792965 0.609267
    outer loop
      vertex 0 17.4458 9.76273
      vertex 182.25 17.6251 9.99609
      vertex 0 17.6251 9.99609
    endloop
  endfacet
  facet normal 0 -0.792965 0.609267
    outer loop
      vertex 182.25 17.6251 9.99609
      vertex 0 17.4458 9.76273
      vertex 182.25 17.4458 9.76273
    endloop
  endfacet
  facet normal 0 -0.83392 0.551885
    outer loop
      vertex 0 17.2755 9.5054
      vertex 182.25 17.4458 9.76273
      vertex 0 17.4458 9.76273
    endloop
  endfacet
  facet normal 0 -0.83392 0.551885
    outer loop
      vertex 182.25 17.4458 9.76273
      vertex 0 17.2755 9.5054
      vertex 182.25 17.2755 9.5054
    endloop
  endfacet
  facet normal 0 -0.852029 0.523494
    outer loop
      vertex 0 16.9441 8.96602
      vertex 182.25 17.2755 9.5054
      vertex 0 17.2755 9.5054
    endloop
  endfacet
  facet normal 0 -0.852029 0.523494
    outer loop
      vertex 182.25 17.2755 9.5054
      vertex 0 16.9441 8.96602
      vertex 182.25 16.9441 8.96602
    endloop
  endfacet
  facet normal 0 -0.833891 0.55193
    outer loop
      vertex 0 16.7738 8.70872
      vertex 182.25 16.9441 8.96602
      vertex 0 16.9441 8.96602
    endloop
  endfacet
  facet normal 0 -0.833891 0.55193
    outer loop
      vertex 182.25 16.9441 8.96602
      vertex 0 16.7738 8.70872
      vertex 182.25 16.7738 8.70872
    endloop
  endfacet
  facet normal 0 -0.793003 0.609218
    outer loop
      vertex 0 16.5945 8.47533
      vertex 182.25 16.7738 8.70872
      vertex 0 16.7738 8.70872
    endloop
  endfacet
  facet normal 0 -0.793003 0.609218
    outer loop
      vertex 182.25 16.7738 8.70872
      vertex 0 16.5945 8.47533
      vertex 182.25 16.5945 8.47533
    endloop
  endfacet
  facet normal 0 -0.720444 0.693513
    outer loop
      vertex 0 16.4024 8.27577
      vertex 182.25 16.5945 8.47533
      vertex 0 16.5945 8.47533
    endloop
  endfacet
  facet normal 0 -0.720444 0.693513
    outer loop
      vertex 182.25 16.5945 8.47533
      vertex 0 16.4024 8.27577
      vertex 182.25 16.4024 8.27577
    endloop
  endfacet
  facet normal 0 -0.605967 0.79549
    outer loop
      vertex 0 16.4024 8.27577
      vertex 182.25 16.1948 8.11763
      vertex 182.25 16.4024 8.27577
    endloop
  endfacet
  facet normal 0 -0.605967 0.79549
    outer loop
      vertex 182.25 16.1948 8.11763
      vertex 0 16.4024 8.27577
      vertex 0 16.1948 8.11763
    endloop
  endfacet
  facet normal 0 -0.445271 0.895396
    outer loop
      vertex 0 16.1948 8.11763
      vertex 182.25 15.9698 8.00574
      vertex 182.25 16.1948 8.11763
    endloop
  endfacet
  facet normal 0 -0.445271 0.895396
    outer loop
      vertex 182.25 15.9698 8.00574
      vertex 0 16.1948 8.11763
      vertex 0 15.9698 8.00574
    endloop
  endfacet
  facet normal 0 -0.352 0.936
    outer loop
      vertex 0 15.9698 8.00574
      vertex 182.25 9.808 5.68848
      vertex 182.25 15.9698 8.00574
    endloop
  endfacet
  facet normal 0 -0.352 0.936
    outer loop
      vertex 182.25 9.808 5.68848
      vertex 0 15.9698 8.00574
      vertex 0 9.808 5.68848
    endloop
  endfacet
  facet normal 0 -0.255098 0.966915
    outer loop
      vertex 0 9.808 5.68848
      vertex 182.25 9.565 5.62437
      vertex 182.25 9.808 5.68848
    endloop
  endfacet
  facet normal 0 -0.255098 0.966915
    outer loop
      vertex 182.25 9.565 5.62437
      vertex 0 9.808 5.68848
      vertex 0 9.565 5.62437
    endloop
  endfacet
  facet normal 0 -0.0683957 0.997658
    outer loop
      vertex 0 9.565 5.62437
      vertex 182.25 9.30463 5.60652
      vertex 182.25 9.565 5.62437
    endloop
  endfacet
  facet normal 0 -0.0683957 0.997658
    outer loop
      vertex 182.25 9.30463 5.60652
      vertex 0 9.565 5.62437
      vertex 0 9.30463 5.60652
    endloop
  endfacet
  facet normal -0 0.0850652 0.996375
    outer loop
      vertex 0 9.30463 5.60652
      vertex 182.25 9.02867 5.63008
      vertex 182.25 9.30463 5.60652
    endloop
  endfacet
  facet normal 0 0.0850652 0.996375
    outer loop
      vertex 182.25 9.02867 5.63008
      vertex 0 9.30463 5.60652
      vertex 0 9.02867 5.63008
    endloop
  endfacet
  facet normal -0 0.194986 0.980806
    outer loop
      vertex 0 9.02867 5.63008
      vertex 182.25 8.73999 5.68747
      vertex 182.25 9.02867 5.63008
    endloop
  endfacet
  facet normal 0 0.194986 0.980806
    outer loop
      vertex 182.25 8.73999 5.68747
      vertex 0 9.02867 5.63008
      vertex 0 8.73999 5.68747
    endloop
  endfacet
  facet normal -0 0.263471 0.964667
    outer loop
      vertex 0 8.73999 5.68747
      vertex 182.25 8.44232 5.76877
      vertex 182.25 8.73999 5.68747
    endloop
  endfacet
  facet normal 0 0.263471 0.964667
    outer loop
      vertex 182.25 8.44232 5.76877
      vertex 0 8.73999 5.68747
      vertex 0 8.44232 5.76877
    endloop
  endfacet
  facet normal -0 0.29602 0.955182
    outer loop
      vertex 0 8.44232 5.76877
      vertex 182.25 7.83766 5.95616
      vertex 182.25 8.44232 5.76877
    endloop
  endfacet
  facet normal 0 0.29602 0.955182
    outer loop
      vertex 182.25 7.83766 5.95616
      vertex 0 8.44232 5.76877
      vertex 0 7.83766 5.95616
    endloop
  endfacet
  facet normal -0 0.263531 0.964651
    outer loop
      vertex 0 7.83766 5.95616
      vertex 182.25 7.53999 6.03748
      vertex 182.25 7.83766 5.95616
    endloop
  endfacet
  facet normal 0 0.263531 0.964651
    outer loop
      vertex 182.25 7.53999 6.03748
      vertex 0 7.83766 5.95616
      vertex 0 7.53999 6.03748
    endloop
  endfacet
  facet normal -0 0.194933 0.980817
    outer loop
      vertex 0 7.53999 6.03748
      vertex 182.25 7.25133 6.09485
      vertex 182.25 7.53999 6.03748
    endloop
  endfacet
  facet normal 0 0.194933 0.980817
    outer loop
      vertex 182.25 7.25133 6.09485
      vertex 0 7.53999 6.03748
      vertex 0 7.25133 6.09485
    endloop
  endfacet
  facet normal -0 0.0850652 0.996375
    outer loop
      vertex 0 7.25133 6.09485
      vertex 182.25 6.97537 6.11841
      vertex 182.25 7.25133 6.09485
    endloop
  endfacet
  facet normal 0 0.0850652 0.996375
    outer loop
      vertex 182.25 6.97537 6.11841
      vertex 0 7.25133 6.09485
      vertex 0 6.97537 6.11841
    endloop
  endfacet
  facet normal 0 -0.0683957 0.997658
    outer loop
      vertex 0 6.97537 6.11841
      vertex 182.25 6.715 6.10056
      vertex 182.25 6.97537 6.11841
    endloop
  endfacet
  facet normal 0 -0.0683957 0.997658
    outer loop
      vertex 182.25 6.715 6.10056
      vertex 0 6.97537 6.11841
      vertex 0 6.715 6.10056
    endloop
  endfacet
  facet normal 0 -0.255004 0.96694
    outer loop
      vertex 0 6.715 6.10056
      vertex 182.25 6.47198 6.03647
      vertex 182.25 6.715 6.10056
    endloop
  endfacet
  facet normal 0 -0.255004 0.96694
    outer loop
      vertex 182.25 6.47198 6.03647
      vertex 0 6.715 6.10056
      vertex 0 6.47198 6.03647
    endloop
  endfacet
  facet normal 0 -0.445382 0.895341
    outer loop
      vertex 0 6.47198 6.03647
      vertex 182.25 6.24699 5.92455
      vertex 182.25 6.47198 6.03647
    endloop
  endfacet
  facet normal 0 -0.445382 0.895341
    outer loop
      vertex 182.25 6.24699 5.92455
      vertex 0 6.47198 6.03647
      vertex 0 6.24699 5.92455
    endloop
  endfacet
  facet normal 0 -0.605954 0.795499
    outer loop
      vertex 0 6.24699 5.92455
      vertex 182.25 6.03937 5.7664
      vertex 182.25 6.24699 5.92455
    endloop
  endfacet
  facet normal 0 -0.605954 0.795499
    outer loop
      vertex 182.25 6.03937 5.7664
      vertex 0 6.24699 5.92455
      vertex 0 6.03937 5.7664
    endloop
  endfacet
  facet normal 0 -0.720517 0.693437
    outer loop
      vertex 0 5.84732 5.56685
      vertex 182.25 6.03937 5.7664
      vertex 0 6.03937 5.7664
    endloop
  endfacet
  facet normal 0 -0.720517 0.693437
    outer loop
      vertex 182.25 6.03937 5.7664
      vertex 0 5.84732 5.56685
      vertex 182.25 5.84732 5.56685
    endloop
  endfacet
  facet normal 0 -0.792957 0.609277
    outer loop
      vertex 0 5.668 5.33347
      vertex 182.25 5.84732 5.56685
      vertex 0 5.84732 5.56685
    endloop
  endfacet
  facet normal 0 -0.792957 0.609277
    outer loop
      vertex 182.25 5.84732 5.56685
      vertex 0 5.668 5.33347
      vertex 182.25 5.668 5.33347
    endloop
  endfacet
  facet normal 0 -0.833856 0.551983
    outer loop
      vertex 0 5.49767 5.07616
      vertex 182.25 5.668 5.33347
      vertex 0 5.668 5.33347
    endloop
  endfacet
  facet normal 0 -0.833856 0.551983
    outer loop
      vertex 182.25 5.668 5.33347
      vertex 0 5.49767 5.07616
      vertex 182.25 5.49767 5.07616
    endloop
  endfacet
  facet normal 0 -0.852069 0.52343
    outer loop
      vertex 0 5.16632 4.53677
      vertex 182.25 5.49767 5.07616
      vertex 0 5.49767 5.07616
    endloop
  endfacet
  facet normal 0 -0.852069 0.52343
    outer loop
      vertex 182.25 5.49767 5.07616
      vertex 0 5.16632 4.53677
      vertex 182.25 5.16632 4.53677
    endloop
  endfacet
  facet normal 0 -0.833856 0.551983
    outer loop
      vertex 0 4.99599 4.27946
      vertex 182.25 5.16632 4.53677
      vertex 0 5.16632 4.53677
    endloop
  endfacet
  facet normal 0 -0.833856 0.551983
    outer loop
      vertex 182.25 5.16632 4.53677
      vertex 0 4.99599 4.27946
      vertex 182.25 4.99599 4.27946
    endloop
  endfacet
  facet normal 0 -0.792957 0.609277
    outer loop
      vertex 0 4.81667 4.04608
      vertex 182.25 4.99599 4.27946
      vertex 0 4.99599 4.27946
    endloop
  endfacet
  facet normal 0 -0.792957 0.609277
    outer loop
      vertex 182.25 4.99599 4.27946
      vertex 0 4.81667 4.04608
      vertex 182.25 4.81667 4.04608
    endloop
  endfacet
  facet normal 0 -0.720552 0.693401
    outer loop
      vertex 0 4.62462 3.84651
      vertex 182.25 4.81667 4.04608
      vertex 0 4.81667 4.04608
    endloop
  endfacet
  facet normal 0 -0.720552 0.693401
    outer loop
      vertex 182.25 4.81667 4.04608
      vertex 0 4.62462 3.84651
      vertex 182.25 4.62462 3.84651
    endloop
  endfacet
  facet normal 0 -0.6059 0.795541
    outer loop
      vertex 0 4.62462 3.84651
      vertex 182.25 4.41701 3.68839
      vertex 182.25 4.62462 3.84651
    endloop
  endfacet
  facet normal 0 -0.6059 0.795541
    outer loop
      vertex 182.25 4.41701 3.68839
      vertex 0 4.62462 3.84651
      vertex 0 4.41701 3.68839
    endloop
  endfacet
  facet normal 0 -0.445303 0.89538
    outer loop
      vertex 0 4.41701 3.68839
      vertex 182.25 4.19199 3.57648
      vertex 182.25 4.41701 3.68839
    endloop
  endfacet
  facet normal 0 -0.445303 0.89538
    outer loop
      vertex 182.25 4.19199 3.57648
      vertex 0 4.41701 3.68839
      vertex 0 4.19199 3.57648
    endloop
  endfacet
  facet normal 0 -0.352001 0.936
    outer loop
      vertex 0 4.19199 3.57648
      vertex 182.25 0 2
      vertex 182.25 4.19199 3.57648
    endloop
  endfacet
  facet normal 0 -0.352001 0.936
    outer loop
      vertex 182.25 0 2
      vertex 0 4.19199 3.57648
      vertex 0 0 2
    endloop
  endfacet
  facet normal 0 -1 0
    outer loop
      vertex 0 0 0
      vertex 182.25 0 2
      vertex 0 0 2
    endloop
  endfacet
  facet normal 0 -1 -0
    outer loop
      vertex 182.25 0 2
      vertex 0 0 0
      vertex 182.25 0 0
    endloop
  endfacet
  facet normal 0 0 -1
    outer loop
      vertex 0 47.7245 0
      vertex 15.2 88.7225 0
      vertex 15.2 52.7911 0
    endloop
  endfacet
  facet normal -0 0 -1
    outer loop
      vertex 15.2 88.7225 0
      vertex 0 47.7245 0
      vertex 0 93.7892 0
    endloop
  endfacet
  facet normal 0 0 -1
    outer loop
      vertex 182.25 0 0
      vertex 176.25 21.2727 0
      vertex 182.25 5.31818 0
    endloop
  endfacet
  facet normal 0 0 -1
    outer loop
      vertex 15.2 52.7911 0
      vertex 176.25 21.2727 0
      vertex 15.2 30.2362 0
    endloop
  endfacet
  facet normal 0 0 -1
    outer loop
      vertex 182.25 0 0
      vertex 15.2 30.2362 0
      vertex 176.25 21.2727 0
    endloop
  endfacet
  facet normal 0 0 -1
    outer loop
      vertex 0 0 0
      vertex 15.2 30.2362 0
      vertex 182.25 0 0
    endloop
  endfacet
  facet normal -0 0 -1
    outer loop
      vertex 15.2 30.2362 0
      vertex 0 0 0
      vertex 0 35.3028 0
    endloop
  endfacet
  facet normal 0 0 -1
    outer loop
      vertex 176.25 21.2727 0
      vertex 15.2 52.7911 0
      vertex 176.25 117 0
    endloop
  endfacet
  facet normal 0 0 -1
    outer loop
      vertex 15.2 88.7225 0
      vertex 176.25 117 0
      vertex 15.2 52.7911 0
    endloop
  endfacet
  facet normal 0 0 -1
    outer loop
      vertex 15.2 111.277 0
      vertex 176.25 117 0
      vertex 15.2 88.7225 0
    endloop
  endfacet
  facet normal 0 0 -1
    outer loop
      vertex 15.2 111.277 0
      vertex 0 117 0
      vertex 176.25 117 0
    endloop
  endfacet
  facet normal 0 0 -1
    outer loop
      vertex 0 117 0
      vertex 15.2 111.277 0
      vertex 0 106.211 0
    endloop
  endfacet
  facet normal 0 1 -0
    outer loop
      vertex 176.25 117 0
      vertex 0 117 36
      vertex 176.25 117 36
    endloop
  endfacet
  facet normal 0 1 0
    outer loop
      vertex 0 117 36
      vertex 176.25 117 0
      vertex 0 117 0
    endloop
  endfacet
  facet normal 0 0.707107 -0.707107
    outer loop
      vertex 176.25 117 36
      vertex 0 123 42
      vertex 182.25 123 42
    endloop
  endfacet
  facet normal 0 0.707107 -0.707107
    outer loop
      vertex 0 123 42
      vertex 176.25 117 36
      vertex 0 117 36
    endloop
  endfacet
  facet normal 0 1 -0
    outer loop
      vertex 182.25 123 42
      vertex 0 123 46
      vertex 182.25 123 46
    endloop
  endfacet
  facet normal 0 1 0
    outer loop
      vertex 0 123 46
      vertex 182.25 123 42
      vertex 0 123 42
    endloop
  endfacet
  facet normal -0 0 1
    outer loop
      vertex 0 123 46
      vertex 182.25 117 46
      vertex 182.25 123 46
    endloop
  endfacet
  facet normal 0 0 1
    outer loop
      vertex 182.25 117 46
      vertex 0 123 46
      vertex 0 117 46
    endloop
  endfacet
  facet normal 0 -0.352018 0.935993
    outer loop
      vertex 0 117 46
      vertex 182.25 115.808 45.5517
      vertex 182.25 117 46
    endloop
  endfacet
  facet normal 0 -0.352018 0.935993
    outer loop
      vertex 182.25 115.808 45.5517
      vertex 0 117 46
      vertex 0 115.808 45.5517
    endloop
  endfacet
  facet normal 0 -0.255061 0.966925
    outer loop
      vertex 0 115.808 45.5517
      vertex 182.25 115.565 45.4876
      vertex 182.25 115.808 45.5517
    endloop
  endfacet
  facet normal 0 -0.255061 0.966925
    outer loop
      vertex 182.25 115.565 45.4876
      vertex 0 115.808 45.5517
      vertex 0 115.565 45.4876
    endloop
  endfacet
  facet normal 0.683358 0.256989 -0.683358
    outer loop
      vertex 182.25 117 42
      vertex 176.25 21.2727 0
      vertex 176.25 117 36
    endloop
  endfacet
  facet normal 0.683357 0.25699 -0.683359
    outer loop
      vertex 176.25 21.2727 0
      vertex 182.25 117 42
      vertex 182.25 5.31818 0
    endloop
  endfacet
  facet normal 0.707107 0 -0.707107
    outer loop
      vertex 182.25 117 42
      vertex 176.25 117 36
      vertex 182.25 123 42
    endloop
  endfacet
  facet normal 1 -0 0
    outer loop
      vertex 182.25 117 46
      vertex 182.25 123 42
      vertex 182.25 123 46
    endloop
  endfacet
  facet normal 1 0 0
    outer loop
      vertex 182.25 117 46
      vertex 182.25 117 42
      vertex 182.25 123 42
    endloop
  endfacet
  facet normal 1 -0 0
    outer loop
      vertex 182.25 115.808 45.5517
      vertex 182.25 117 42
      vertex 182.25 117 46
    endloop
  endfacet
  facet normal 1 -0 0
    outer loop
      vertex 182.25 115.565 45.4876
      vertex 182.25 117 42
      vertex 182.25 115.808 45.5517
    endloop
  endfacet
  facet normal 1 -0 0
    outer loop
      vertex 182.25 115.305 45.4698
      vertex 182.25 117 42
      vertex 182.25 115.565 45.4876
    endloop
  endfacet
  facet normal 1 0 0
    outer loop
      vertex 182.25 115.029 45.4933
      vertex 182.25 117 42
      vertex 182.25 115.305 45.4698
    endloop
  endfacet
  facet normal 1 0 0
    outer loop
      vertex 182.25 114.74 45.5507
      vertex 182.25 117 42
      vertex 182.25 115.029 45.4933
    endloop
  endfacet
  facet normal 1 0 0
    outer loop
      vertex 182.25 110.996 44.1427
      vertex 182.25 114.74 45.5507
      vertex 182.25 114.442 45.632
    endloop
  endfacet
  facet normal 1 0 0
    outer loop
      vertex 182.25 111.166 44.4
      vertex 182.25 114.442 45.632
      vertex 182.25 113.838 45.8194
    endloop
  endfacet
  facet normal 1 0 0
    outer loop
      vertex 182.25 111.498 44.9394
      vertex 182.25 113.838 45.8194
      vertex 182.25 113.54 45.9007
    endloop
  endfacet
  facet normal 1 0 0
    outer loop
      vertex 182.25 111.668 45.1967
      vertex 182.25 113.54 45.9007
      vertex 182.25 113.251 45.9581
    endloop
  endfacet
  facet normal 1 0 0
    outer loop
      vertex 182.25 111.847 45.4301
      vertex 182.25 113.251 45.9581
      vertex 182.25 112.975 45.9817
    endloop
  endfacet
  facet normal 1 0 0
    outer loop
      vertex 182.25 112.039 45.6297
      vertex 182.25 112.975 45.9817
      vertex 182.25 112.715 45.9638
    endloop
  endfacet
  facet normal 1 0 0
    outer loop
      vertex 182.25 112.247 45.7878
      vertex 182.25 112.715 45.9638
      vertex 182.25 112.472 45.8997
    endloop
  endfacet
  facet normal 1 0 0
    outer loop
      vertex 182.25 112.715 45.9638
      vertex 182.25 112.247 45.7878
      vertex 182.25 112.039 45.6297
    endloop
  endfacet
  facet normal 1 0 0
    outer loop
      vertex 182.25 112.975 45.9817
      vertex 182.25 112.039 45.6297
      vertex 182.25 111.847 45.4301
    endloop
  endfacet
  facet normal 1 0 0
    outer loop
      vertex 182.25 113.251 45.9581
      vertex 182.25 111.847 45.4301
      vertex 182.25 111.668 45.1967
    endloop
  endfacet
  facet normal 1 0 0
    outer loop
      vertex 182.25 113.54 45.9007
      vertex 182.25 111.668 45.1967
      vertex 182.25 111.498 44.9394
    endloop
  endfacet
  facet normal 1 0 0
    outer loop
      vertex 182.25 113.838 45.8194
      vertex 182.25 111.498 44.9394
      vertex 182.25 111.166 44.4
    endloop
  endfacet
  facet normal 1 0 0
    outer loop
      vertex 182.25 110.996 44.1427
      vertex 182.25 114.442 45.632
      vertex 182.25 111.166 44.4
    endloop
  endfacet
  facet normal 1 0 0
    outer loop
      vertex 182.25 114.74 45.5507
      vertex 182.25 110.996 44.1427
      vertex 182.25 117 42
    endloop
  endfacet
  facet normal 1 -0 0
    outer loop
      vertex 182.25 110.817 43.9093
      vertex 182.25 117 42
      vertex 182.25 110.996 44.1427
    endloop
  endfacet
  facet normal 1 -0 0
    outer loop
      vertex 182.25 110.625 43.7098
      vertex 182.25 117 42
      vertex 182.25 110.817 43.9093
    endloop
  endfacet
  facet normal 1 -0 0
    outer loop
      vertex 182.25 110.417 43.5516
      vertex 182.25 117 42
      vertex 182.25 110.625 43.7098
    endloop
  endfacet
  facet normal 1 -0 0
    outer loop
      vertex 182.25 110.192 43.4397
      vertex 182.25 117 42
      vertex 182.25 110.417 43.5516
    endloop
  endfacet
  facet normal 1 0 0
    outer loop
      vertex 182.25 104.03 41.1225
      vertex 182.25 117 42
      vertex 182.25 110.192 43.4397
    endloop
  endfacet
  facet normal 1 0 0
    outer loop
      vertex 182.25 98.4143 39.0105
      vertex 182.25 104.03 41.1225
      vertex 182.25 103.787 41.0584
    endloop
  endfacet
  facet normal 1 0 0
    outer loop
      vertex 182.25 99.7199 40.5101
      vertex 182.25 102.06 41.3902
      vertex 182.25 101.762 41.4715
    endloop
  endfacet
  facet normal 1 0 0
    outer loop
      vertex 182.25 99.8902 40.7675
      vertex 182.25 101.762 41.4715
      vertex 182.25 101.474 41.5289
    endloop
  endfacet
  facet normal 1 0 0
    outer loop
      vertex 182.25 100.07 41.0009
      vertex 182.25 101.474 41.5289
      vertex 182.25 101.198 41.5524
    endloop
  endfacet
  facet normal 1 0 0
    outer loop
      vertex 182.25 101.762 41.4715
      vertex 182.25 99.8902 40.7675
      vertex 182.25 99.7199 40.5101
    endloop
  endfacet
  facet normal 1 0 0
    outer loop
      vertex 182.25 100.262 41.2004
      vertex 182.25 101.198 41.5524
      vertex 182.25 100.937 41.5345
    endloop
  endfacet
  facet normal 1 0 0
    outer loop
      vertex 182.25 100.469 41.3586
      vertex 182.25 100.937 41.5345
      vertex 182.25 100.694 41.4705
    endloop
  endfacet
  facet normal 1 0 0
    outer loop
      vertex 182.25 102.06 41.3902
      vertex 182.25 99.7199 40.5101
      vertex 182.25 102.665 41.2028
    endloop
  endfacet
  facet normal 1 0 0
    outer loop
      vertex 182.25 100.937 41.5345
      vertex 182.25 100.469 41.3586
      vertex 182.25 100.262 41.2004
    endloop
  endfacet
  facet normal 1 0 0
    outer loop
      vertex 182.25 101.198 41.5524
      vertex 182.25 100.262 41.2004
      vertex 182.25 100.07 41.0009
    endloop
  endfacet
  facet normal 1 0 0
    outer loop
      vertex 182.25 101.474 41.5289
      vertex 182.25 100.07 41.0009
      vertex 182.25 99.8902 40.7675
    endloop
  endfacet
  facet normal 1 0 0
    outer loop
      vertex 182.25 99.3885 39.9708
      vertex 182.25 102.665 41.2028
      vertex 182.25 99.7199 40.5101
    endloop
  endfacet
  facet normal 1 0 0
    outer loop
      vertex 182.25 102.665 41.2028
      vertex 182.25 99.3885 39.9708
      vertex 182.25 102.962 41.1215
    endloop
  endfacet
  facet normal 1 0 0
    outer loop
      vertex 182.25 99.2182 39.7135
      vertex 182.25 102.962 41.1215
      vertex 182.25 99.3885 39.9708
    endloop
  endfacet
  facet normal 1 0 0
    outer loop
      vertex 182.25 102.962 41.1215
      vertex 182.25 99.2182 39.7135
      vertex 182.25 103.251 41.0641
    endloop
  endfacet
  facet normal 1 0 0
    outer loop
      vertex 182.25 99.0389 39.4801
      vertex 182.25 103.251 41.0641
      vertex 182.25 99.2182 39.7135
    endloop
  endfacet
  facet normal 1 0 0
    outer loop
      vertex 182.25 103.251 41.0641
      vertex 182.25 99.0389 39.4801
      vertex 182.25 103.527 41.0405
    endloop
  endfacet
  facet normal 1 0 0
    outer loop
      vertex 182.25 98.8468 39.2805
      vertex 182.25 103.527 41.0405
      vertex 182.25 99.0389 39.4801
    endloop
  endfacet
  facet normal 1 -0 0
    outer loop
      vertex 182.25 103.527 41.0405
      vertex 182.25 98.8468 39.2805
      vertex 182.25 103.787 41.0584
    endloop
  endfacet
  facet normal 1 0 0
    outer loop
      vertex 182.25 98.6392 39.1224
      vertex 182.25 103.787 41.0584
      vertex 182.25 98.8468 39.2805
    endloop
  endfacet
  facet normal 1 0 0
    outer loop
      vertex 182.25 98.4143 39.0105
      vertex 182.25 103.787 41.0584
      vertex 182.25 98.6392 39.1224
    endloop
  endfacet
  facet normal 1 -0 0
    outer loop
      vertex 182.25 104.03 41.1225
      vertex 182.25 98.4143 39.0105
      vertex 182.25 117 42
    endloop
  endfacet
  facet normal 1 0 0
    outer loop
      vertex 182.25 92.2524 36.6932
      vertex 182.25 117 42
      vertex 182.25 98.4143 39.0105
    endloop
  endfacet
  facet normal 1 0 0
    outer loop
      vertex 182.25 86.6365 34.5812
      vertex 182.25 92.2524 36.6932
      vertex 182.25 92.0094 36.6291
    endloop
  endfacet
  facet normal 1 0 0
    outer loop
      vertex 182.25 87.9421 36.0809
      vertex 182.25 90.2821 36.9609
      vertex 182.25 89.9844 37.0422
    endloop
  endfacet
  facet normal 1 0 0
    outer loop
      vertex 182.25 88.1124 36.3382
      vertex 182.25 89.9844 37.0422
      vertex 182.25 89.6958 37.0996
    endloop
  endfacet
  facet normal 1 0 0
    outer loop
      vertex 182.25 88.2918 36.5716
      vertex 182.25 89.6958 37.0996
      vertex 182.25 89.4198 37.1232
    endloop
  endfacet
  facet normal 1 0 0
    outer loop
      vertex 182.25 89.9844 37.0422
      vertex 182.25 88.1124 36.3382
      vertex 182.25 87.9421 36.0809
    endloop
  endfacet
  facet normal 1 0 0
    outer loop
      vertex 182.25 88.4838 36.7712
      vertex 182.25 89.4198 37.1232
      vertex 182.25 89.1594 37.1053
    endloop
  endfacet
  facet normal 1 0 0
    outer loop
      vertex 182.25 88.6914 36.9293
      vertex 182.25 89.1594 37.1053
      vertex 182.25 88.9164 37.0412
    endloop
  endfacet
  facet normal 1 0 0
    outer loop
      vertex 182.25 90.2821 36.9609
      vertex 182.25 87.9421 36.0809
      vertex 182.25 90.8868 36.7735
    endloop
  endfacet
  facet normal 1 0 0
    outer loop
      vertex 182.25 89.1594 37.1053
      vertex 182.25 88.6914 36.9293
      vertex 182.25 88.4838 36.7712
    endloop
  endfacet
  facet normal 1 0 0
    outer loop
      vertex 182.25 89.4198 37.1232
      vertex 182.25 88.4838 36.7712
      vertex 182.25 88.2918 36.5716
    endloop
  endfacet
  facet normal 1 0 0
    outer loop
      vertex 182.25 89.6958 37.0996
      vertex 182.25 88.2918 36.5716
      vertex 182.25 88.1124 36.3382
    endloop
  endfacet
  facet normal 1 0 0
    outer loop
      vertex 182.25 87.6108 35.5415
      vertex 182.25 90.8868 36.7735
      vertex 182.25 87.9421 36.0809
    endloop
  endfacet
  facet normal 1 0 0
    outer loop
      vertex 182.25 90.8868 36.7735
      vertex 182.25 87.6108 35.5415
      vertex 182.25 91.1844 36.6922
    endloop
  endfacet
  facet normal 1 0 0
    outer loop
      vertex 182.25 87.4404 35.2842
      vertex 182.25 91.1844 36.6922
      vertex 182.25 87.6108 35.5415
    endloop
  endfacet
  facet normal 1 0 0
    outer loop
      vertex 182.25 91.1844 36.6922
      vertex 182.25 87.4404 35.2842
      vertex 182.25 91.4731 36.6348
    endloop
  endfacet
  facet normal 1 0 0
    outer loop
      vertex 182.25 87.2611 35.0508
      vertex 182.25 91.4731 36.6348
      vertex 182.25 87.4404 35.2842
    endloop
  endfacet
  facet normal 1 0 0
    outer loop
      vertex 182.25 91.4731 36.6348
      vertex 182.25 87.2611 35.0508
      vertex 182.25 91.7491 36.6113
    endloop
  endfacet
  facet normal 1 0 0
    outer loop
      vertex 182.25 87.0691 34.8513
      vertex 182.25 91.7491 36.6113
      vertex 182.25 87.2611 35.0508
    endloop
  endfacet
  facet normal 1 -0 0
    outer loop
      vertex 182.25 91.7491 36.6113
      vertex 182.25 87.0691 34.8513
      vertex 182.25 92.0094 36.6291
    endloop
  endfacet
  facet normal 1 0 0
    outer loop
      vertex 182.25 86.8615 34.6931
      vertex 182.25 92.0094 36.6291
      vertex 182.25 87.0691 34.8513
    endloop
  endfacet
  facet normal 1 0 0
    outer loop
      vertex 182.25 86.6365 34.5812
      vertex 182.25 92.0094 36.6291
      vertex 182.25 86.8615 34.6931
    endloop
  endfacet
  facet normal 1 -0 0
    outer loop
      vertex 182.25 92.2524 36.6932
      vertex 182.25 86.6365 34.5812
      vertex 182.25 117 42
    endloop
  endfacet
  facet normal 1 0 0
    outer loop
      vertex 182.25 80.4747 32.264
      vertex 182.25 117 42
      vertex 182.25 86.6365 34.5812
    endloop
  endfacet
  facet normal 1 0 0
    outer loop
      vertex 182.25 76.1643 31.6517
      vertex 182.25 78.5043 32.5316
      vertex 182.25 78.2067 32.613
    endloop
  endfacet
  facet normal 1 0 0
    outer loop
      vertex 182.25 76.3347 31.909
      vertex 182.25 78.2067 32.613
      vertex 182.25 77.918 32.6703
    endloop
  endfacet
  facet normal 1 0 0
    outer loop
      vertex 182.25 76.514 32.1423
      vertex 182.25 77.918 32.6703
      vertex 182.25 77.642 32.6939
    endloop
  endfacet
  facet normal 1 0 0
    outer loop
      vertex 182.25 78.2067 32.613
      vertex 182.25 76.3347 31.909
      vertex 182.25 76.1643 31.6517
    endloop
  endfacet
  facet normal 1 0 0
    outer loop
      vertex 182.25 76.706 32.3419
      vertex 182.25 77.642 32.6939
      vertex 182.25 77.3817 32.676
    endloop
  endfacet
  facet normal 1 0 0
    outer loop
      vertex 182.25 76.9137 32.5
      vertex 182.25 77.3817 32.676
      vertex 182.25 77.1387 32.612
    endloop
  endfacet
  facet normal 1 0 0
    outer loop
      vertex 182.25 78.5043 32.5316
      vertex 182.25 76.1643 31.6517
      vertex 182.25 79.109 32.3443
    endloop
  endfacet
  facet normal 1 0 0
    outer loop
      vertex 182.25 77.3817 32.676
      vertex 182.25 76.9137 32.5
      vertex 182.25 76.706 32.3419
    endloop
  endfacet
  facet normal 1 0 0
    outer loop
      vertex 182.25 77.642 32.6939
      vertex 182.25 76.706 32.3419
      vertex 182.25 76.514 32.1423
    endloop
  endfacet
  facet normal 1 0 0
    outer loop
      vertex 182.25 77.918 32.6703
      vertex 182.25 76.514 32.1423
      vertex 182.25 76.3347 31.909
    endloop
  endfacet
  facet normal 1 0 0
    outer loop
      vertex 182.25 75.833 31.1123
      vertex 182.25 79.109 32.3443
      vertex 182.25 76.1643 31.6517
    endloop
  endfacet
  facet normal 1 0 0
    outer loop
      vertex 182.25 79.109 32.3443
      vertex 182.25 75.833 31.1123
      vertex 182.25 79.4067 32.263
    endloop
  endfacet
  facet normal 1 0 0
    outer loop
      vertex 182.25 75.6627 30.855
      vertex 182.25 79.4067 32.263
      vertex 182.25 75.833 31.1123
    endloop
  endfacet
  facet normal 1 0 0
    outer loop
      vertex 182.25 79.4067 32.263
      vertex 182.25 75.6627 30.855
      vertex 182.25 79.6953 32.2056
    endloop
  endfacet
  facet normal 1 0 0
    outer loop
      vertex 182.25 75.4833 30.6216
      vertex 182.25 79.6953 32.2056
      vertex 182.25 75.6627 30.855
    endloop
  endfacet
  facet normal 1 0 0
    outer loop
      vertex 182.25 79.6953 32.2056
      vertex 182.25 75.4833 30.6216
      vertex 182.25 79.9713 32.182
    endloop
  endfacet
  facet normal 1 0 0
    outer loop
      vertex 182.25 75.2913 30.422
      vertex 182.25 79.9713 32.182
      vertex 182.25 75.4833 30.6216
    endloop
  endfacet
  facet normal 1 -0 0
    outer loop
      vertex 182.25 79.9713 32.182
      vertex 182.25 75.2913 30.422
      vertex 182.25 80.2317 32.1999
    endloop
  endfacet
  facet normal 1 0 0
    outer loop
      vertex 182.25 75.0837 30.2639
      vertex 182.25 80.2317 32.1999
      vertex 182.25 75.2913 30.422
    endloop
  endfacet
  facet normal 1 -0 0
    outer loop
      vertex 182.25 80.2317 32.1999
      vertex 182.25 75.0837 30.2639
      vertex 182.25 80.4747 32.264
    endloop
  endfacet
  facet normal 1 0 0
    outer loop
      vertex 182.25 74.8587 30.152
      vertex 182.25 80.4747 32.264
      vertex 182.25 75.0837 30.2639
    endloop
  endfacet
  facet normal 1 -0 0
    outer loop
      vertex 182.25 80.4747 32.264
      vertex 182.25 74.8587 30.152
      vertex 182.25 117 42
    endloop
  endfacet
  facet normal 1 0 0
    outer loop
      vertex 182.25 68.6968 27.8347
      vertex 182.25 117 42
      vertex 182.25 74.8587 30.152
    endloop
  endfacet
  facet normal 1 0 0
    outer loop
      vertex 182.25 64.3866 27.2224
      vertex 182.25 66.7266 28.1024
      vertex 182.25 66.4289 28.1837
    endloop
  endfacet
  facet normal 1 0 0
    outer loop
      vertex 182.25 64.5569 27.4797
      vertex 182.25 66.4289 28.1837
      vertex 182.25 66.1402 28.2411
    endloop
  endfacet
  facet normal 1 0 0
    outer loop
      vertex 182.25 64.7362 27.7131
      vertex 182.25 66.1402 28.2411
      vertex 182.25 65.8643 28.2647
    endloop
  endfacet
  facet normal 1 0 0
    outer loop
      vertex 182.25 66.4289 28.1837
      vertex 182.25 64.5569 27.4797
      vertex 182.25 64.3866 27.2224
    endloop
  endfacet
  facet normal 1 0 0
    outer loop
      vertex 182.25 64.9283 27.9127
      vertex 182.25 65.8643 28.2647
      vertex 182.25 65.6039 28.2468
    endloop
  endfacet
  facet normal 1 0 0
    outer loop
      vertex 182.25 65.1359 28.0708
      vertex 182.25 65.6039 28.2468
      vertex 182.25 65.3609 28.1827
    endloop
  endfacet
  facet normal 1 0 0
    outer loop
      vertex 182.25 66.7266 28.1024
      vertex 182.25 64.3866 27.2224
      vertex 182.25 67.3312 27.915
    endloop
  endfacet
  facet normal 1 0 0
    outer loop
      vertex 182.25 65.6039 28.2468
      vertex 182.25 65.1359 28.0708
      vertex 182.25 64.9283 27.9127
    endloop
  endfacet
  facet normal 1 0 0
    outer loop
      vertex 182.25 65.8643 28.2647
      vertex 182.25 64.9283 27.9127
      vertex 182.25 64.7362 27.7131
    endloop
  endfacet
  facet normal 1 0 0
    outer loop
      vertex 182.25 66.1402 28.2411
      vertex 182.25 64.7362 27.7131
      vertex 182.25 64.5569 27.4797
    endloop
  endfacet
  facet normal 1 0 0
    outer loop
      vertex 182.25 64.0552 26.683
      vertex 182.25 67.3312 27.915
      vertex 182.25 64.3866 27.2224
    endloop
  endfacet
  facet normal 1 0 0
    outer loop
      vertex 182.25 67.3312 27.915
      vertex 182.25 64.0552 26.683
      vertex 182.25 67.6289 27.8337
    endloop
  endfacet
  facet normal 1 0 0
    outer loop
      vertex 182.25 63.8849 26.4257
      vertex 182.25 67.6289 27.8337
      vertex 182.25 64.0552 26.683
    endloop
  endfacet
  facet normal 1 0 0
    outer loop
      vertex 182.25 67.6289 27.8337
      vertex 182.25 63.8849 26.4257
      vertex 182.25 67.9176 27.7763
    endloop
  endfacet
  facet normal 1 0 0
    outer loop
      vertex 182.25 63.7056 26.1923
      vertex 182.25 67.9176 27.7763
      vertex 182.25 63.8849 26.4257
    endloop
  endfacet
  facet normal 1 0 0
    outer loop
      vertex 182.25 67.9176 27.7763
      vertex 182.25 63.7056 26.1923
      vertex 182.25 68.1935 27.7528
    endloop
  endfacet
  facet normal 1 0 0
    outer loop
      vertex 182.25 63.5135 25.9928
      vertex 182.25 68.1935 27.7528
      vertex 182.25 63.7056 26.1923
    endloop
  endfacet
  facet normal 1 -0 0
    outer loop
      vertex 182.25 68.1935 27.7528
      vertex 182.25 63.5135 25.9928
      vertex 182.25 68.4539 27.7706
    endloop
  endfacet
  facet normal 1 0 0
    outer loop
      vertex 182.25 63.3059 25.8346
      vertex 182.25 68.4539 27.7706
      vertex 182.25 63.5135 25.9928
    endloop
  endfacet
  facet normal 1 -0 0
    outer loop
      vertex 182.25 68.4539 27.7706
      vertex 182.25 63.3059 25.8346
      vertex 182.25 68.6968 27.8347
    endloop
  endfacet
  facet normal 1 0 0
    outer loop
      vertex 182.25 63.081 25.7228
      vertex 182.25 68.6968 27.8347
      vertex 182.25 63.3059 25.8346
    endloop
  endfacet
  facet normal 1 -0 0
    outer loop
      vertex 182.25 68.6968 27.8347
      vertex 182.25 63.081 25.7228
      vertex 182.25 117 42
    endloop
  endfacet
  facet normal 1 0 0
    outer loop
      vertex 182.25 56.9191 23.4055
      vertex 182.25 117 42
      vertex 182.25 63.081 25.7228
    endloop
  endfacet
  facet normal 1 0 0
    outer loop
      vertex 182.25 52.6088 22.7932
      vertex 182.25 54.9488 23.6732
      vertex 182.25 54.6511 23.7545
    endloop
  endfacet
  facet normal 1 0 0
    outer loop
      vertex 182.25 52.7791 23.0505
      vertex 182.25 54.6511 23.7545
      vertex 182.25 54.3624 23.8118
    endloop
  endfacet
  facet normal 1 0 0
    outer loop
      vertex 182.25 52.9584 23.2838
      vertex 182.25 54.3624 23.8118
      vertex 182.25 54.0865 23.8354
    endloop
  endfacet
  facet normal 1 0 0
    outer loop
      vertex 182.25 54.6511 23.7545
      vertex 182.25 52.7791 23.0505
      vertex 182.25 52.6088 22.7932
    endloop
  endfacet
  facet normal 1 0 0
    outer loop
      vertex 182.25 53.1505 23.4834
      vertex 182.25 54.0865 23.8354
      vertex 182.25 53.8261 23.8176
    endloop
  endfacet
  facet normal 1 0 0
    outer loop
      vertex 182.25 53.3581 23.6415
      vertex 182.25 53.8261 23.8176
      vertex 182.25 53.5831 23.7535
    endloop
  endfacet
  facet normal 1 0 0
    outer loop
      vertex 182.25 54.9488 23.6732
      vertex 182.25 52.6088 22.7932
      vertex 182.25 55.5534 23.4858
    endloop
  endfacet
  facet normal 1 0 0
    outer loop
      vertex 182.25 53.8261 23.8176
      vertex 182.25 53.3581 23.6415
      vertex 182.25 53.1505 23.4834
    endloop
  endfacet
  facet normal 1 0 0
    outer loop
      vertex 182.25 54.0865 23.8354
      vertex 182.25 53.1505 23.4834
      vertex 182.25 52.9584 23.2838
    endloop
  endfacet
  facet normal 1 0 0
    outer loop
      vertex 182.25 54.3624 23.8118
      vertex 182.25 52.9584 23.2838
      vertex 182.25 52.7791 23.0505
    endloop
  endfacet
  facet normal 1 0 0
    outer loop
      vertex 182.25 52.2774 22.2538
      vertex 182.25 55.5534 23.4858
      vertex 182.25 52.6088 22.7932
    endloop
  endfacet
  facet normal 1 0 0
    outer loop
      vertex 182.25 55.5534 23.4858
      vertex 182.25 52.2774 22.2538
      vertex 182.25 55.8511 23.4045
    endloop
  endfacet
  facet normal 1 0 0
    outer loop
      vertex 182.25 52.1071 21.9965
      vertex 182.25 55.8511 23.4045
      vertex 182.25 52.2774 22.2538
    endloop
  endfacet
  facet normal 1 0 0
    outer loop
      vertex 182.25 55.8511 23.4045
      vertex 182.25 52.1071 21.9965
      vertex 182.25 56.1398 23.3471
    endloop
  endfacet
  facet normal 1 0 0
    outer loop
      vertex 182.25 51.9278 21.7631
      vertex 182.25 56.1398 23.3471
      vertex 182.25 52.1071 21.9965
    endloop
  endfacet
  facet normal 1 0 0
    outer loop
      vertex 182.25 56.1398 23.3471
      vertex 182.25 51.9278 21.7631
      vertex 182.25 56.4157 23.3235
    endloop
  endfacet
  facet normal 1 0 0
    outer loop
      vertex 182.25 51.7357 21.5635
      vertex 182.25 56.4157 23.3235
      vertex 182.25 51.9278 21.7631
    endloop
  endfacet
  facet normal 1 -0 0
    outer loop
      vertex 182.25 56.4157 23.3235
      vertex 182.25 51.7357 21.5635
      vertex 182.25 56.6761 23.3414
    endloop
  endfacet
  facet normal 1 0 0
    outer loop
      vertex 182.25 51.5281 21.4054
      vertex 182.25 56.6761 23.3414
      vertex 182.25 51.7357 21.5635
    endloop
  endfacet
  facet normal 1 -0 0
    outer loop
      vertex 182.25 56.6761 23.3414
      vertex 182.25 51.5281 21.4054
      vertex 182.25 56.9191 23.4055
    endloop
  endfacet
  facet normal 1 0 0
    outer loop
      vertex 182.25 51.3031 21.2935
      vertex 182.25 56.9191 23.4055
      vertex 182.25 51.5281 21.4054
    endloop
  endfacet
  facet normal 1 0 0
    outer loop
      vertex 182.25 5.31818 0
      vertex 182.25 56.9191 23.4055
      vertex 182.25 51.3031 21.2935
    endloop
  endfacet
  facet normal 1 0 0
    outer loop
      vertex 182.25 5.31818 0
      vertex 182.25 51.3031 21.2935
      vertex 182.25 45.1413 18.9762
    endloop
  endfacet
  facet normal 1 0 0
    outer loop
      vertex 182.25 40.831 18.3639
      vertex 182.25 43.171 19.2439
      vertex 182.25 42.8733 19.3252
    endloop
  endfacet
  facet normal 1 0 0
    outer loop
      vertex 182.25 41.0013 18.6212
      vertex 182.25 42.8733 19.3252
      vertex 182.25 42.5847 19.3826
    endloop
  endfacet
  facet normal 1 0 0
    outer loop
      vertex 182.25 41.1806 18.8546
      vertex 182.25 42.5847 19.3826
      vertex 182.25 42.3087 19.4062
    endloop
  endfacet
  facet normal 1 0 0
    outer loop
      vertex 182.25 42.8733 19.3252
      vertex 182.25 41.0013 18.6212
      vertex 182.25 40.831 18.3639
    endloop
  endfacet
  facet normal 1 0 0
    outer loop
      vertex 182.25 41.3727 19.0542
      vertex 182.25 42.3087 19.4062
      vertex 182.25 42.0483 19.3883
    endloop
  endfacet
  facet normal 1 0 0
    outer loop
      vertex 182.25 41.5803 19.2123
      vertex 182.25 42.0483 19.3883
      vertex 182.25 41.8053 19.3242
    endloop
  endfacet
  facet normal 1 0 0
    outer loop
      vertex 182.25 43.171 19.2439
      vertex 182.25 40.831 18.3639
      vertex 182.25 43.7757 19.0565
    endloop
  endfacet
  facet normal 1 0 0
    outer loop
      vertex 182.25 42.0483 19.3883
      vertex 182.25 41.5803 19.2123
      vertex 182.25 41.3727 19.0542
    endloop
  endfacet
  facet normal 1 0 0
    outer loop
      vertex 182.25 42.3087 19.4062
      vertex 182.25 41.3727 19.0542
      vertex 182.25 41.1806 18.8546
    endloop
  endfacet
  facet normal 1 0 0
    outer loop
      vertex 182.25 42.5847 19.3826
      vertex 182.25 41.1806 18.8546
      vertex 182.25 41.0013 18.6212
    endloop
  endfacet
  facet normal 1 0 0
    outer loop
      vertex 182.25 40.4997 17.8245
      vertex 182.25 43.7757 19.0565
      vertex 182.25 40.831 18.3639
    endloop
  endfacet
  facet normal 1 0 0
    outer loop
      vertex 182.25 43.7757 19.0565
      vertex 182.25 40.4997 17.8245
      vertex 182.25 44.0733 18.9752
    endloop
  endfacet
  facet normal 1 0 0
    outer loop
      vertex 182.25 40.3293 17.5672
      vertex 182.25 44.0733 18.9752
      vertex 182.25 40.4997 17.8245
    endloop
  endfacet
  facet normal 1 0 0
    outer loop
      vertex 182.25 44.0733 18.9752
      vertex 182.25 40.3293 17.5672
      vertex 182.25 44.362 18.9178
    endloop
  endfacet
  facet normal 1 0 0
    outer loop
      vertex 182.25 40.15 17.3338
      vertex 182.25 44.362 18.9178
      vertex 182.25 40.3293 17.5672
    endloop
  endfacet
  facet normal 1 0 0
    outer loop
      vertex 182.25 44.362 18.9178
      vertex 182.25 40.15 17.3338
      vertex 182.25 44.638 18.8943
    endloop
  endfacet
  facet normal 1 0 0
    outer loop
      vertex 182.25 39.958 17.1343
      vertex 182.25 44.638 18.8943
      vertex 182.25 40.15 17.3338
    endloop
  endfacet
  facet normal 1 -0 0
    outer loop
      vertex 182.25 44.638 18.8943
      vertex 182.25 39.958 17.1343
      vertex 182.25 44.8983 18.9121
    endloop
  endfacet
  facet normal 1 0 0
    outer loop
      vertex 182.25 39.7503 16.9761
      vertex 182.25 44.8983 18.9121
      vertex 182.25 39.958 17.1343
    endloop
  endfacet
  facet normal 1 -0 0
    outer loop
      vertex 182.25 44.8983 18.9121
      vertex 182.25 39.7503 16.9761
      vertex 182.25 45.1413 18.9762
    endloop
  endfacet
  facet normal 1 0 0
    outer loop
      vertex 182.25 39.5253 16.8642
      vertex 182.25 45.1413 18.9762
      vertex 182.25 39.7503 16.9761
    endloop
  endfacet
  facet normal 1 0 0
    outer loop
      vertex 182.25 5.31818 0
      vertex 182.25 45.1413 18.9762
      vertex 182.25 39.5253 16.8642
    endloop
  endfacet
  facet normal 1 0 0
    outer loop
      vertex 182.25 5.31818 0
      vertex 182.25 39.5253 16.8642
      vertex 182.25 33.3635 14.547
    endloop
  endfacet
  facet normal 1 0 0
    outer loop
      vertex 182.25 29.0532 13.9347
      vertex 182.25 31.3932 14.8147
      vertex 182.25 31.0956 14.896
    endloop
  endfacet
  facet normal 1 0 0
    outer loop
      vertex 182.25 29.2235 14.192
      vertex 182.25 31.0956 14.896
      vertex 182.25 30.8069 14.9534
    endloop
  endfacet
  facet normal 1 0 0
    outer loop
      vertex 182.25 29.4029 14.4254
      vertex 182.25 30.8069 14.9534
      vertex 182.25 30.5309 14.9769
    endloop
  endfacet
  facet normal 1 0 0
    outer loop
      vertex 182.25 31.0956 14.896
      vertex 182.25 29.2235 14.192
      vertex 182.25 29.0532 13.9347
    endloop
  endfacet
  facet normal 1 0 0
    outer loop
      vertex 182.25 29.5949 14.6249
      vertex 182.25 30.5309 14.9769
      vertex 182.25 30.2705 14.959
    endloop
  endfacet
  facet normal 1 0 0
    outer loop
      vertex 182.25 29.8026 14.7831
      vertex 182.25 30.2705 14.959
      vertex 182.25 30.0275 14.895
    endloop
  endfacet
  facet normal 1 0 0
    outer loop
      vertex 182.25 31.3932 14.8147
      vertex 182.25 29.0532 13.9347
      vertex 182.25 31.9979 14.6273
    endloop
  endfacet
  facet normal 1 0 0
    outer loop
      vertex 182.25 30.2705 14.959
      vertex 182.25 29.8026 14.7831
      vertex 182.25 29.5949 14.6249
    endloop
  endfacet
  facet normal 1 0 0
    outer loop
      vertex 182.25 30.5309 14.9769
      vertex 182.25 29.5949 14.6249
      vertex 182.25 29.4029 14.4254
    endloop
  endfacet
  facet normal 1 0 0
    outer loop
      vertex 182.25 30.8069 14.9534
      vertex 182.25 29.4029 14.4254
      vertex 182.25 29.2235 14.192
    endloop
  endfacet
  facet normal 1 0 0
    outer loop
      vertex 182.25 28.7219 13.3953
      vertex 182.25 31.9979 14.6273
      vertex 182.25 29.0532 13.9347
    endloop
  endfacet
  facet normal 1 0 0
    outer loop
      vertex 182.25 31.9979 14.6273
      vertex 182.25 28.7219 13.3953
      vertex 182.25 32.2955 14.546
    endloop
  endfacet
  facet normal 1 0 0
    outer loop
      vertex 182.25 28.5515 13.138
      vertex 182.25 32.2955 14.546
      vertex 182.25 28.7219 13.3953
    endloop
  endfacet
  facet normal 1 0 0
    outer loop
      vertex 182.25 32.2955 14.546
      vertex 182.25 28.5515 13.138
      vertex 182.25 32.5842 14.4886
    endloop
  endfacet
  facet normal 1 0 0
    outer loop
      vertex 182.25 28.3722 12.9046
      vertex 182.25 32.5842 14.4886
      vertex 182.25 28.5515 13.138
    endloop
  endfacet
  facet normal 1 0 0
    outer loop
      vertex 182.25 32.5842 14.4886
      vertex 182.25 28.3722 12.9046
      vertex 182.25 32.8602 14.465
    endloop
  endfacet
  facet normal 1 0 0
    outer loop
      vertex 182.25 28.1802 12.705
      vertex 182.25 32.8602 14.465
      vertex 182.25 28.3722 12.9046
    endloop
  endfacet
  facet normal 1 -0 0
    outer loop
      vertex 182.25 32.8602 14.465
      vertex 182.25 28.1802 12.705
      vertex 182.25 33.1206 14.4829
    endloop
  endfacet
  facet normal 1 0 0
    outer loop
      vertex 182.25 27.9725 12.5469
      vertex 182.25 33.1206 14.4829
      vertex 182.25 28.1802 12.705
    endloop
  endfacet
  facet normal 1 -0 0
    outer loop
      vertex 182.25 33.1206 14.4829
      vertex 182.25 27.9725 12.5469
      vertex 182.25 33.3635 14.547
    endloop
  endfacet
  facet normal 1 0 0
    outer loop
      vertex 182.25 27.7476 12.435
      vertex 182.25 33.3635 14.547
      vertex 182.25 27.9725 12.5469
    endloop
  endfacet
  facet normal 1 0 0
    outer loop
      vertex 182.25 5.31818 0
      vertex 182.25 33.3635 14.547
      vertex 182.25 27.7476 12.435
    endloop
  endfacet
  facet normal 1 0 0
    outer loop
      vertex 182.25 5.31818 0
      vertex 182.25 27.7476 12.435
      vertex 182.25 21.5857 10.1177
    endloop
  endfacet
  facet normal 1 0 0
    outer loop
      vertex 182.25 17.2755 9.5054
      vertex 182.25 19.6154 10.3854
      vertex 182.25 19.3178 10.4667
    endloop
  endfacet
  facet normal 1 0 0
    outer loop
      vertex 182.25 17.4458 9.76273
      vertex 182.25 19.3178 10.4667
      vertex 182.25 19.0291 10.5241
    endloop
  endfacet
  facet normal 1 0 0
    outer loop
      vertex 182.25 17.6251 9.99609
      vertex 182.25 19.0291 10.5241
      vertex 182.25 18.7531 10.5477
    endloop
  endfacet
  facet normal 1 0 0
    outer loop
      vertex 182.25 19.3178 10.4667
      vertex 182.25 17.4458 9.76273
      vertex 182.25 17.2755 9.5054
    endloop
  endfacet
  facet normal 1 0 0
    outer loop
      vertex 182.25 17.8171 10.1957
      vertex 182.25 18.7531 10.5477
      vertex 182.25 18.4928 10.5298
    endloop
  endfacet
  facet normal 1 0 0
    outer loop
      vertex 182.25 18.0248 10.3538
      vertex 182.25 18.4928 10.5298
      vertex 182.25 18.2498 10.4657
    endloop
  endfacet
  facet normal 1 0 0
    outer loop
      vertex 182.25 19.6154 10.3854
      vertex 182.25 17.2755 9.5054
      vertex 182.25 20.2201 10.198
    endloop
  endfacet
  facet normal 1 0 0
    outer loop
      vertex 182.25 18.4928 10.5298
      vertex 182.25 18.0248 10.3538
      vertex 182.25 17.8171 10.1957
    endloop
  endfacet
  facet normal 1 0 0
    outer loop
      vertex 182.25 18.7531 10.5477
      vertex 182.25 17.8171 10.1957
      vertex 182.25 17.6251 9.99609
    endloop
  endfacet
  facet normal 1 0 0
    outer loop
      vertex 182.25 19.0291 10.5241
      vertex 182.25 17.6251 9.99609
      vertex 182.25 17.4458 9.76273
    endloop
  endfacet
  facet normal 1 0 0
    outer loop
      vertex 182.25 16.9441 8.96602
      vertex 182.25 20.2201 10.198
      vertex 182.25 17.2755 9.5054
    endloop
  endfacet
  facet normal 1 0 0
    outer loop
      vertex 182.25 20.2201 10.198
      vertex 182.25 16.9441 8.96602
      vertex 182.25 20.5178 10.1167
    endloop
  endfacet
  facet normal 1 0 0
    outer loop
      vertex 182.25 16.7738 8.70872
      vertex 182.25 20.5178 10.1167
      vertex 182.25 16.9441 8.96602
    endloop
  endfacet
  facet normal 1 0 0
    outer loop
      vertex 182.25 20.5178 10.1167
      vertex 182.25 16.7738 8.70872
      vertex 182.25 20.8064 10.0593
    endloop
  endfacet
  facet normal 1 0 0
    outer loop
      vertex 182.25 16.5945 8.47533
      vertex 182.25 20.8064 10.0593
      vertex 182.25 16.7738 8.70872
    endloop
  endfacet
  facet normal 1 0 0
    outer loop
      vertex 182.25 20.8064 10.0593
      vertex 182.25 16.5945 8.47533
      vertex 182.25 21.0824 10.0358
    endloop
  endfacet
  facet normal 1 0 0
    outer loop
      vertex 182.25 16.4024 8.27577
      vertex 182.25 21.0824 10.0358
      vertex 182.25 16.5945 8.47533
    endloop
  endfacet
  facet normal 1 -0 0
    outer loop
      vertex 182.25 21.0824 10.0358
      vertex 182.25 16.4024 8.27577
      vertex 182.25 21.3428 10.0536
    endloop
  endfacet
  facet normal 1 0 0
    outer loop
      vertex 182.25 16.1948 8.11763
      vertex 182.25 21.3428 10.0536
      vertex 182.25 16.4024 8.27577
    endloop
  endfacet
  facet normal 1 -0 0
    outer loop
      vertex 182.25 21.3428 10.0536
      vertex 182.25 16.1948 8.11763
      vertex 182.25 21.5857 10.1177
    endloop
  endfacet
  facet normal 1 0 0
    outer loop
      vertex 182.25 15.9698 8.00574
      vertex 182.25 21.5857 10.1177
      vertex 182.25 16.1948 8.11763
    endloop
  endfacet
  facet normal 1 0 0
    outer loop
      vertex 182.25 21.5857 10.1177
      vertex 182.25 15.9698 8.00574
      vertex 182.25 5.31818 0
    endloop
  endfacet
  facet normal 1 0 0
    outer loop
      vertex 182.25 5.31818 0
      vertex 182.25 15.9698 8.00574
      vertex 182.25 9.808 5.68848
    endloop
  endfacet
  facet normal 1 0 0
    outer loop
      vertex 182.25 5.49767 5.07616
      vertex 182.25 7.83766 5.95616
      vertex 182.25 7.53999 6.03748
    endloop
  endfacet
  facet normal 1 0 0
    outer loop
      vertex 182.25 5.668 5.33347
      vertex 182.25 7.53999 6.03748
      vertex 182.25 7.25133 6.09485
    endloop
  endfacet
  facet normal 1 0 0
    outer loop
      vertex 182.25 5.84732 5.56685
      vertex 182.25 7.25133 6.09485
      vertex 182.25 6.97537 6.11841
    endloop
  endfacet
  facet normal 1 0 0
    outer loop
      vertex 182.25 7.53999 6.03748
      vertex 182.25 5.668 5.33347
      vertex 182.25 5.49767 5.07616
    endloop
  endfacet
  facet normal 1 0 0
    outer loop
      vertex 182.25 6.03937 5.7664
      vertex 182.25 6.97537 6.11841
      vertex 182.25 6.715 6.10056
    endloop
  endfacet
  facet normal 1 0 0
    outer loop
      vertex 182.25 6.24699 5.92455
      vertex 182.25 6.715 6.10056
      vertex 182.25 6.47198 6.03647
    endloop
  endfacet
  facet normal 1 0 0
    outer loop
      vertex 182.25 7.83766 5.95616
      vertex 182.25 5.49767 5.07616
      vertex 182.25 8.44232 5.76877
    endloop
  endfacet
  facet normal 1 0 0
    outer loop
      vertex 182.25 6.715 6.10056
      vertex 182.25 6.24699 5.92455
      vertex 182.25 6.03937 5.7664
    endloop
  endfacet
  facet normal 1 0 0
    outer loop
      vertex 182.25 6.97537 6.11841
      vertex 182.25 6.03937 5.7664
      vertex 182.25 5.84732 5.56685
    endloop
  endfacet
  facet normal 1 0 0
    outer loop
      vertex 182.25 7.25133 6.09485
      vertex 182.25 5.84732 5.56685
      vertex 182.25 5.668 5.33347
    endloop
  endfacet
  facet normal 1 0 0
    outer loop
      vertex 182.25 5.16632 4.53677
      vertex 182.25 8.44232 5.76877
      vertex 182.25 5.49767 5.07616
    endloop
  endfacet
  facet normal 1 0 0
    outer loop
      vertex 182.25 8.44232 5.76877
      vertex 182.25 5.16632 4.53677
      vertex 182.25 8.73999 5.68747
    endloop
  endfacet
  facet normal 1 0 0
    outer loop
      vertex 182.25 4.99599 4.27946
      vertex 182.25 8.73999 5.68747
      vertex 182.25 5.16632 4.53677
    endloop
  endfacet
  facet normal 1 0 -0
    outer loop
      vertex 182.25 5.31818 0
      vertex 182.25 8.73999 5.68747
      vertex 182.25 4.99599 4.27946
    endloop
  endfacet
  facet normal 1 -0 0
    outer loop
      vertex 182.25 56.9191 23.4055
      vertex 182.25 5.31818 0
      vertex 182.25 117 42
    endloop
  endfacet
  facet normal 1 -0 0
    outer loop
      vertex 182.25 9.565 5.62437
      vertex 182.25 5.31818 0
      vertex 182.25 9.808 5.68848
    endloop
  endfacet
  facet normal 1 0 0
    outer loop
      vertex 182.25 8.73999 5.68747
      vertex 182.25 5.31818 0
      vertex 182.25 9.02867 5.63008
    endloop
  endfacet
  facet normal 1 0 0
    outer loop
      vertex 182.25 9.02867 5.63008
      vertex 182.25 5.31818 0
      vertex 182.25 9.30463 5.60652
    endloop
  endfacet
  facet normal 1 -0 0
    outer loop
      vertex 182.25 9.30463 5.60652
      vertex 182.25 5.31818 0
      vertex 182.25 9.565 5.62437
    endloop
  endfacet
  facet normal 1 -0 0
    outer loop
      vertex 182.25 4.81667 4.04608
      vertex 182.25 5.31818 0
      vertex 182.25 4.99599 4.27946
    endloop
  endfacet
  facet normal 1 -0 0
    outer loop
      vertex 182.25 4.62462 3.84651
      vertex 182.25 5.31818 0
      vertex 182.25 4.81667 4.04608
    endloop
  endfacet
  facet normal 1 -0 0
    outer loop
      vertex 182.25 4.41701 3.68839
      vertex 182.25 5.31818 0
      vertex 182.25 4.62462 3.84651
    endloop
  endfacet
  facet normal 1 -0 0
    outer loop
      vertex 182.25 4.19199 3.57648
      vertex 182.25 5.31818 0
      vertex 182.25 4.41701 3.68839
    endloop
  endfacet
  facet normal 1 -0 0
    outer loop
      vertex 182.25 0 2
      vertex 182.25 5.31818 0
      vertex 182.25 4.19199 3.57648
    endloop
  endfacet
  facet normal 1 0 0
    outer loop
      vertex 182.25 5.31818 0
      vertex 182.25 0 2
      vertex 182.25 0 0
    endloop
  endfacet
  facet normal 1 0 -0
    outer loop
      vertex 176.25 117 0
      vertex 176.25 117 36
      vertex 176.25 21.2727 0
    endloop
  endfacet
  facet normal -1 0 0
    outer loop
      vertex 0 27.7476 12.435
      vertex 0 35.3028 8.4
      vertex 0 35.3028 0
    endloop
  endfacet
  facet normal -1 0 0
    outer loop
      vertex 0 35.3028 8.4
      vertex 0 33.1206 14.4829
      vertex 0 33.3635 14.547
    endloop
  endfacet
  facet normal -1 0 0
    outer loop
      vertex 0 35.3028 8.4
      vertex 0 32.8602 14.465
      vertex 0 33.1206 14.4829
    endloop
  endfacet
  facet normal -1 0 -0
    outer loop
      vertex 0 28.3722 12.9046
      vertex 0 35.3028 8.4
      vertex 0 28.1802 12.705
    endloop
  endfacet
  facet normal -1 0 0
    outer loop
      vertex 0 35.3028 8.4
      vertex 0 32.5842 14.4886
      vertex 0 32.8602 14.465
    endloop
  endfacet
  facet normal -1 0 0
    outer loop
      vertex 0 35.3028 8.4
      vertex 0 28.3722 12.9046
      vertex 0 32.5842 14.4886
    endloop
  endfacet
  facet normal -1 -0 0
    outer loop
      vertex 0 32.5842 14.4886
      vertex 0 28.3722 12.9046
      vertex 0 32.2955 14.546
    endloop
  endfacet
  facet normal -1 -0 0
    outer loop
      vertex 0 32.2955 14.546
      vertex 0 28.5515 13.138
      vertex 0 31.9979 14.6273
    endloop
  endfacet
  facet normal -1 0 -0
    outer loop
      vertex 0 28.7219 13.3953
      vertex 0 31.9979 14.6273
      vertex 0 28.5515 13.138
    endloop
  endfacet
  facet normal -1 -0 0
    outer loop
      vertex 0 31.9979 14.6273
      vertex 0 28.7219 13.3953
      vertex 0 31.3932 14.8147
    endloop
  endfacet
  facet normal -1 -0 0
    outer loop
      vertex 0 31.3932 14.8147
      vertex 0 29.0532 13.9347
      vertex 0 31.0956 14.896
    endloop
  endfacet
  facet normal -1 0 -0
    outer loop
      vertex 0 29.2235 14.192
      vertex 0 31.0956 14.896
      vertex 0 29.0532 13.9347
    endloop
  endfacet
  facet normal -1 0 -0
    outer loop
      vertex 0 29.4029 14.4254
      vertex 0 30.8069 14.9534
      vertex 0 29.2235 14.192
    endloop
  endfacet
  facet normal -1 -0 0
    outer loop
      vertex 0 30.8069 14.9534
      vertex 0 29.4029 14.4254
      vertex 0 30.5309 14.9769
    endloop
  endfacet
  facet normal -1 0 -0
    outer loop
      vertex 0 29.5949 14.6249
      vertex 0 30.5309 14.9769
      vertex 0 29.4029 14.4254
    endloop
  endfacet
  facet normal -1 0 -0
    outer loop
      vertex 0 29.8026 14.7831
      vertex 0 30.2705 14.959
      vertex 0 29.5949 14.6249
    endloop
  endfacet
  facet normal -1 0 0
    outer loop
      vertex 0 30.2705 14.959
      vertex 0 29.8026 14.7831
      vertex 0 30.0275 14.895
    endloop
  endfacet
  facet normal -1 0 0
    outer loop
      vertex 0 30.5309 14.9769
      vertex 0 29.5949 14.6249
      vertex 0 30.2705 14.959
    endloop
  endfacet
  facet normal -1 -0 0
    outer loop
      vertex 0 31.0956 14.896
      vertex 0 29.2235 14.192
      vertex 0 30.8069 14.9534
    endloop
  endfacet
  facet normal -1 0 -0
    outer loop
      vertex 0 29.0532 13.9347
      vertex 0 31.3932 14.8147
      vertex 0 28.7219 13.3953
    endloop
  endfacet
  facet normal -1 0 -0
    outer loop
      vertex 0 28.5515 13.138
      vertex 0 32.2955 14.546
      vertex 0 28.3722 12.9046
    endloop
  endfacet
  facet normal -1 0 0
    outer loop
      vertex 0 35.3028 8.4
      vertex 0 27.9725 12.5469
      vertex 0 28.1802 12.705
    endloop
  endfacet
  facet normal -1 0 0
    outer loop
      vertex 0 35.3028 8.4
      vertex 0 27.7476 12.435
      vertex 0 27.9725 12.5469
    endloop
  endfacet
  facet normal -1 0 0
    outer loop
      vertex 0 35.3028 0
      vertex 0 21.5857 10.1177
      vertex 0 27.7476 12.435
    endloop
  endfacet
  facet normal -1 0 0
    outer loop
      vertex 0 35.3028 0
      vertex 0 21.3428 10.0536
      vertex 0 21.5857 10.1177
    endloop
  endfacet
  facet normal -1 0 0
    outer loop
      vertex 0 16.1948 8.11763
      vertex 0 21.3428 10.0536
      vertex 0 35.3028 0
    endloop
  endfacet
  facet normal -1 0 0
    outer loop
      vertex 0 21.3428 10.0536
      vertex 0 16.1948 8.11763
      vertex 0 21.0824 10.0358
    endloop
  endfacet
  facet normal -1 0 -0
    outer loop
      vertex 0 16.4024 8.27577
      vertex 0 21.0824 10.0358
      vertex 0 16.1948 8.11763
    endloop
  endfacet
  facet normal -1 -0 0
    outer loop
      vertex 0 21.0824 10.0358
      vertex 0 16.4024 8.27577
      vertex 0 20.8064 10.0593
    endloop
  endfacet
  facet normal -1 -0 0
    outer loop
      vertex 0 20.8064 10.0593
      vertex 0 16.5945 8.47533
      vertex 0 20.5178 10.1167
    endloop
  endfacet
  facet normal -1 0 -0
    outer loop
      vertex 0 16.7738 8.70872
      vertex 0 20.5178 10.1167
      vertex 0 16.5945 8.47533
    endloop
  endfacet
  facet normal -1 0 -0
    outer loop
      vertex 0 16.9441 8.96602
      vertex 0 20.2201 10.198
      vertex 0 16.7738 8.70872
    endloop
  endfacet
  facet normal -1 -0 0
    outer loop
      vertex 0 20.2201 10.198
      vertex 0 16.9441 8.96602
      vertex 0 19.6154 10.3854
    endloop
  endfacet
  facet normal -1 0 -0
    outer loop
      vertex 0 17.2755 9.5054
      vertex 0 19.6154 10.3854
      vertex 0 16.9441 8.96602
    endloop
  endfacet
  facet normal -1 0 -0
    outer loop
      vertex 0 17.4458 9.76273
      vertex 0 19.3178 10.4667
      vertex 0 17.2755 9.5054
    endloop
  endfacet
  facet normal -1 -0 0
    outer loop
      vertex 0 19.3178 10.4667
      vertex 0 17.4458 9.76273
      vertex 0 19.0291 10.5241
    endloop
  endfacet
  facet normal -1 -0 0
    outer loop
      vertex 0 19.0291 10.5241
      vertex 0 17.6251 9.99609
      vertex 0 18.7531 10.5477
    endloop
  endfacet
  facet normal -1 0 -0
    outer loop
      vertex 0 17.8171 10.1957
      vertex 0 18.7531 10.5477
      vertex 0 17.6251 9.99609
    endloop
  endfacet
  facet normal -1 0 -0
    outer loop
      vertex 0 18.0248 10.3538
      vertex 0 18.4928 10.5298
      vertex 0 17.8171 10.1957
    endloop
  endfacet
  facet normal -1 0 0
    outer loop
      vertex 0 18.4928 10.5298
      vertex 0 18.0248 10.3538
      vertex 0 18.2498 10.4657
    endloop
  endfacet
  facet normal -1 0 0
    outer loop
      vertex 0 18.7531 10.5477
      vertex 0 17.8171 10.1957
      vertex 0 18.4928 10.5298
    endloop
  endfacet
  facet normal -1 0 -0
    outer loop
      vertex 0 17.6251 9.99609
      vertex 0 19.0291 10.5241
      vertex 0 17.4458 9.76273
    endloop
  endfacet
  facet normal -1 -0 0
    outer loop
      vertex 0 19.6154 10.3854
      vertex 0 17.2755 9.5054
      vertex 0 19.3178 10.4667
    endloop
  endfacet
  facet normal -1 -0 0
    outer loop
      vertex 0 20.5178 10.1167
      vertex 0 16.7738 8.70872
      vertex 0 20.2201 10.198
    endloop
  endfacet
  facet normal -1 0 -0
    outer loop
      vertex 0 16.5945 8.47533
      vertex 0 20.8064 10.0593
      vertex 0 16.4024 8.27577
    endloop
  endfacet
  facet normal -1 0 0
    outer loop
      vertex 0 35.3028 0
      vertex 0 15.9698 8.00574
      vertex 0 16.1948 8.11763
    endloop
  endfacet
  facet normal -1 0 0
    outer loop
      vertex 0 35.3028 0
      vertex 0 9.808 5.68848
      vertex 0 15.9698 8.00574
    endloop
  endfacet
  facet normal -1 0 0
    outer loop
      vertex 0 0 0
      vertex 0 9.808 5.68848
      vertex 0 35.3028 0
    endloop
  endfacet
  facet normal -1 0 0
    outer loop
      vertex 0 9.808 5.68848
      vertex 0 0 0
      vertex 0 9.565 5.62437
    endloop
  endfacet
  facet normal -1 0 -0
    outer loop
      vertex 0 4.41701 3.68839
      vertex 0 9.565 5.62437
      vertex 0 0 0
    endloop
  endfacet
  facet normal -1 0 0
    outer loop
      vertex 0 9.565 5.62437
      vertex 0 4.41701 3.68839
      vertex 0 9.30463 5.60652
    endloop
  endfacet
  facet normal -1 0 0
    outer loop
      vertex 0 5.49767 5.07616
      vertex 0 7.83766 5.95616
      vertex 0 8.44232 5.76877
    endloop
  endfacet
  facet normal -1 -0 0
    outer loop
      vertex 0 7.83766 5.95616
      vertex 0 5.49767 5.07616
      vertex 0 7.53999 6.03748
    endloop
  endfacet
  facet normal -1 0 -0
    outer loop
      vertex 0 5.668 5.33347
      vertex 0 7.53999 6.03748
      vertex 0 5.49767 5.07616
    endloop
  endfacet
  facet normal -1 0 0
    outer loop
      vertex 0 5.16632 4.53677
      vertex 0 8.44232 5.76877
      vertex 0 8.73999 5.68747
    endloop
  endfacet
  facet normal -1 -0 0
    outer loop
      vertex 0 7.53999 6.03748
      vertex 0 5.668 5.33347
      vertex 0 7.25133 6.09485
    endloop
  endfacet
  facet normal -1 0 -0
    outer loop
      vertex 0 4.62462 3.84651
      vertex 0 9.30463 5.60652
      vertex 0 4.41701 3.68839
    endloop
  endfacet
  facet normal -1 0 -0
    outer loop
      vertex 0 4.99599 4.27946
      vertex 0 8.73999 5.68747
      vertex 0 4.81667 4.04608
    endloop
  endfacet
  facet normal -1 0 0
    outer loop
      vertex 0 8.44232 5.76877
      vertex 0 5.16632 4.53677
      vertex 0 5.49767 5.07616
    endloop
  endfacet
  facet normal -1 0 -0
    outer loop
      vertex 0 5.84732 5.56685
      vertex 0 7.25133 6.09485
      vertex 0 5.668 5.33347
    endloop
  endfacet
  facet normal -1 0 -0
    outer loop
      vertex 0 6.03937 5.7664
      vertex 0 6.97537 6.11841
      vertex 0 5.84732 5.56685
    endloop
  endfacet
  facet normal -1 0 0
    outer loop
      vertex 0 6.97537 6.11841
      vertex 0 6.03937 5.7664
      vertex 0 6.715 6.10056
    endloop
  endfacet
  facet normal -1 0 0
    outer loop
      vertex 0 6.715 6.10056
      vertex 0 6.24699 5.92455
      vertex 0 6.47198 6.03647
    endloop
  endfacet
  facet normal -1 0 -0
    outer loop
      vertex 0 6.24699 5.92455
      vertex 0 6.715 6.10056
      vertex 0 6.03937 5.7664
    endloop
  endfacet
  facet normal -1 -0 0
    outer loop
      vertex 0 7.25133 6.09485
      vertex 0 5.84732 5.56685
      vertex 0 6.97537 6.11841
    endloop
  endfacet
  facet normal -1 0 -0
    outer loop
      vertex 0 5.16632 4.53677
      vertex 0 8.73999 5.68747
      vertex 0 4.99599 4.27946
    endloop
  endfacet
  facet normal -1 -0 0
    outer loop
      vertex 0 9.02867 5.63008
      vertex 0 4.81667 4.04608
      vertex 0 8.73999 5.68747
    endloop
  endfacet
  facet normal -1 0 -0
    outer loop
      vertex 0 4.81667 4.04608
      vertex 0 9.02867 5.63008
      vertex 0 4.62462 3.84651
    endloop
  endfacet
  facet normal -1 -0 0
    outer loop
      vertex 0 9.30463 5.60652
      vertex 0 4.62462 3.84651
      vertex 0 9.02867 5.63008
    endloop
  endfacet
  facet normal -1 0 0
    outer loop
      vertex 0 4.41701 3.68839
      vertex 0 0 0
      vertex 0 4.19199 3.57648
    endloop
  endfacet
  facet normal -1 0 0
    outer loop
      vertex 0 4.19199 3.57648
      vertex 0 0 0
      vertex 0 0 2
    endloop
  endfacet
  facet normal -1 0 0
    outer loop
      vertex 0 73.0196 12.042
      vertex 0 93.7892 8.4
      vertex 0 93.7892 0
    endloop
  endfacet
  facet normal -1 0 0
    outer loop
      vertex 0 93.7892 8.4
      vertex 0 92.0094 36.6291
      vertex 0 92.2524 36.6932
    endloop
  endfacet
  facet normal -1 0 0
    outer loop
      vertex 0 93.7892 8.4
      vertex 0 86.8615 34.6931
      vertex 0 92.0094 36.6291
    endloop
  endfacet
  facet normal -1 0 0
    outer loop
      vertex 0 92.0094 36.6291
      vertex 0 86.8615 34.6931
      vertex 0 91.7491 36.6113
    endloop
  endfacet
  facet normal -1 0 -0
    outer loop
      vertex 0 87.0691 34.8513
      vertex 0 91.7491 36.6113
      vertex 0 86.8615 34.6931
    endloop
  endfacet
  facet normal -1 -0 0
    outer loop
      vertex 0 91.7491 36.6113
      vertex 0 87.0691 34.8513
      vertex 0 91.4731 36.6348
    endloop
  endfacet
  facet normal -1 0 -0
    outer loop
      vertex 0 87.2611 35.0508
      vertex 0 91.4731 36.6348
      vertex 0 87.0691 34.8513
    endloop
  endfacet
  facet normal -1 0 -0
    outer loop
      vertex 0 87.4404 35.2842
      vertex 0 91.1844 36.6922
      vertex 0 87.2611 35.0508
    endloop
  endfacet
  facet normal -1 -0 0
    outer loop
      vertex 0 91.1844 36.6922
      vertex 0 87.4404 35.2842
      vertex 0 90.8868 36.7735
    endloop
  endfacet
  facet normal -1 0 -0
    outer loop
      vertex 0 87.6108 35.5415
      vertex 0 90.8868 36.7735
      vertex 0 87.4404 35.2842
    endloop
  endfacet
  facet normal -1 0 -0
    outer loop
      vertex 0 87.9421 36.0809
      vertex 0 90.2821 36.9609
      vertex 0 87.6108 35.5415
    endloop
  endfacet
  facet normal -1 -0 0
    outer loop
      vertex 0 90.2821 36.9609
      vertex 0 87.9421 36.0809
      vertex 0 89.9844 37.0422
    endloop
  endfacet
  facet normal -1 -0 0
    outer loop
      vertex 0 89.9844 37.0422
      vertex 0 88.1124 36.3382
      vertex 0 89.6958 37.0996
    endloop
  endfacet
  facet normal -1 0 -0
    outer loop
      vertex 0 88.2918 36.5716
      vertex 0 89.6958 37.0996
      vertex 0 88.1124 36.3382
    endloop
  endfacet
  facet normal -1 0 -0
    outer loop
      vertex 0 88.4838 36.7712
      vertex 0 89.4198 37.1232
      vertex 0 88.2918 36.5716
    endloop
  endfacet
  facet normal -1 0 0
    outer loop
      vertex 0 89.4198 37.1232
      vertex 0 88.4838 36.7712
      vertex 0 89.1594 37.1053
    endloop
  endfacet
  facet normal -1 0 -0
    outer loop
      vertex 0 88.6914 36.9293
      vertex 0 89.1594 37.1053
      vertex 0 88.4838 36.7712
    endloop
  endfacet
  facet normal -1 0 0
    outer loop
      vertex 0 89.1594 37.1053
      vertex 0 88.6914 36.9293
      vertex 0 88.9164 37.0412
    endloop
  endfacet
  facet normal -1 -0 0
    outer loop
      vertex 0 89.6958 37.0996
      vertex 0 88.2918 36.5716
      vertex 0 89.4198 37.1232
    endloop
  endfacet
  facet normal -1 0 -0
    outer loop
      vertex 0 88.1124 36.3382
      vertex 0 89.9844 37.0422
      vertex 0 87.9421 36.0809
    endloop
  endfacet
  facet normal -1 -0 0
    outer loop
      vertex 0 90.8868 36.7735
      vertex 0 87.6108 35.5415
      vertex 0 90.2821 36.9609
    endloop
  endfacet
  facet normal -1 -0 0
    outer loop
      vertex 0 91.4731 36.6348
      vertex 0 87.2611 35.0508
      vertex 0 91.1844 36.6922
    endloop
  endfacet
  facet normal -1 0 0
    outer loop
      vertex 0 93.7892 8.4
      vertex 0 86.6365 34.5812
      vertex 0 86.8615 34.6931
    endloop
  endfacet
  facet normal -1 0 0
    outer loop
      vertex 0 73.8002 15.2935
      vertex 0 93.7892 8.4
      vertex 0 73.9174 14.8053
    endloop
  endfacet
  facet normal -1 0 -0
    outer loop
      vertex 0 80.4747 32.264
      vertex 0 93.7892 8.4
      vertex 0 73.8002 15.2935
    endloop
  endfacet
  facet normal -1 0 0
    outer loop
      vertex 0 93.7892 8.4
      vertex 0 80.4747 32.264
      vertex 0 86.6365 34.5812
    endloop
  endfacet
  facet normal -1 0 0
    outer loop
      vertex 0 73.608 15.7575
      vertex 0 80.4747 32.264
      vertex 0 73.8002 15.2935
    endloop
  endfacet
  facet normal -1 0 0
    outer loop
      vertex 0 80.4747 32.264
      vertex 0 73.608 15.7575
      vertex 0 80.2317 32.1999
    endloop
  endfacet
  facet normal -1 0 0
    outer loop
      vertex 0 73.3457 16.1856
      vertex 0 80.2317 32.1999
      vertex 0 73.608 15.7575
    endloop
  endfacet
  facet normal -1 0 -0
    outer loop
      vertex 0 75.0837 30.2639
      vertex 0 80.2317 32.1999
      vertex 0 73.3457 16.1856
    endloop
  endfacet
  facet normal -1 0 0
    outer loop
      vertex 0 80.2317 32.1999
      vertex 0 75.0837 30.2639
      vertex 0 79.9713 32.182
    endloop
  endfacet
  facet normal -1 0 -0
    outer loop
      vertex 0 75.4833 30.6216
      vertex 0 79.6953 32.2056
      vertex 0 75.2913 30.422
    endloop
  endfacet
  facet normal -1 -0 0
    outer loop
      vertex 0 79.6953 32.2056
      vertex 0 75.4833 30.6216
      vertex 0 79.4067 32.263
    endloop
  endfacet
  facet normal -1 -0 0
    outer loop
      vertex 0 79.4067 32.263
      vertex 0 75.6627 30.855
      vertex 0 79.109 32.3443
    endloop
  endfacet
  facet normal -1 -0 0
    outer loop
      vertex 0 79.109 32.3443
      vertex 0 75.833 31.1123
      vertex 0 78.5043 32.5316
    endloop
  endfacet
  facet normal -1 0 -0
    outer loop
      vertex 0 76.1643 31.6517
      vertex 0 78.5043 32.5316
      vertex 0 75.833 31.1123
    endloop
  endfacet
  facet normal -1 -0 0
    outer loop
      vertex 0 78.2067 32.613
      vertex 0 76.3347 31.909
      vertex 0 77.918 32.6703
    endloop
  endfacet
  facet normal -1 0 -0
    outer loop
      vertex 0 76.514 32.1423
      vertex 0 77.918 32.6703
      vertex 0 76.3347 31.909
    endloop
  endfacet
  facet normal -1 0 -0
    outer loop
      vertex 0 76.706 32.3419
      vertex 0 77.642 32.6939
      vertex 0 76.514 32.1423
    endloop
  endfacet
  facet normal -1 0 0
    outer loop
      vertex 0 77.642 32.6939
      vertex 0 76.706 32.3419
      vertex 0 77.3817 32.676
    endloop
  endfacet
  facet normal -1 0 -0
    outer loop
      vertex 0 76.9137 32.5
      vertex 0 77.3817 32.676
      vertex 0 76.706 32.3419
    endloop
  endfacet
  facet normal -1 0 0
    outer loop
      vertex 0 77.3817 32.676
      vertex 0 76.9137 32.5
      vertex 0 77.1387 32.612
    endloop
  endfacet
  facet normal -1 -0 0
    outer loop
      vertex 0 77.918 32.6703
      vertex 0 76.514 32.1423
      vertex 0 77.642 32.6939
    endloop
  endfacet
  facet normal -1 0 -0
    outer loop
      vertex 0 76.3347 31.909
      vertex 0 78.2067 32.613
      vertex 0 76.1643 31.6517
    endloop
  endfacet
  facet normal -1 -0 0
    outer loop
      vertex 0 78.5043 32.5316
      vertex 0 76.1643 31.6517
      vertex 0 78.2067 32.613
    endloop
  endfacet
  facet normal -1 0 -0
    outer loop
      vertex 0 75.833 31.1123
      vertex 0 79.109 32.3443
      vertex 0 75.6627 30.855
    endloop
  endfacet
  facet normal -1 0 0
    outer loop
      vertex 0 93.7892 8.4
      vertex 0 73.9568 14.3047
      vertex 0 73.9174 14.8053
    endloop
  endfacet
  facet normal -1 0 0
    outer loop
      vertex 0 93.7892 8.4
      vertex 0 73.9174 13.8041
      vertex 0 73.9568 14.3047
    endloop
  endfacet
  facet normal -1 0 0
    outer loop
      vertex 0 93.7892 8.4
      vertex 0 73.8002 13.3159
      vertex 0 73.9174 13.8041
    endloop
  endfacet
  facet normal -1 0 0
    outer loop
      vertex 0 93.7892 8.4
      vertex 0 73.608 12.8519
      vertex 0 73.8002 13.3159
    endloop
  endfacet
  facet normal -1 0 0
    outer loop
      vertex 0 93.7892 8.4
      vertex 0 73.3457 12.4238
      vertex 0 73.608 12.8519
    endloop
  endfacet
  facet normal -1 0 0
    outer loop
      vertex 0 93.7892 8.4
      vertex 0 73.0196 12.042
      vertex 0 73.3457 12.4238
    endloop
  endfacet
  facet normal -1 0 0
    outer loop
      vertex 0 93.7892 0
      vertex 0 72.6377 11.7158
      vertex 0 73.0196 12.042
    endloop
  endfacet
  facet normal -1 0 0
    outer loop
      vertex 0 93.7892 0
      vertex 0 72.2096 11.4535
      vertex 0 72.6377 11.7158
    endloop
  endfacet
  facet normal -1 0 0
    outer loop
      vertex 0 93.7892 0
      vertex 0 71.7457 11.2613
      vertex 0 72.2096 11.4535
    endloop
  endfacet
  facet normal -1 0 0
    outer loop
      vertex 0 93.7892 0
      vertex 0 71.2574 11.1441
      vertex 0 71.7457 11.2613
    endloop
  endfacet
  facet normal -1 0 0
    outer loop
      vertex 0 93.7892 0
      vertex 0 70.7568 11.1047
      vertex 0 71.2574 11.1441
    endloop
  endfacet
  facet normal -1 0 0
    outer loop
      vertex 0 47.7245 0
      vertex 0 70.7568 11.1047
      vertex 0 93.7892 0
    endloop
  endfacet
  facet normal -1 -0 0
    outer loop
      vertex 0 70.7568 11.1047
      vertex 0 47.7245 0
      vertex 0 70.2562 11.1441
    endloop
  endfacet
  facet normal -1 -0 0
    outer loop
      vertex 0 70.2562 11.1441
      vertex 0 47.7245 0
      vertex 0 69.768 11.2613
    endloop
  endfacet
  facet normal -1 0 0
    outer loop
      vertex 0 68.4941 16.5674
      vertex 0 66.7266 28.1024
      vertex 0 67.3312 27.915
    endloop
  endfacet
  facet normal -1 0 0
    outer loop
      vertex 0 67.5962 14.8053
      vertex 0 63.7056 26.1923
      vertex 0 66.7266 28.1024
    endloop
  endfacet
  facet normal -1 0 0
    outer loop
      vertex 0 56.6761 23.3414
      vertex 0 67.5568 14.3047
      vertex 0 67.5962 13.8041
    endloop
  endfacet
  facet normal -1 0 -0
    outer loop
      vertex 0 63.8849 26.4257
      vertex 0 66.7266 28.1024
      vertex 0 63.7056 26.1923
    endloop
  endfacet
  facet normal -1 0 -0
    outer loop
      vertex 0 64.0552 26.683
      vertex 0 66.7266 28.1024
      vertex 0 63.8849 26.4257
    endloop
  endfacet
  facet normal -1 -0 0
    outer loop
      vertex 0 66.7266 28.1024
      vertex 0 64.3866 27.2224
      vertex 0 66.4289 28.1837
    endloop
  endfacet
  facet normal -1 0 -0
    outer loop
      vertex 0 64.5569 27.4797
      vertex 0 66.4289 28.1837
      vertex 0 64.3866 27.2224
    endloop
  endfacet
  facet normal -1 0 -0
    outer loop
      vertex 0 64.7362 27.7131
      vertex 0 66.1402 28.2411
      vertex 0 64.5569 27.4797
    endloop
  endfacet
  facet normal -1 -0 0
    outer loop
      vertex 0 66.1402 28.2411
      vertex 0 64.7362 27.7131
      vertex 0 65.8643 28.2647
    endloop
  endfacet
  facet normal -1 0 -0
    outer loop
      vertex 0 64.9283 27.9127
      vertex 0 65.8643 28.2647
      vertex 0 64.7362 27.7131
    endloop
  endfacet
  facet normal -1 0 -0
    outer loop
      vertex 0 65.1359 28.0708
      vertex 0 65.6039 28.2468
      vertex 0 64.9283 27.9127
    endloop
  endfacet
  facet normal -1 0 0
    outer loop
      vertex 0 65.6039 28.2468
      vertex 0 65.1359 28.0708
      vertex 0 65.3609 28.1827
    endloop
  endfacet
  facet normal -1 0 0
    outer loop
      vertex 0 65.8643 28.2647
      vertex 0 64.9283 27.9127
      vertex 0 65.6039 28.2468
    endloop
  endfacet
  facet normal -1 0 0
    outer loop
      vertex 0 47.7245 8.4
      vertex 0 67.5962 13.8041
      vertex 0 67.7134 13.3159
    endloop
  endfacet
  facet normal -1 -0 0
    outer loop
      vertex 0 66.4289 28.1837
      vertex 0 64.5569 27.4797
      vertex 0 66.1402 28.2411
    endloop
  endfacet
  facet normal -1 0 -0
    outer loop
      vertex 0 64.3866 27.2224
      vertex 0 66.7266 28.1024
      vertex 0 64.0552 26.683
    endloop
  endfacet
  facet normal -1 0 0
    outer loop
      vertex 0 67.5962 14.8053
      vertex 0 63.5135 25.9928
      vertex 0 63.7056 26.1923
    endloop
  endfacet
  facet normal -1 0 0
    outer loop
      vertex 0 67.5962 14.8053
      vertex 0 63.3059 25.8346
      vertex 0 63.5135 25.9928
    endloop
  endfacet
  facet normal -1 0 0
    outer loop
      vertex 0 67.5962 14.8053
      vertex 0 63.081 25.7228
      vertex 0 63.3059 25.8346
    endloop
  endfacet
  facet normal -1 0 0
    outer loop
      vertex 0 67.5962 14.8053
      vertex 0 56.9191 23.4055
      vertex 0 63.081 25.7228
    endloop
  endfacet
  facet normal -1 0 0
    outer loop
      vertex 0 47.7245 8.4
      vertex 0 67.7134 13.3159
      vertex 0 67.9056 12.8519
    endloop
  endfacet
  facet normal -1 0 0
    outer loop
      vertex 0 47.7245 8.4
      vertex 0 67.9056 12.8519
      vertex 0 68.168 12.4238
    endloop
  endfacet
  facet normal -1 0 0
    outer loop
      vertex 0 47.7245 8.4
      vertex 0 68.168 12.4238
      vertex 0 68.4941 12.042
    endloop
  endfacet
  facet normal -1 0 0
    outer loop
      vertex 0 67.5568 14.3047
      vertex 0 56.6761 23.3414
      vertex 0 56.9191 23.4055
    endloop
  endfacet
  facet normal -1 0 0
    outer loop
      vertex 0 67.5962 13.8041
      vertex 0 51.5281 21.4054
      vertex 0 56.6761 23.3414
    endloop
  endfacet
  facet normal -1 0 0
    outer loop
      vertex 0 56.6761 23.3414
      vertex 0 51.5281 21.4054
      vertex 0 56.4157 23.3235
    endloop
  endfacet
  facet normal -1 0 -0
    outer loop
      vertex 0 51.7357 21.5635
      vertex 0 56.4157 23.3235
      vertex 0 51.5281 21.4054
    endloop
  endfacet
  facet normal -1 0 -0
    outer loop
      vertex 0 51.9278 21.7631
      vertex 0 56.1398 23.3471
      vertex 0 51.7357 21.5635
    endloop
  endfacet
  facet normal -1 -0 0
    outer loop
      vertex 0 56.1398 23.3471
      vertex 0 51.9278 21.7631
      vertex 0 55.8511 23.4045
    endloop
  endfacet
  facet normal -1 0 -0
    outer loop
      vertex 0 52.1071 21.9965
      vertex 0 55.8511 23.4045
      vertex 0 51.9278 21.7631
    endloop
  endfacet
  facet normal -1 0 0
    outer loop
      vertex 0 47.7245 0
      vertex 0 68.4941 12.042
      vertex 0 68.8759 11.7158
    endloop
  endfacet
  facet normal -1 0 -0
    outer loop
      vertex 0 52.2774 22.2538
      vertex 0 55.5534 23.4858
      vertex 0 52.1071 21.9965
    endloop
  endfacet
  facet normal -1 -0 0
    outer loop
      vertex 0 55.5534 23.4858
      vertex 0 52.2774 22.2538
      vertex 0 54.9488 23.6732
    endloop
  endfacet
  facet normal -1 0 -0
    outer loop
      vertex 0 52.6088 22.7932
      vertex 0 54.9488 23.6732
      vertex 0 52.2774 22.2538
    endloop
  endfacet
  facet normal -1 0 -0
    outer loop
      vertex 0 52.7791 23.0505
      vertex 0 54.6511 23.7545
      vertex 0 52.6088 22.7932
    endloop
  endfacet
  facet normal -1 -0 0
    outer loop
      vertex 0 54.6511 23.7545
      vertex 0 52.7791 23.0505
      vertex 0 54.3624 23.8118
    endloop
  endfacet
  facet normal -1 -0 0
    outer loop
      vertex 0 54.3624 23.8118
      vertex 0 52.9584 23.2838
      vertex 0 54.0865 23.8354
    endloop
  endfacet
  facet normal -1 0 -0
    outer loop
      vertex 0 53.1505 23.4834
      vertex 0 54.0865 23.8354
      vertex 0 52.9584 23.2838
    endloop
  endfacet
  facet normal -1 0 -0
    outer loop
      vertex 0 53.3581 23.6415
      vertex 0 53.8261 23.8176
      vertex 0 53.1505 23.4834
    endloop
  endfacet
  facet normal -1 0 0
    outer loop
      vertex 0 53.8261 23.8176
      vertex 0 53.3581 23.6415
      vertex 0 53.5831 23.7535
    endloop
  endfacet
  facet normal -1 0 0
    outer loop
      vertex 0 54.0865 23.8354
      vertex 0 53.1505 23.4834
      vertex 0 53.8261 23.8176
    endloop
  endfacet
  facet normal -1 0 -0
    outer loop
      vertex 0 52.9584 23.2838
      vertex 0 54.3624 23.8118
      vertex 0 52.7791 23.0505
    endloop
  endfacet
  facet normal -1 -0 0
    outer loop
      vertex 0 54.9488 23.6732
      vertex 0 52.6088 22.7932
      vertex 0 54.6511 23.7545
    endloop
  endfacet
  facet normal -1 0 0
    outer loop
      vertex 0 47.7245 0
      vertex 0 68.8759 11.7158
      vertex 0 69.3041 11.4535
    endloop
  endfacet
  facet normal -1 -0 0
    outer loop
      vertex 0 55.8511 23.4045
      vertex 0 52.1071 21.9965
      vertex 0 55.5534 23.4858
    endloop
  endfacet
  facet normal -1 -0 0
    outer loop
      vertex 0 56.4157 23.3235
      vertex 0 51.7357 21.5635
      vertex 0 56.1398 23.3471
    endloop
  endfacet
  facet normal -1 -0 0
    outer loop
      vertex 0 67.5962 13.8041
      vertex 0 47.7245 8.4
      vertex 0 51.5281 21.4054
    endloop
  endfacet
  facet normal -1 -0 0
    outer loop
      vertex 0 69.768 11.2613
      vertex 0 47.7245 0
      vertex 0 69.3041 11.4535
    endloop
  endfacet
  facet normal -1 0 0
    outer loop
      vertex 0 68.4941 12.042
      vertex 0 47.7245 0
      vertex 0 47.7245 8.4
    endloop
  endfacet
  facet normal -1 0 0
    outer loop
      vertex 0 51.5281 21.4054
      vertex 0 47.7245 8.4
      vertex 0 51.3031 21.2935
    endloop
  endfacet
  facet normal -1 0 0
    outer loop
      vertex 0 47.7245 8.4
      vertex 0 45.1413 18.9762
      vertex 0 51.3031 21.2935
    endloop
  endfacet
  facet normal -1 0 0
    outer loop
      vertex 0 47.7245 8.4
      vertex 0 44.8983 18.9121
      vertex 0 45.1413 18.9762
    endloop
  endfacet
  facet normal -1 0 0
    outer loop
      vertex 0 47.7245 8.4
      vertex 0 44.638 18.8943
      vertex 0 44.8983 18.9121
    endloop
  endfacet
  facet normal -1 0 0
    outer loop
      vertex 0 39.958 17.1343
      vertex 0 44.638 18.8943
      vertex 0 47.7245 8.4
    endloop
  endfacet
  facet normal -1 -0 0
    outer loop
      vertex 0 44.638 18.8943
      vertex 0 39.958 17.1343
      vertex 0 44.362 18.9178
    endloop
  endfacet
  facet normal -1 0 -0
    outer loop
      vertex 0 40.15 17.3338
      vertex 0 44.362 18.9178
      vertex 0 39.958 17.1343
    endloop
  endfacet
  facet normal -1 0 -0
    outer loop
      vertex 0 40.3293 17.5672
      vertex 0 44.0733 18.9752
      vertex 0 40.15 17.3338
    endloop
  endfacet
  facet normal -1 -0 0
    outer loop
      vertex 0 44.0733 18.9752
      vertex 0 40.3293 17.5672
      vertex 0 43.7757 19.0565
    endloop
  endfacet
  facet normal -1 0 -0
    outer loop
      vertex 0 40.4997 17.8245
      vertex 0 43.7757 19.0565
      vertex 0 40.3293 17.5672
    endloop
  endfacet
  facet normal -1 0 -0
    outer loop
      vertex 0 40.831 18.3639
      vertex 0 43.171 19.2439
      vertex 0 40.4997 17.8245
    endloop
  endfacet
  facet normal -1 -0 0
    outer loop
      vertex 0 43.171 19.2439
      vertex 0 40.831 18.3639
      vertex 0 42.8733 19.3252
    endloop
  endfacet
  facet normal -1 -0 0
    outer loop
      vertex 0 42.8733 19.3252
      vertex 0 41.0013 18.6212
      vertex 0 42.5847 19.3826
    endloop
  endfacet
  facet normal -1 0 -0
    outer loop
      vertex 0 41.1806 18.8546
      vertex 0 42.5847 19.3826
      vertex 0 41.0013 18.6212
    endloop
  endfacet
  facet normal -1 -0 0
    outer loop
      vertex 0 42.5847 19.3826
      vertex 0 41.1806 18.8546
      vertex 0 42.3087 19.4062
    endloop
  endfacet
  facet normal -1 0 0
    outer loop
      vertex 0 42.3087 19.4062
      vertex 0 41.3727 19.0542
      vertex 0 42.0483 19.3883
    endloop
  endfacet
  facet normal -1 0 -0
    outer loop
      vertex 0 41.5803 19.2123
      vertex 0 42.0483 19.3883
      vertex 0 41.3727 19.0542
    endloop
  endfacet
  facet normal -1 0 0
    outer loop
      vertex 0 42.0483 19.3883
      vertex 0 41.5803 19.2123
      vertex 0 41.8053 19.3242
    endloop
  endfacet
  facet normal -1 0 -0
    outer loop
      vertex 0 41.3727 19.0542
      vertex 0 42.3087 19.4062
      vertex 0 41.1806 18.8546
    endloop
  endfacet
  facet normal -1 0 -0
    outer loop
      vertex 0 41.0013 18.6212
      vertex 0 42.8733 19.3252
      vertex 0 40.831 18.3639
    endloop
  endfacet
  facet normal -1 -0 0
    outer loop
      vertex 0 43.7757 19.0565
      vertex 0 40.4997 17.8245
      vertex 0 43.171 19.2439
    endloop
  endfacet
  facet normal -1 -0 0
    outer loop
      vertex 0 44.362 18.9178
      vertex 0 40.15 17.3338
      vertex 0 44.0733 18.9752
    endloop
  endfacet
  facet normal -1 0 0
    outer loop
      vertex 0 47.7245 8.4
      vertex 0 39.7503 16.9761
      vertex 0 39.958 17.1343
    endloop
  endfacet
  facet normal -1 0 0
    outer loop
      vertex 0 47.7245 8.4
      vertex 0 39.5253 16.8642
      vertex 0 39.7503 16.9761
    endloop
  endfacet
  facet normal -1 0 0
    outer loop
      vertex 0 35.3028 8.4
      vertex 0 39.5253 16.8642
      vertex 0 47.7245 8.4
    endloop
  endfacet
  facet normal -1 0 0
    outer loop
      vertex 0 39.5253 16.8642
      vertex 0 35.3028 8.4
      vertex 0 33.3635 14.547
    endloop
  endfacet
  facet normal -1 0 0
    outer loop
      vertex 0 111.161 20.8071
      vertex 0 117 36
      vertex 0 117 0
    endloop
  endfacet
  facet normal -1 0 0
    outer loop
      vertex 0 111.161 21.8083
      vertex 0 117 36
      vertex 0 111.2 21.3077
    endloop
  endfacet
  facet normal -1 0 0
    outer loop
      vertex 0 111.043 22.2965
      vertex 0 117 36
      vertex 0 111.161 21.8083
    endloop
  endfacet
  facet normal -1 0 0
    outer loop
      vertex 0 110.851 22.7605
      vertex 0 117 36
      vertex 0 111.043 22.2965
    endloop
  endfacet
  facet normal -1 0 0
    outer loop
      vertex 0 110.589 23.1886
      vertex 0 117 36
      vertex 0 110.851 22.7605
    endloop
  endfacet
  facet normal -1 0 0
    outer loop
      vertex 0 110.263 23.5704
      vertex 0 117 36
      vertex 0 110.589 23.1886
    endloop
  endfacet
  facet normal -1 0 0
    outer loop
      vertex 0 117 36
      vertex 0 115.808 45.5517
      vertex 0 117 46
    endloop
  endfacet
  facet normal -1 0 0
    outer loop
      vertex 0 117 36
      vertex 0 115.565 45.4876
      vertex 0 115.808 45.5517
    endloop
  endfacet
  facet normal -1 0 0
    outer loop
      vertex 0 104.03 41.1225
      vertex 0 117 36
      vertex 0 108 25.8332
    endloop
  endfacet
  facet normal -1 0 -0
    outer loop
      vertex 0 110.625 43.7098
      vertex 0 117 36
      vertex 0 110.417 43.5516
    endloop
  endfacet
  facet normal -1 0 0
    outer loop
      vertex 0 117 36
      vertex 0 115.305 45.4698
      vertex 0 115.565 45.4876
    endloop
  endfacet
  facet normal -1 0 -0
    outer loop
      vertex 0 110.817 43.9093
      vertex 0 117 36
      vertex 0 110.625 43.7098
    endloop
  endfacet
  facet normal -1 -0 0
    outer loop
      vertex 0 115.029 45.4933
      vertex 0 110.817 43.9093
      vertex 0 114.74 45.5507
    endloop
  endfacet
  facet normal -1 0 -0
    outer loop
      vertex 0 110.996 44.1427
      vertex 0 114.74 45.5507
      vertex 0 110.817 43.9093
    endloop
  endfacet
  facet normal -1 -0 0
    outer loop
      vertex 0 114.74 45.5507
      vertex 0 110.996 44.1427
      vertex 0 114.442 45.632
    endloop
  endfacet
  facet normal -1 0 -0
    outer loop
      vertex 0 111.498 44.9394
      vertex 0 113.838 45.8194
      vertex 0 111.166 44.4
    endloop
  endfacet
  facet normal -1 -0 0
    outer loop
      vertex 0 113.838 45.8194
      vertex 0 111.498 44.9394
      vertex 0 113.54 45.9007
    endloop
  endfacet
  facet normal -1 -0 0
    outer loop
      vertex 0 113.54 45.9007
      vertex 0 111.668 45.1967
      vertex 0 113.251 45.9581
    endloop
  endfacet
  facet normal -1 0 0
    outer loop
      vertex 0 108 25.8332
      vertex 0 117 36
      vertex 0 110.263 23.5704
    endloop
  endfacet
  facet normal -1 0 0
    outer loop
      vertex 0 117 36
      vertex 0 111.161 20.8071
      vertex 0 111.2 21.3077
    endloop
  endfacet
  facet normal -1 0 0
    outer loop
      vertex 0 117 0
      vertex 0 111.043 20.3188
      vertex 0 111.161 20.8071
    endloop
  endfacet
  facet normal -1 0 0
    outer loop
      vertex 0 117 0
      vertex 0 110.851 19.8549
      vertex 0 111.043 20.3188
    endloop
  endfacet
  facet normal -1 0 0
    outer loop
      vertex 0 117 0
      vertex 0 110.589 19.4268
      vertex 0 110.851 19.8549
    endloop
  endfacet
  facet normal -1 0 0
    outer loop
      vertex 0 117 0
      vertex 0 110.263 19.045
      vertex 0 110.589 19.4268
    endloop
  endfacet
  facet normal -1 0 0
    outer loop
      vertex 0 117 0
      vertex 0 109.881 18.7188
      vertex 0 110.263 19.045
    endloop
  endfacet
  facet normal -1 0 0
    outer loop
      vertex 0 106.211 8.4
      vertex 0 109.881 18.7188
      vertex 0 117 0
    endloop
  endfacet
  facet normal -1 0 0
    outer loop
      vertex 0 109.881 18.7188
      vertex 0 106.211 8.4
      vertex 0 109.453 18.4565
    endloop
  endfacet
  facet normal -1 0 0
    outer loop
      vertex 0 109.453 18.4565
      vertex 0 106.211 8.4
      vertex 0 108.989 18.2643
    endloop
  endfacet
  facet normal -1 0 0
    outer loop
      vertex 0 108.989 18.2643
      vertex 0 106.211 8.4
      vertex 0 108.501 18.1471
    endloop
  endfacet
  facet normal -1 0 0
    outer loop
      vertex 0 108.501 18.1471
      vertex 0 106.211 8.4
      vertex 0 108 18.1077
    endloop
  endfacet
  facet normal -1 -0 0
    outer loop
      vertex 0 108 18.1077
      vertex 0 106.211 8.4
      vertex 0 107.499 18.1471
    endloop
  endfacet
  facet normal -1 -0 0
    outer loop
      vertex 0 107.499 18.1471
      vertex 0 106.211 8.4
      vertex 0 107.011 18.2643
    endloop
  endfacet
  facet normal -1 0 0
    outer loop
      vertex 0 106.211 8.4
      vertex 0 117 0
      vertex 0 106.211 0
    endloop
  endfacet
  facet normal -1 -0 0
    outer loop
      vertex 0 107.011 18.2643
      vertex 0 106.211 8.4
      vertex 0 106.547 18.4565
    endloop
  endfacet
  facet normal -1 0 0
    outer loop
      vertex 0 106.211 8.4
      vertex 0 106.119 18.7188
      vertex 0 106.547 18.4565
    endloop
  endfacet
  facet normal -1 0 0
    outer loop
      vertex 0 106.211 8.4
      vertex 0 105.737 19.045
      vertex 0 106.119 18.7188
    endloop
  endfacet
  facet normal -1 0 0
    outer loop
      vertex 0 93.7892 8.4
      vertex 0 105.737 19.045
      vertex 0 106.211 8.4
    endloop
  endfacet
  facet normal -1 -0 0
    outer loop
      vertex 0 105.737 19.045
      vertex 0 93.7892 8.4
      vertex 0 105.411 19.4268
    endloop
  endfacet
  facet normal -1 -0 0
    outer loop
      vertex 0 105.411 19.4268
      vertex 0 93.7892 8.4
      vertex 0 105.149 19.8549
    endloop
  endfacet
  facet normal -1 -0 0
    outer loop
      vertex 0 105.149 19.8549
      vertex 0 93.7892 8.4
      vertex 0 104.957 20.3188
    endloop
  endfacet
  facet normal -1 0 0
    outer loop
      vertex 0 108 25.8332
      vertex 0 103.787 41.0584
      vertex 0 104.03 41.1225
    endloop
  endfacet
  facet normal -1 0 0
    outer loop
      vertex 0 104.839 21.8083
      vertex 0 98.6392 39.1224
      vertex 0 103.787 41.0584
    endloop
  endfacet
  facet normal -1 0 0
    outer loop
      vertex 0 103.787 41.0584
      vertex 0 98.6392 39.1224
      vertex 0 103.527 41.0405
    endloop
  endfacet
  facet normal -1 0 -0
    outer loop
      vertex 0 98.8468 39.2805
      vertex 0 103.527 41.0405
      vertex 0 98.6392 39.1224
    endloop
  endfacet
  facet normal -1 0 0
    outer loop
      vertex 0 93.7892 8.4
      vertex 0 104.8 21.3077
      vertex 0 104.839 20.8071
    endloop
  endfacet
  facet normal -1 0 -0
    outer loop
      vertex 0 99.0389 39.4801
      vertex 0 103.251 41.0641
      vertex 0 98.8468 39.2805
    endloop
  endfacet
  facet normal -1 -0 0
    outer loop
      vertex 0 103.251 41.0641
      vertex 0 99.0389 39.4801
      vertex 0 102.962 41.1215
    endloop
  endfacet
  facet normal -1 -0 0
    outer loop
      vertex 0 104.957 20.3188
      vertex 0 93.7892 8.4
      vertex 0 104.839 20.8071
    endloop
  endfacet
  facet normal -1 0 -0
    outer loop
      vertex 0 99.2182 39.7135
      vertex 0 102.962 41.1215
      vertex 0 99.0389 39.4801
    endloop
  endfacet
  facet normal -1 -0 0
    outer loop
      vertex 0 102.962 41.1215
      vertex 0 99.2182 39.7135
      vertex 0 102.665 41.2028
    endloop
  endfacet
  facet normal -1 0 -0
    outer loop
      vertex 0 99.3885 39.9708
      vertex 0 102.665 41.2028
      vertex 0 99.2182 39.7135
    endloop
  endfacet
  facet normal -1 0 -0
    outer loop
      vertex 0 99.7199 40.5101
      vertex 0 102.06 41.3902
      vertex 0 99.3885 39.9708
    endloop
  endfacet
  facet normal -1 -0 0
    outer loop
      vertex 0 102.06 41.3902
      vertex 0 99.7199 40.5101
      vertex 0 101.762 41.4715
    endloop
  endfacet
  facet normal -1 -0 0
    outer loop
      vertex 0 101.762 41.4715
      vertex 0 99.8902 40.7675
      vertex 0 101.474 41.5289
    endloop
  endfacet
  facet normal -1 0 -0
    outer loop
      vertex 0 100.07 41.0009
      vertex 0 101.474 41.5289
      vertex 0 99.8902 40.7675
    endloop
  endfacet
  facet normal -1 0 -0
    outer loop
      vertex 0 100.262 41.2004
      vertex 0 101.198 41.5524
      vertex 0 100.07 41.0009
    endloop
  endfacet
  facet normal -1 0 0
    outer loop
      vertex 0 101.198 41.5524
      vertex 0 100.262 41.2004
      vertex 0 100.937 41.5345
    endloop
  endfacet
  facet normal -1 0 -0
    outer loop
      vertex 0 100.469 41.3586
      vertex 0 100.937 41.5345
      vertex 0 100.262 41.2004
    endloop
  endfacet
  facet normal -1 0 0
    outer loop
      vertex 0 100.937 41.5345
      vertex 0 100.469 41.3586
      vertex 0 100.694 41.4705
    endloop
  endfacet
  facet normal -1 -0 0
    outer loop
      vertex 0 101.474 41.5289
      vertex 0 100.07 41.0009
      vertex 0 101.198 41.5524
    endloop
  endfacet
  facet normal -1 0 -0
    outer loop
      vertex 0 99.8902 40.7675
      vertex 0 101.762 41.4715
      vertex 0 99.7199 40.5101
    endloop
  endfacet
  facet normal -1 -0 0
    outer loop
      vertex 0 102.665 41.2028
      vertex 0 99.3885 39.9708
      vertex 0 102.06 41.3902
    endloop
  endfacet
  facet normal -1 -0 0
    outer loop
      vertex 0 103.527 41.0405
      vertex 0 98.8468 39.2805
      vertex 0 103.251 41.0641
    endloop
  endfacet
  facet normal -1 0 0
    outer loop
      vertex 0 104.839 21.8083
      vertex 0 98.4143 39.0105
      vertex 0 98.6392 39.1224
    endloop
  endfacet
  facet normal -1 -0 0
    outer loop
      vertex 0 104.8 21.3077
      vertex 0 93.7892 8.4
      vertex 0 92.2524 36.6932
    endloop
  endfacet
  facet normal -1 0 0
    outer loop
      vertex 0 104.839 21.8083
      vertex 0 92.2524 36.6932
      vertex 0 98.4143 39.0105
    endloop
  endfacet
  facet normal -1 0 0
    outer loop
      vertex 0 117 46
      vertex 0 123 42
      vertex 0 117 36
    endloop
  endfacet
  facet normal -1 0 0
    outer loop
      vertex 0 123 42
      vertex 0 117 46
      vertex 0 123 46
    endloop
  endfacet
  facet normal -1 0 -0
    outer loop
      vertex 0 112.039 45.6297
      vertex 0 112.975 45.9817
      vertex 0 111.847 45.4301
    endloop
  endfacet
  facet normal -1 0 0
    outer loop
      vertex 0 112.975 45.9817
      vertex 0 112.039 45.6297
      vertex 0 112.715 45.9638
    endloop
  endfacet
  facet normal -1 0 -0
    outer loop
      vertex 0 112.247 45.7878
      vertex 0 112.715 45.9638
      vertex 0 112.039 45.6297
    endloop
  endfacet
  facet normal -1 0 0
    outer loop
      vertex 0 112.715 45.9638
      vertex 0 112.247 45.7878
      vertex 0 112.472 45.8997
    endloop
  endfacet
  facet normal -1 -0 0
    outer loop
      vertex 0 113.251 45.9581
      vertex 0 111.847 45.4301
      vertex 0 112.975 45.9817
    endloop
  endfacet
  facet normal -1 0 -0
    outer loop
      vertex 0 111.847 45.4301
      vertex 0 113.251 45.9581
      vertex 0 111.668 45.1967
    endloop
  endfacet
  facet normal -1 0 -0
    outer loop
      vertex 0 111.668 45.1967
      vertex 0 113.54 45.9007
      vertex 0 111.498 44.9394
    endloop
  endfacet
  facet normal -1 -0 0
    outer loop
      vertex 0 114.442 45.632
      vertex 0 111.166 44.4
      vertex 0 113.838 45.8194
    endloop
  endfacet
  facet normal -1 0 -0
    outer loop
      vertex 0 111.166 44.4
      vertex 0 114.442 45.632
      vertex 0 110.996 44.1427
    endloop
  endfacet
  facet normal -1 0 0
    outer loop
      vertex 0 117 36
      vertex 0 110.817 43.9093
      vertex 0 115.029 45.4933
    endloop
  endfacet
  facet normal -1 0 0
    outer loop
      vertex 0 117 36
      vertex 0 115.029 45.4933
      vertex 0 115.305 45.4698
    endloop
  endfacet
  facet normal -1 0 0
    outer loop
      vertex 0 117 36
      vertex 0 110.192 43.4397
      vertex 0 110.417 43.5516
    endloop
  endfacet
  facet normal -1 0 0
    outer loop
      vertex 0 103.787 41.0584
      vertex 0 108 25.8332
      vertex 0 105.737 23.5704
    endloop
  endfacet
  facet normal -1 0 0
    outer loop
      vertex 0 103.787 41.0584
      vertex 0 105.737 23.5704
      vertex 0 105.411 23.1886
    endloop
  endfacet
  facet normal -1 0 0
    outer loop
      vertex 0 103.787 41.0584
      vertex 0 105.411 23.1886
      vertex 0 105.149 22.7605
    endloop
  endfacet
  facet normal -1 0 0
    outer loop
      vertex 0 103.787 41.0584
      vertex 0 105.149 22.7605
      vertex 0 104.957 22.2965
    endloop
  endfacet
  facet normal -1 0 0
    outer loop
      vertex 0 117 36
      vertex 0 104.03 41.1225
      vertex 0 110.192 43.4397
    endloop
  endfacet
  facet normal -1 0 0
    outer loop
      vertex 0 103.787 41.0584
      vertex 0 104.957 22.2965
      vertex 0 104.839 21.8083
    endloop
  endfacet
  facet normal -1 0 0
    outer loop
      vertex 0 92.2524 36.6932
      vertex 0 104.839 21.8083
      vertex 0 104.8 21.3077
    endloop
  endfacet
  facet normal -1 0 -0
    outer loop
      vertex 0 75.2913 30.422
      vertex 0 79.9713 32.182
      vertex 0 75.0837 30.2639
    endloop
  endfacet
  facet normal -1 0 -0
    outer loop
      vertex 0 75.6627 30.855
      vertex 0 79.4067 32.263
      vertex 0 75.4833 30.6216
    endloop
  endfacet
  facet normal -1 -0 0
    outer loop
      vertex 0 79.9713 32.182
      vertex 0 75.2913 30.422
      vertex 0 79.6953 32.2056
    endloop
  endfacet
  facet normal -1 0 0
    outer loop
      vertex 0 73.0196 16.5674
      vertex 0 75.0837 30.2639
      vertex 0 73.3457 16.1856
    endloop
  endfacet
  facet normal -1 0 0
    outer loop
      vertex 0 75.0837 30.2639
      vertex 0 73.0196 16.5674
      vertex 0 74.8587 30.152
    endloop
  endfacet
  facet normal -1 0 0
    outer loop
      vertex 0 70.7568 18.8302
      vertex 0 74.8587 30.152
      vertex 0 73.0196 16.5674
    endloop
  endfacet
  facet normal -1 0 0
    outer loop
      vertex 0 70.7568 18.8302
      vertex 0 68.6968 27.8347
      vertex 0 74.8587 30.152
    endloop
  endfacet
  facet normal -1 0 0
    outer loop
      vertex 0 67.3312 27.915
      vertex 0 70.7568 18.8302
      vertex 0 68.4941 16.5674
    endloop
  endfacet
  facet normal -1 0 0
    outer loop
      vertex 0 70.7568 18.8302
      vertex 0 68.4539 27.7706
      vertex 0 68.6968 27.8347
    endloop
  endfacet
  facet normal -1 0 0
    outer loop
      vertex 0 70.7568 18.8302
      vertex 0 68.1935 27.7528
      vertex 0 68.4539 27.7706
    endloop
  endfacet
  facet normal -1 0 0
    outer loop
      vertex 0 66.7266 28.1024
      vertex 0 68.4941 16.5674
      vertex 0 68.168 16.1856
    endloop
  endfacet
  facet normal -1 0 0
    outer loop
      vertex 0 70.7568 18.8302
      vertex 0 67.9176 27.7763
      vertex 0 68.1935 27.7528
    endloop
  endfacet
  facet normal -1 0 0
    outer loop
      vertex 0 66.7266 28.1024
      vertex 0 68.168 16.1856
      vertex 0 67.9056 15.7575
    endloop
  endfacet
  facet normal -1 0 0
    outer loop
      vertex 0 66.7266 28.1024
      vertex 0 67.9056 15.7575
      vertex 0 67.7134 15.2935
    endloop
  endfacet
  facet normal -1 0 0
    outer loop
      vertex 0 70.7568 18.8302
      vertex 0 67.6289 27.8337
      vertex 0 67.9176 27.7763
    endloop
  endfacet
  facet normal -1 0 0
    outer loop
      vertex 0 66.7266 28.1024
      vertex 0 67.7134 15.2935
      vertex 0 67.5962 14.8053
    endloop
  endfacet
  facet normal -1 0 0
    outer loop
      vertex 0 56.9191 23.4055
      vertex 0 67.5962 14.8053
      vertex 0 67.5568 14.3047
    endloop
  endfacet
  facet normal -1 0 0
    outer loop
      vertex 0 70.7568 18.8302
      vertex 0 67.3312 27.915
      vertex 0 67.6289 27.8337
    endloop
  endfacet
  facet normal 0 0 -1
    outer loop
      vertex 0 35.3028 8.4
      vertex 15.2 52.7911 8.4
      vertex 15.2 30.2362 8.4
    endloop
  endfacet
  facet normal 0 0 -1
    outer loop
      vertex 15.2 52.7911 8.4
      vertex 0 35.3028 8.4
      vertex 0 47.7245 8.4
    endloop
  endfacet
  facet normal 0.316224 -0.948685 0
    outer loop
      vertex 0 47.7245 0
      vertex 15.2 52.7911 8.4
      vertex 0 47.7245 8.4
    endloop
  endfacet
  facet normal 0.316224 -0.948685 0
    outer loop
      vertex 15.2 52.7911 8.4
      vertex 0 47.7245 0
      vertex 15.2 52.7911 0
    endloop
  endfacet
  facet normal 0.316224 0.948685 -0
    outer loop
      vertex 15.2 30.2362 0
      vertex 0 35.3028 8.4
      vertex 15.2 30.2362 8.4
    endloop
  endfacet
  facet normal 0.316224 0.948685 0
    outer loop
      vertex 0 35.3028 8.4
      vertex 15.2 30.2362 0
      vertex 0 35.3028 0
    endloop
  endfacet
  facet normal -1 0 0
    outer loop
      vertex 15.2 30.2362 0
      vertex 15.2 52.7911 8.4
      vertex 15.2 52.7911 0
    endloop
  endfacet
  facet normal -1 -0 0
    outer loop
      vertex 15.2 52.7911 8.4
      vertex 15.2 30.2362 0
      vertex 15.2 30.2362 8.4
    endloop
  endfacet
  facet normal 0 0 -1
    outer loop
      vertex 0 93.7892 8.4
      vertex 15.2 111.277 8.4
      vertex 15.2 88.7225 8.4
    endloop
  endfacet
  facet normal 0 0 -1
    outer loop
      vertex 15.2 111.277 8.4
      vertex 0 93.7892 8.4
      vertex 0 106.211 8.4
    endloop
  endfacet
  facet normal 0.31619 -0.948696 0
    outer loop
      vertex 0 106.211 0
      vertex 15.2 111.277 8.4
      vertex 0 106.211 8.4
    endloop
  endfacet
  facet normal 0.31619 -0.948696 0
    outer loop
      vertex 15.2 111.277 8.4
      vertex 0 106.211 0
      vertex 15.2 111.277 0
    endloop
  endfacet
  facet normal 0.31623 0.948683 -0
    outer loop
      vertex 15.2 88.7225 0
      vertex 0 93.7892 8.4
      vertex 15.2 88.7225 8.4
    endloop
  endfacet
  facet normal 0.31623 0.948683 0
    outer loop
      vertex 0 93.7892 8.4
      vertex 15.2 88.7225 0
      vertex 0 93.7892 0
    endloop
  endfacet
  facet normal -1 0 0
    outer loop
      vertex 15.2 88.7225 0
      vertex 15.2 111.277 8.4
      vertex 15.2 111.277 0
    endloop
  endfacet
  facet normal -1 -0 0
    outer loop
      vertex 15.2 111.277 8.4
      vertex 15.2 88.7225 0
      vertex 15.2 88.7225 8.4
    endloop
  endfacet
  facet normal 0 0.707122 -0.707091
    outer loop
      vertex 15 68.4941 16.5674
      vertex 0 70.7568 18.8302
      vertex 15 70.7568 18.8302
    endloop
  endfacet
  facet normal 0 0.707122 -0.707091
    outer loop
      vertex 0 70.7568 18.8302
      vertex 15 68.4941 16.5674
      vertex 0 68.4941 16.5674
    endloop
  endfacet
  facet normal 0 -0.382762 0.923847
    outer loop
      vertex 0 72.2096 11.4535
      vertex 15 71.7457 11.2613
      vertex 15 72.2096 11.4535
    endloop
  endfacet
  facet normal 0 -0.382762 0.923847
    outer loop
      vertex 15 71.7457 11.2613
      vertex 0 72.2096 11.4535
      vertex 0 71.7457 11.2613
    endloop
  endfacet
  facet normal 0 -0.233388 0.972384
    outer loop
      vertex 0 71.7457 11.2613
      vertex 15 71.2574 11.1441
      vertex 15 71.7457 11.2613
    endloop
  endfacet
  facet normal 0 -0.233388 0.972384
    outer loop
      vertex 15 71.2574 11.1441
      vertex 0 71.7457 11.2613
      vertex 0 71.2574 11.1441
    endloop
  endfacet
  facet normal 0 -0.972373 -0.233433
    outer loop
      vertex 0 73.9174 14.8053
      vertex 15 73.8002 15.2935
      vertex 0 73.8002 15.2935
    endloop
  endfacet
  facet normal 0 -0.972373 -0.233433
    outer loop
      vertex 15 73.8002 15.2935
      vertex 0 73.9174 14.8053
      vertex 15 73.9174 14.8053
    endloop
  endfacet
  facet normal 0 -0.0784629 0.996917
    outer loop
      vertex 0 71.2574 11.1441
      vertex 15 70.7568 11.1047
      vertex 15 71.2574 11.1441
    endloop
  endfacet
  facet normal 0 -0.0784629 0.996917
    outer loop
      vertex 15 70.7568 11.1047
      vertex 0 71.2574 11.1441
      vertex 0 70.7568 11.1047
    endloop
  endfacet
  facet normal -0 0.233433 0.972373
    outer loop
      vertex 0 70.2562 11.1441
      vertex 15 69.768 11.2613
      vertex 15 70.2562 11.1441
    endloop
  endfacet
  facet normal 0 0.233433 0.972373
    outer loop
      vertex 15 69.768 11.2613
      vertex 0 70.2562 11.1441
      vertex 0 69.768 11.2613
    endloop
  endfacet
  facet normal -0 0.382762 0.923847
    outer loop
      vertex 0 69.768 11.2613
      vertex 15 69.3041 11.4535
      vertex 15 69.768 11.2613
    endloop
  endfacet
  facet normal 0 0.382762 0.923847
    outer loop
      vertex 15 69.3041 11.4535
      vertex 0 69.768 11.2613
      vertex 0 69.3041 11.4535
    endloop
  endfacet
  facet normal -0 0.522352 0.85273
    outer loop
      vertex 0 69.3041 11.4535
      vertex 15 68.8759 11.7158
      vertex 15 69.3041 11.4535
    endloop
  endfacet
  facet normal 0 0.522352 0.85273
    outer loop
      vertex 15 68.8759 11.7158
      vertex 0 69.3041 11.4535
      vertex 0 68.8759 11.7158
    endloop
  endfacet
  facet normal 0 0.996917 -0.0784629
    outer loop
      vertex 15 67.5568 14.3047
      vertex 0 67.5962 14.8053
      vertex 15 67.5962 14.8053
    endloop
  endfacet
  facet normal 0 0.996917 -0.0784629
    outer loop
      vertex 0 67.5962 14.8053
      vertex 15 67.5568 14.3047
      vertex 0 67.5568 14.3047
    endloop
  endfacet
  facet normal 0 0.760394 -0.649462
    outer loop
      vertex 15 68.168 16.1856
      vertex 0 68.4941 16.5674
      vertex 15 68.4941 16.5674
    endloop
  endfacet
  facet normal 0 0.760394 -0.649462
    outer loop
      vertex 0 68.4941 16.5674
      vertex 15 68.168 16.1856
      vertex 0 68.168 16.1856
    endloop
  endfacet
  facet normal -0 0.0784629 0.996917
    outer loop
      vertex 0 70.7568 11.1047
      vertex 15 70.2562 11.1441
      vertex 15 70.7568 11.1047
    endloop
  endfacet
  facet normal 0 0.0784629 0.996917
    outer loop
      vertex 15 70.2562 11.1441
      vertex 0 70.7568 11.1047
      vertex 0 70.2562 11.1441
    endloop
  endfacet
  facet normal 0 0.972373 0.233433
    outer loop
      vertex 15 67.7134 13.3159
      vertex 0 67.5962 13.8041
      vertex 15 67.5962 13.8041
    endloop
  endfacet
  facet normal 0 0.972373 0.233433
    outer loop
      vertex 0 67.5962 13.8041
      vertex 15 67.7134 13.3159
      vertex 0 67.7134 13.3159
    endloop
  endfacet
  facet normal 0 0.852587 0.522585
    outer loop
      vertex 15 68.168 12.4238
      vertex 0 67.9056 12.8519
      vertex 15 67.9056 12.8519
    endloop
  endfacet
  facet normal 0 0.852587 0.522585
    outer loop
      vertex 0 67.9056 12.8519
      vertex 15 68.168 12.4238
      vertex 0 68.168 12.4238
    endloop
  endfacet
  facet normal 0 -0.923876 -0.382692
    outer loop
      vertex 0 73.8002 15.2935
      vertex 15 73.608 15.7575
      vertex 0 73.608 15.7575
    endloop
  endfacet
  facet normal 0 -0.923876 -0.382692
    outer loop
      vertex 15 73.608 15.7575
      vertex 0 73.8002 15.2935
      vertex 15 73.8002 15.2935
    endloop
  endfacet
  facet normal 0 0.923876 0.382692
    outer loop
      vertex 15 67.9056 12.8519
      vertex 0 67.7134 13.3159
      vertex 15 67.7134 13.3159
    endloop
  endfacet
  facet normal 0 0.923876 0.382692
    outer loop
      vertex 0 67.7134 13.3159
      vertex 15 67.9056 12.8519
      vertex 0 67.9056 12.8519
    endloop
  endfacet
  facet normal 0 0.972373 -0.233433
    outer loop
      vertex 15 67.5962 14.8053
      vertex 0 67.7134 15.2935
      vertex 15 67.7134 15.2935
    endloop
  endfacet
  facet normal 0 0.972373 -0.233433
    outer loop
      vertex 0 67.7134 15.2935
      vertex 15 67.5962 14.8053
      vertex 0 67.5962 14.8053
    endloop
  endfacet
  facet normal 0 -0.522441 0.852676
    outer loop
      vertex 0 72.6377 11.7158
      vertex 15 72.2096 11.4535
      vertex 15 72.6377 11.7158
    endloop
  endfacet
  facet normal 0 -0.522441 0.852676
    outer loop
      vertex 15 72.2096 11.4535
      vertex 0 72.6377 11.7158
      vertex 0 72.2096 11.4535
    endloop
  endfacet
  facet normal -0 0.649577 0.760296
    outer loop
      vertex 0 68.8759 11.7158
      vertex 15 68.4941 12.042
      vertex 15 68.8759 11.7158
    endloop
  endfacet
  facet normal 0 0.649577 0.760296
    outer loop
      vertex 15 68.4941 12.042
      vertex 0 68.8759 11.7158
      vertex 0 68.4941 12.042
    endloop
  endfacet
  facet normal 0 -0.923876 0.382692
    outer loop
      vertex 0 73.608 12.8519
      vertex 15 73.8002 13.3159
      vertex 0 73.8002 13.3159
    endloop
  endfacet
  facet normal 0 -0.923876 0.382692
    outer loop
      vertex 15 73.8002 13.3159
      vertex 0 73.608 12.8519
      vertex 15 73.608 12.8519
    endloop
  endfacet
  facet normal 0 0.760394 0.649462
    outer loop
      vertex 15 68.4941 12.042
      vertex 0 68.168 12.4238
      vertex 15 68.168 12.4238
    endloop
  endfacet
  facet normal 0 0.760394 0.649462
    outer loop
      vertex 0 68.168 12.4238
      vertex 15 68.4941 12.042
      vertex 0 68.4941 12.042
    endloop
  endfacet
  facet normal 0 -0.760394 -0.649462
    outer loop
      vertex 0 73.3457 16.1856
      vertex 15 73.0196 16.5674
      vertex 0 73.0196 16.5674
    endloop
  endfacet
  facet normal 0 -0.760394 -0.649462
    outer loop
      vertex 15 73.0196 16.5674
      vertex 0 73.3457 16.1856
      vertex 15 73.3457 16.1856
    endloop
  endfacet
  facet normal 0 0.996917 0.0784629
    outer loop
      vertex 15 67.5962 13.8041
      vertex 0 67.5568 14.3047
      vertex 15 67.5568 14.3047
    endloop
  endfacet
  facet normal 0 0.996917 0.0784629
    outer loop
      vertex 0 67.5568 14.3047
      vertex 15 67.5962 13.8041
      vertex 0 67.5962 13.8041
    endloop
  endfacet
  facet normal 0 -0.707107 -0.707107
    outer loop
      vertex 0 73.0196 16.5674
      vertex 15 70.7568 18.8302
      vertex 0 70.7568 18.8302
    endloop
  endfacet
  facet normal 0 -0.707107 -0.707107
    outer loop
      vertex 15 70.7568 18.8302
      vertex 0 73.0196 16.5674
      vertex 15 73.0196 16.5674
    endloop
  endfacet
  facet normal 0 -0.760394 0.649462
    outer loop
      vertex 0 73.0196 12.042
      vertex 15 73.3457 12.4238
      vertex 0 73.3457 12.4238
    endloop
  endfacet
  facet normal 0 -0.760394 0.649462
    outer loop
      vertex 15 73.3457 12.4238
      vertex 0 73.0196 12.042
      vertex 15 73.0196 12.042
    endloop
  endfacet
  facet normal 0 -0.972373 0.233433
    outer loop
      vertex 0 73.8002 13.3159
      vertex 15 73.9174 13.8041
      vertex 0 73.9174 13.8041
    endloop
  endfacet
  facet normal 0 -0.972373 0.233433
    outer loop
      vertex 15 73.9174 13.8041
      vertex 0 73.8002 13.3159
      vertex 15 73.8002 13.3159
    endloop
  endfacet
  facet normal 0 0.923876 -0.382692
    outer loop
      vertex 15 67.7134 15.2935
      vertex 0 67.9056 15.7575
      vertex 15 67.9056 15.7575
    endloop
  endfacet
  facet normal 0 0.923876 -0.382692
    outer loop
      vertex 0 67.9056 15.7575
      vertex 15 67.7134 15.2935
      vertex 0 67.7134 15.2935
    endloop
  endfacet
  facet normal 0 0.852587 -0.522585
    outer loop
      vertex 15 67.9056 15.7575
      vertex 0 68.168 16.1856
      vertex 15 68.168 16.1856
    endloop
  endfacet
  facet normal 0 0.852587 -0.522585
    outer loop
      vertex 0 68.168 16.1856
      vertex 15 67.9056 15.7575
      vertex 0 67.9056 15.7575
    endloop
  endfacet
  facet normal 0 -0.852676 -0.522441
    outer loop
      vertex 0 73.608 15.7575
      vertex 15 73.3457 16.1856
      vertex 0 73.3457 16.1856
    endloop
  endfacet
  facet normal 0 -0.852676 -0.522441
    outer loop
      vertex 15 73.3457 16.1856
      vertex 0 73.608 15.7575
      vertex 15 73.608 15.7575
    endloop
  endfacet
  facet normal 0 -0.852676 0.522441
    outer loop
      vertex 0 73.3457 12.4238
      vertex 15 73.608 12.8519
      vertex 0 73.608 12.8519
    endloop
  endfacet
  facet normal 0 -0.852676 0.522441
    outer loop
      vertex 15 73.608 12.8519
      vertex 0 73.3457 12.4238
      vertex 15 73.3457 12.4238
    endloop
  endfacet
  facet normal 0 -0.996917 0.0784629
    outer loop
      vertex 0 73.9174 13.8041
      vertex 15 73.9568 14.3047
      vertex 0 73.9568 14.3047
    endloop
  endfacet
  facet normal 0 -0.996917 0.0784629
    outer loop
      vertex 15 73.9568 14.3047
      vertex 0 73.9174 13.8041
      vertex 15 73.9174 13.8041
    endloop
  endfacet
  facet normal 0 -0.996917 -0.0784629
    outer loop
      vertex 0 73.9568 14.3047
      vertex 15 73.9174 14.8053
      vertex 0 73.9174 14.8053
    endloop
  endfacet
  facet normal 0 -0.996917 -0.0784629
    outer loop
      vertex 15 73.9174 14.8053
      vertex 0 73.9568 14.3047
      vertex 15 73.9568 14.3047
    endloop
  endfacet
  facet normal -1 0 0
    outer loop
      vertex 15 73.9174 13.8041
      vertex 15 73.9174 14.8053
      vertex 15 73.9568 14.3047
    endloop
  endfacet
  facet normal -1 0 0
    outer loop
      vertex 15 73.8002 13.3159
      vertex 15 73.9174 14.8053
      vertex 15 73.9174 13.8041
    endloop
  endfacet
  facet normal -1 0 0
    outer loop
      vertex 15 73.8002 13.3159
      vertex 15 73.8002 15.2935
      vertex 15 73.9174 14.8053
    endloop
  endfacet
  facet normal -1 0 0
    outer loop
      vertex 15 73.608 12.8519
      vertex 15 73.8002 15.2935
      vertex 15 73.8002 13.3159
    endloop
  endfacet
  facet normal -1 0 0
    outer loop
      vertex 15 73.608 12.8519
      vertex 15 73.608 15.7575
      vertex 15 73.8002 15.2935
    endloop
  endfacet
  facet normal -1 0 0
    outer loop
      vertex 15 73.3457 12.4238
      vertex 15 73.608 15.7575
      vertex 15 73.608 12.8519
    endloop
  endfacet
  facet normal -1 0 0
    outer loop
      vertex 15 73.3457 12.4238
      vertex 15 73.3457 16.1856
      vertex 15 73.608 15.7575
    endloop
  endfacet
  facet normal -1 0 0
    outer loop
      vertex 15 73.0196 12.042
      vertex 15 73.3457 16.1856
      vertex 15 73.3457 12.4238
    endloop
  endfacet
  facet normal -1 0 0
    outer loop
      vertex 15 73.0196 12.042
      vertex 15 73.0196 16.5674
      vertex 15 73.3457 16.1856
    endloop
  endfacet
  facet normal -1 0 0
    outer loop
      vertex 15 72.6377 11.7158
      vertex 15 73.0196 16.5674
      vertex 15 73.0196 12.042
    endloop
  endfacet
  facet normal -1 0 0
    outer loop
      vertex 15 72.2096 11.4535
      vertex 15 73.0196 16.5674
      vertex 15 72.6377 11.7158
    endloop
  endfacet
  facet normal -1 0 0
    outer loop
      vertex 15 71.7457 11.2613
      vertex 15 73.0196 16.5674
      vertex 15 72.2096 11.4535
    endloop
  endfacet
  facet normal -1 0 0
    outer loop
      vertex 15 71.2574 11.1441
      vertex 15 73.0196 16.5674
      vertex 15 71.7457 11.2613
    endloop
  endfacet
  facet normal -1 0 0
    outer loop
      vertex 15 70.7568 11.1047
      vertex 15 73.0196 16.5674
      vertex 15 71.2574 11.1441
    endloop
  endfacet
  facet normal -1 0 0
    outer loop
      vertex 15 68.4941 16.5674
      vertex 15 73.0196 16.5674
      vertex 15 70.7568 11.1047
    endloop
  endfacet
  facet normal -1 0 0
    outer loop
      vertex 15 68.4941 16.5674
      vertex 15 70.7568 11.1047
      vertex 15 70.2562 11.1441
    endloop
  endfacet
  facet normal -1 0 0
    outer loop
      vertex 15 68.4941 16.5674
      vertex 15 70.2562 11.1441
      vertex 15 69.768 11.2613
    endloop
  endfacet
  facet normal -1 0 0
    outer loop
      vertex 15 68.4941 16.5674
      vertex 15 69.768 11.2613
      vertex 15 69.3041 11.4535
    endloop
  endfacet
  facet normal -1 0 0
    outer loop
      vertex 15 68.4941 16.5674
      vertex 15 69.3041 11.4535
      vertex 15 68.8759 11.7158
    endloop
  endfacet
  facet normal -1 0 0
    outer loop
      vertex 15 68.4941 16.5674
      vertex 15 68.8759 11.7158
      vertex 15 68.4941 12.042
    endloop
  endfacet
  facet normal -1 0 0
    outer loop
      vertex 15 73.0196 16.5674
      vertex 15 68.4941 16.5674
      vertex 15 70.7568 18.8302
    endloop
  endfacet
  facet normal -1 0 0
    outer loop
      vertex 15 68.168 12.4238
      vertex 15 68.4941 16.5674
      vertex 15 68.4941 12.042
    endloop
  endfacet
  facet normal -1 0 0
    outer loop
      vertex 15 68.168 12.4238
      vertex 15 68.168 16.1856
      vertex 15 68.4941 16.5674
    endloop
  endfacet
  facet normal -1 0 0
    outer loop
      vertex 15 67.9056 12.8519
      vertex 15 68.168 16.1856
      vertex 15 68.168 12.4238
    endloop
  endfacet
  facet normal -1 0 0
    outer loop
      vertex 15 67.9056 12.8519
      vertex 15 67.9056 15.7575
      vertex 15 68.168 16.1856
    endloop
  endfacet
  facet normal -1 0 0
    outer loop
      vertex 15 67.7134 13.3159
      vertex 15 67.9056 15.7575
      vertex 15 67.9056 12.8519
    endloop
  endfacet
  facet normal -1 0 0
    outer loop
      vertex 15 67.7134 13.3159
      vertex 15 67.7134 15.2935
      vertex 15 67.9056 15.7575
    endloop
  endfacet
  facet normal -1 0 0
    outer loop
      vertex 15 67.5962 13.8041
      vertex 15 67.7134 15.2935
      vertex 15 67.7134 13.3159
    endloop
  endfacet
  facet normal -1 0 0
    outer loop
      vertex 15 67.5962 13.8041
      vertex 15 67.5962 14.8053
      vertex 15 67.7134 15.2935
    endloop
  endfacet
  facet normal -1 0 -0
    outer loop
      vertex 15 67.5962 14.8053
      vertex 15 67.5962 13.8041
      vertex 15 67.5568 14.3047
    endloop
  endfacet
  facet normal 0 -0.649479 0.76038
    outer loop
      vertex 0 73.0196 12.042
      vertex 15 72.6377 11.7158
      vertex 15 73.0196 12.042
    endloop
  endfacet
  facet normal 0 -0.649479 0.76038
    outer loop
      vertex 15 72.6377 11.7158
      vertex 0 73.0196 12.042
      vertex 0 72.6377 11.7158
    endloop
  endfacet
  facet normal 0 0.707076 -0.707138
    outer loop
      vertex 15 105.737 23.5704
      vertex 0 108 25.8332
      vertex 15 108 25.8332
    endloop
  endfacet
  facet normal 0 0.707076 -0.707138
    outer loop
      vertex 0 108 25.8332
      vertex 15 105.737 23.5704
      vertex 0 105.737 23.5704
    endloop
  endfacet
  facet normal 0 -0.382692 0.923876
    outer loop
      vertex 0 109.453 18.4565
      vertex 15 108.989 18.2643
      vertex 15 109.453 18.4565
    endloop
  endfacet
  facet normal 0 -0.382692 0.923876
    outer loop
      vertex 15 108.989 18.2643
      vertex 0 109.453 18.4565
      vertex 0 108.989 18.2643
    endloop
  endfacet
  facet normal 0 -0.233524 0.972351
    outer loop
      vertex 0 108.989 18.2643
      vertex 15 108.501 18.1471
      vertex 15 108.989 18.2643
    endloop
  endfacet
  facet normal 0 -0.233524 0.972351
    outer loop
      vertex 15 108.501 18.1471
      vertex 0 108.989 18.2643
      vertex 0 108.501 18.1471
    endloop
  endfacet
  facet normal 0 -0.97201 -0.234939
    outer loop
      vertex 0 111.161 21.8083
      vertex 15 111.043 22.2965
      vertex 0 111.043 22.2965
    endloop
  endfacet
  facet normal 0 -0.97201 -0.234939
    outer loop
      vertex 15 111.043 22.2965
      vertex 0 111.161 21.8083
      vertex 15 111.161 21.8083
    endloop
  endfacet
  facet normal 0 -0.0784006 0.996922
    outer loop
      vertex 0 108.501 18.1471
      vertex 15 108 18.1077
      vertex 15 108.501 18.1471
    endloop
  endfacet
  facet normal 0 -0.0784006 0.996922
    outer loop
      vertex 15 108 18.1077
      vertex 0 108.501 18.1471
      vertex 0 108 18.1077
    endloop
  endfacet
  facet normal -0 0.233524 0.972351
    outer loop
      vertex 0 107.499 18.1471
      vertex 15 107.011 18.2643
      vertex 15 107.499 18.1471
    endloop
  endfacet
  facet normal 0 0.233524 0.972351
    outer loop
      vertex 15 107.011 18.2643
      vertex 0 107.499 18.1471
      vertex 0 107.011 18.2643
    endloop
  endfacet
  facet normal -0 0.382692 0.923876
    outer loop
      vertex 0 107.011 18.2643
      vertex 15 106.547 18.4565
      vertex 15 107.011 18.2643
    endloop
  endfacet
  facet normal 0 0.382692 0.923876
    outer loop
      vertex 15 106.547 18.4565
      vertex 0 107.011 18.2643
      vertex 0 106.547 18.4565
    endloop
  endfacet
  facet normal -0 0.522529 0.852621
    outer loop
      vertex 0 106.547 18.4565
      vertex 15 106.119 18.7188
      vertex 15 106.547 18.4565
    endloop
  endfacet
  facet normal 0 0.522529 0.852621
    outer loop
      vertex 15 106.119 18.7188
      vertex 0 106.547 18.4565
      vertex 0 106.119 18.7188
    endloop
  endfacet
  facet normal 0 0.760493 -0.649347
    outer loop
      vertex 15 105.411 23.1886
      vertex 0 105.737 23.5704
      vertex 15 105.737 23.5704
    endloop
  endfacet
  facet normal 0 0.760493 -0.649347
    outer loop
      vertex 0 105.737 23.5704
      vertex 15 105.411 23.1886
      vertex 0 105.411 23.1886
    endloop
  endfacet
  facet normal 0 -0.852942 -0.522006
    outer loop
      vertex 0 110.851 22.7605
      vertex 15 110.589 23.1886
      vertex 0 110.589 23.1886
    endloop
  endfacet
  facet normal 0 -0.852942 -0.522006
    outer loop
      vertex 15 110.589 23.1886
      vertex 0 110.851 22.7605
      vertex 15 110.851 22.7605
    endloop
  endfacet
  facet normal -0 0.0784006 0.996922
    outer loop
      vertex 0 108 18.1077
      vertex 15 107.499 18.1471
      vertex 15 108 18.1077
    endloop
  endfacet
  facet normal 0 0.0784006 0.996922
    outer loop
      vertex 15 107.499 18.1471
      vertex 0 108 18.1077
      vertex 0 107.499 18.1471
    endloop
  endfacet
  facet normal 0 0.972021 0.234893
    outer loop
      vertex 15 104.957 20.3188
      vertex 0 104.839 20.8071
      vertex 15 104.839 20.8071
    endloop
  endfacet
  facet normal 0 0.972021 0.234893
    outer loop
      vertex 0 104.839 20.8071
      vertex 15 104.957 20.3188
      vertex 0 104.957 20.3188
    endloop
  endfacet
  facet normal 0 0.852942 0.522006
    outer loop
      vertex 15 105.411 19.4268
      vertex 0 105.149 19.8549
      vertex 15 105.149 19.8549
    endloop
  endfacet
  facet normal 0 0.852942 0.522006
    outer loop
      vertex 0 105.149 19.8549
      vertex 15 105.411 19.4268
      vertex 0 105.411 19.4268
    endloop
  endfacet
  facet normal 0 -0.996979 0.0776712
    outer loop
      vertex 0 111.161 20.8071
      vertex 15 111.2 21.3077
      vertex 0 111.2 21.3077
    endloop
  endfacet
  facet normal 0 -0.996979 0.0776712
    outer loop
      vertex 15 111.2 21.3077
      vertex 0 111.161 20.8071
      vertex 15 111.161 20.8071
    endloop
  endfacet
  facet normal 0 -0.924017 -0.382352
    outer loop
      vertex 0 111.043 22.2965
      vertex 15 110.851 22.7605
      vertex 0 110.851 22.7605
    endloop
  endfacet
  facet normal 0 -0.924017 -0.382352
    outer loop
      vertex 15 110.851 22.7605
      vertex 0 111.043 22.2965
      vertex 15 111.043 22.2965
    endloop
  endfacet
  facet normal 0 0.923988 0.382422
    outer loop
      vertex 15 105.149 19.8549
      vertex 0 104.957 20.3188
      vertex 15 104.957 20.3188
    endloop
  endfacet
  facet normal 0 0.923988 0.382422
    outer loop
      vertex 0 104.957 20.3188
      vertex 15 105.149 19.8549
      vertex 0 105.149 19.8549
    endloop
  endfacet
  facet normal 0 0.97201 -0.234939
    outer loop
      vertex 15 104.839 21.8083
      vertex 0 104.957 22.2965
      vertex 15 104.957 22.2965
    endloop
  endfacet
  facet normal 0 0.97201 -0.234939
    outer loop
      vertex 0 104.957 22.2965
      vertex 15 104.839 21.8083
      vertex 0 104.839 21.8083
    endloop
  endfacet
  facet normal -0 0.64938 0.760464
    outer loop
      vertex 0 106.119 18.7188
      vertex 15 105.737 19.045
      vertex 15 106.119 18.7188
    endloop
  endfacet
  facet normal 0 0.64938 0.760464
    outer loop
      vertex 15 105.737 19.045
      vertex 0 106.119 18.7188
      vertex 0 105.737 19.045
    endloop
  endfacet
  facet normal 0 -0.923988 0.382422
    outer loop
      vertex 0 110.851 19.8549
      vertex 15 111.043 20.3188
      vertex 0 111.043 20.3188
    endloop
  endfacet
  facet normal 0 -0.923988 0.382422
    outer loop
      vertex 15 111.043 20.3188
      vertex 0 110.851 19.8549
      vertex 15 110.851 19.8549
    endloop
  endfacet
  facet normal 0 0.760493 0.649347
    outer loop
      vertex 15 105.737 19.045
      vertex 0 105.411 19.4268
      vertex 15 105.411 19.4268
    endloop
  endfacet
  facet normal 0 0.760493 0.649347
    outer loop
      vertex 0 105.411 19.4268
      vertex 15 105.737 19.045
      vertex 0 105.737 19.045
    endloop
  endfacet
  facet normal 0 -0.760493 -0.649347
    outer loop
      vertex 0 110.589 23.1886
      vertex 15 110.263 23.5704
      vertex 0 110.263 23.5704
    endloop
  endfacet
  facet normal 0 -0.760493 -0.649347
    outer loop
      vertex 15 110.263 23.5704
      vertex 0 110.589 23.1886
      vertex 15 110.589 23.1886
    endloop
  endfacet
  facet normal 0 0.996979 0.0776712
    outer loop
      vertex 15 104.839 20.8071
      vertex 0 104.8 21.3077
      vertex 15 104.8 21.3077
    endloop
  endfacet
  facet normal 0 0.996979 0.0776712
    outer loop
      vertex 0 104.8 21.3077
      vertex 15 104.839 20.8071
      vertex 0 104.839 20.8071
    endloop
  endfacet
  facet normal 0 0.996979 -0.0776712
    outer loop
      vertex 15 104.8 21.3077
      vertex 0 104.839 21.8083
      vertex 15 104.839 21.8083
    endloop
  endfacet
  facet normal 0 0.996979 -0.0776712
    outer loop
      vertex 0 104.839 21.8083
      vertex 15 104.8 21.3077
      vertex 0 104.8 21.3077
    endloop
  endfacet
  facet normal 0 -0.707076 -0.707138
    outer loop
      vertex 0 110.263 23.5704
      vertex 15 108 25.8332
      vertex 0 108 25.8332
    endloop
  endfacet
  facet normal 0 -0.707076 -0.707138
    outer loop
      vertex 15 108 25.8332
      vertex 0 110.263 23.5704
      vertex 15 110.263 23.5704
    endloop
  endfacet
  facet normal 0 -0.760493 0.649347
    outer loop
      vertex 0 110.263 19.045
      vertex 15 110.589 19.4268
      vertex 0 110.589 19.4268
    endloop
  endfacet
  facet normal 0 -0.760493 0.649347
    outer loop
      vertex 15 110.589 19.4268
      vertex 0 110.263 19.045
      vertex 15 110.263 19.045
    endloop
  endfacet
  facet normal 0 -0.972021 0.234893
    outer loop
      vertex 0 111.043 20.3188
      vertex 15 111.161 20.8071
      vertex 0 111.161 20.8071
    endloop
  endfacet
  facet normal 0 -0.972021 0.234893
    outer loop
      vertex 15 111.161 20.8071
      vertex 0 111.043 20.3188
      vertex 15 111.043 20.3188
    endloop
  endfacet
  facet normal 0 0.924017 -0.382352
    outer loop
      vertex 15 104.957 22.2965
      vertex 0 105.149 22.7605
      vertex 15 105.149 22.7605
    endloop
  endfacet
  facet normal 0 0.924017 -0.382352
    outer loop
      vertex 0 105.149 22.7605
      vertex 15 104.957 22.2965
      vertex 0 104.957 22.2965
    endloop
  endfacet
  facet normal 0 0.852942 -0.522006
    outer loop
      vertex 15 105.149 22.7605
      vertex 0 105.411 23.1886
      vertex 15 105.411 23.1886
    endloop
  endfacet
  facet normal 0 0.852942 -0.522006
    outer loop
      vertex 0 105.411 23.1886
      vertex 15 105.149 22.7605
      vertex 0 105.149 22.7605
    endloop
  endfacet
  facet normal 0 -0.852942 0.522006
    outer loop
      vertex 0 110.589 19.4268
      vertex 15 110.851 19.8549
      vertex 0 110.851 19.8549
    endloop
  endfacet
  facet normal 0 -0.852942 0.522006
    outer loop
      vertex 15 110.851 19.8549
      vertex 0 110.589 19.4268
      vertex 15 110.589 19.4268
    endloop
  endfacet
  facet normal 0 -0.996979 -0.0776712
    outer loop
      vertex 0 111.2 21.3077
      vertex 15 111.161 21.8083
      vertex 0 111.161 21.8083
    endloop
  endfacet
  facet normal 0 -0.996979 -0.0776712
    outer loop
      vertex 15 111.161 21.8083
      vertex 0 111.2 21.3077
      vertex 15 111.2 21.3077
    endloop
  endfacet
  facet normal -1 0 0
    outer loop
      vertex 15 111.161 20.8071
      vertex 15 111.161 21.8083
      vertex 15 111.2 21.3077
    endloop
  endfacet
  facet normal -1 0 0
    outer loop
      vertex 15 111.043 20.3188
      vertex 15 111.161 21.8083
      vertex 15 111.161 20.8071
    endloop
  endfacet
  facet normal -1 0 0
    outer loop
      vertex 15 111.043 20.3188
      vertex 15 111.043 22.2965
      vertex 15 111.161 21.8083
    endloop
  endfacet
  facet normal -1 0 0
    outer loop
      vertex 15 110.851 19.8549
      vertex 15 111.043 22.2965
      vertex 15 111.043 20.3188
    endloop
  endfacet
  facet normal -1 0 0
    outer loop
      vertex 15 110.851 19.8549
      vertex 15 110.851 22.7605
      vertex 15 111.043 22.2965
    endloop
  endfacet
  facet normal -1 0 0
    outer loop
      vertex 15 110.589 19.4268
      vertex 15 110.851 22.7605
      vertex 15 110.851 19.8549
    endloop
  endfacet
  facet normal -1 0 0
    outer loop
      vertex 15 110.589 19.4268
      vertex 15 110.589 23.1886
      vertex 15 110.851 22.7605
    endloop
  endfacet
  facet normal -1 0 0
    outer loop
      vertex 15 110.263 19.045
      vertex 15 110.589 23.1886
      vertex 15 110.589 19.4268
    endloop
  endfacet
  facet normal -1 0 0
    outer loop
      vertex 15 110.263 19.045
      vertex 15 110.263 23.5704
      vertex 15 110.589 23.1886
    endloop
  endfacet
  facet normal -1 0 0
    outer loop
      vertex 15 109.881 18.7188
      vertex 15 110.263 23.5704
      vertex 15 110.263 19.045
    endloop
  endfacet
  facet normal -1 0 0
    outer loop
      vertex 15 109.453 18.4565
      vertex 15 110.263 23.5704
      vertex 15 109.881 18.7188
    endloop
  endfacet
  facet normal -1 0 0
    outer loop
      vertex 15 108.989 18.2643
      vertex 15 110.263 23.5704
      vertex 15 109.453 18.4565
    endloop
  endfacet
  facet normal -1 0 0
    outer loop
      vertex 15 108.501 18.1471
      vertex 15 110.263 23.5704
      vertex 15 108.989 18.2643
    endloop
  endfacet
  facet normal -1 0 0
    outer loop
      vertex 15 108 18.1077
      vertex 15 110.263 23.5704
      vertex 15 108.501 18.1471
    endloop
  endfacet
  facet normal -1 0 0
    outer loop
      vertex 15 105.737 23.5704
      vertex 15 110.263 23.5704
      vertex 15 108 18.1077
    endloop
  endfacet
  facet normal -1 0 0
    outer loop
      vertex 15 105.737 23.5704
      vertex 15 108 18.1077
      vertex 15 107.499 18.1471
    endloop
  endfacet
  facet normal -1 0 0
    outer loop
      vertex 15 105.737 23.5704
      vertex 15 107.499 18.1471
      vertex 15 107.011 18.2643
    endloop
  endfacet
  facet normal -1 0 0
    outer loop
      vertex 15 105.737 23.5704
      vertex 15 107.011 18.2643
      vertex 15 106.547 18.4565
    endloop
  endfacet
  facet normal -1 0 0
    outer loop
      vertex 15 105.737 23.5704
      vertex 15 106.547 18.4565
      vertex 15 106.119 18.7188
    endloop
  endfacet
  facet normal -1 0 0
    outer loop
      vertex 15 105.737 23.5704
      vertex 15 106.119 18.7188
      vertex 15 105.737 19.045
    endloop
  endfacet
  facet normal -1 0 0
    outer loop
      vertex 15 110.263 23.5704
      vertex 15 105.737 23.5704
      vertex 15 108 25.8332
    endloop
  endfacet
  facet normal -1 0 0
    outer loop
      vertex 15 105.411 19.4268
      vertex 15 105.737 23.5704
      vertex 15 105.737 19.045
    endloop
  endfacet
  facet normal -1 0 0
    outer loop
      vertex 15 105.411 19.4268
      vertex 15 105.411 23.1886
      vertex 15 105.737 23.5704
    endloop
  endfacet
  facet normal -1 0 0
    outer loop
      vertex 15 105.149 19.8549
      vertex 15 105.411 23.1886
      vertex 15 105.411 19.4268
    endloop
  endfacet
  facet normal -1 0 0
    outer loop
      vertex 15 105.149 19.8549
      vertex 15 105.149 22.7605
      vertex 15 105.411 23.1886
    endloop
  endfacet
  facet normal -1 0 0
    outer loop
      vertex 15 104.957 20.3188
      vertex 15 105.149 22.7605
      vertex 15 105.149 19.8549
    endloop
  endfacet
  facet normal -1 0 0
    outer loop
      vertex 15 104.957 20.3188
      vertex 15 104.957 22.2965
      vertex 15 105.149 22.7605
    endloop
  endfacet
  facet normal -1 0 0
    outer loop
      vertex 15 104.839 20.8071
      vertex 15 104.957 22.2965
      vertex 15 104.957 20.3188
    endloop
  endfacet
  facet normal -1 0 0
    outer loop
      vertex 15 104.839 20.8071
      vertex 15 104.839 21.8083
      vertex 15 104.957 22.2965
    endloop
  endfacet
  facet normal -1 0 -0
    outer loop
      vertex 15 104.839 21.8083
      vertex 15 104.839 20.8071
      vertex 15 104.8 21.3077
    endloop
  endfacet
  facet normal 0 -0.64938 0.760464
    outer loop
      vertex 0 110.263 19.045
      vertex 15 109.881 18.7188
      vertex 15 110.263 19.045
    endloop
  endfacet
  facet normal 0 -0.64938 0.760464
    outer loop
      vertex 15 109.881 18.7188
      vertex 0 110.263 19.045
      vertex 0 109.881 18.7188
    endloop
  endfacet
  facet normal 0 -0.522529 0.852621
    outer loop
      vertex 0 109.881 18.7188
      vertex 15 109.453 18.4565
      vertex 15 109.881 18.7188
    endloop
  endfacet
  facet normal 0 -0.522529 0.852621
    outer loop
      vertex 15 109.453 18.4565
      vertex 0 109.881 18.7188
      vertex 0 109.453 18.4565
    endloop
  endfacet
endsolid OpenSCAD_Model
